case_id,split,image_path,mask_path,height,width,fg_ratio,orig_height,orig_width,orig_channels,intensity_min,intensity_max,mask_unique_values,is_empty,is_too_small,is_too_large,is_abnormal
ISIC_0010023,train,F:\PythonProjects\cv_study_project\data\ISIC2018_Task1-2_Training_Input\ISIC2018_Task1-2_Training_Input\ISIC_0010023.jpg,F:\PythonProjects\cv_study_project\data\ISIC2018_Task1_Training_GroundTruth\ISIC2018_Task1_Training_GroundTruth\ISIC_0010023_segmentation.png,256,256,0.289139,768,1024,3,14.0,221.0,"[0, 255]",False,False,False,False
ISIC_0010585,train,F:\PythonProjects\cv_study_project\data\ISIC2018_Task1-2_Training_Input\ISIC2018_Task1-2_Training_Input\ISIC_0010585.jpg,F:\PythonProjects\cv_study_project\data\ISIC2018_Task1_Training_GroundTruth\ISIC2018_Task1_Training_GroundTruth\ISIC_0010585_segmentation.png,256,256,0.024475,768,1024,3,0.0,216.0,"[0, 255]",False,False,False,False
ISIC_0010474,train,F:\PythonProjects\cv_study_project\data\ISIC2018_Task1-2_Training_Input\ISIC2018_Task1-2_Training_Input\ISIC_0010474.jpg,F:\PythonProjects\cv_study_project\data\ISIC2018_Task1_Training_GroundTruth\ISIC2018_Task1_Training_GroundTruth\ISIC_0010474_segmentation.png,256,256,0.065811,768,1024,3,0.0,255.0,"[0, 255]",False,False,False,False
ISIC_0010863,train,F:\PythonProjects\cv_study_project\data\ISIC2018_Task1-2_Training_Input\ISIC2018_Task1-2_Training_Input\ISIC_0010863.jpg,F:\PythonProjects\cv_study_project\data\ISIC2018_Task1_Training_GroundTruth\ISIC2018_Task1_Training_GroundTruth\ISIC_0010863_segmentation.png,256,256,0.567886,768,1024,3,32.0,232.0,"[0, 255]",False,False,False,False
ISIC_0012372,train,F:\PythonProjects\cv_study_project\data\ISIC2018_Task1-2_Training_Input\ISIC2018_Task1-2_Training_Input\ISIC_0012372.jpg,F:\PythonProjects\cv_study_project\data\ISIC2018_Task1_Training_GroundTruth\ISIC2018_Task1_Training_GroundTruth\ISIC_0012372_segmentation.png,256,256,0.051636,2000,3008,3,11.0,255.0,"[0, 255]",False,False,False,False
ISIC_0010480,train,F:\PythonProjects\cv_study_project\data\ISIC2018_Task1-2_Training_Input\ISIC2018_Task1-2_Training_Input\ISIC_0010480.jpg,F:\PythonProjects\cv_study_project\data\ISIC2018_Task1_Training_GroundTruth\ISIC2018_Task1_Training_GroundTruth\ISIC_0010480_segmentation.png,256,256,0.456863,768,1024,3,38.0,255.0,"[0, 255]",False,False,False,False
ISIC_0000036,train,F:\PythonProjects\cv_study_project\data\ISIC2018_Task1-2_Training_Input\ISIC2018_Task1-2_Training_Input\ISIC_0000036.jpg,F:\PythonProjects\cv_study_project\data\ISIC2018_Task1_Training_GroundTruth\ISIC2018_Task1_Training_GroundTruth\ISIC_0000036_segmentation.png,256,256,0.392349,1129,1504,3,0.0,255.0,"[0, 255]",False,False,False,False
ISIC_0000447,train,F:\PythonProjects\cv_study_project\data\ISIC2018_Task1-2_Training_Input\ISIC2018_Task1-2_Training_Input\ISIC_0000447.jpg,F:\PythonProjects\cv_study_project\data\ISIC2018_Task1_Training_GroundTruth\ISIC2018_Task1_Training_GroundTruth\ISIC_0000447_segmentation.png,256,256,0.077667,1956,2012,3,45.0,219.0,"[0, 255]",False,False,False,False
ISIC_0010201,train,F:\PythonProjects\cv_study_project\data\ISIC2018_Task1-2_Training_Input\ISIC2018_Task1-2_Training_Input\ISIC_0010201.jpg,F:\PythonProjects\cv_study_project\data\ISIC2018_Task1_Training_GroundTruth\ISIC2018_Task1_Training_GroundTruth\ISIC_0010201_segmentation.png,256,256,0.510727,768,1024,3,7.0,218.0,"[0, 255]",False,False,False,False
ISIC_0012258,train,F:\PythonProjects\cv_study_project\data\ISIC2018_Task1-2_Training_Input\ISIC2018_Task1-2_Training_Input\ISIC_0012258.jpg,F:\PythonProjects\cv_study_project\data\ISIC2018_Task1_Training_GroundTruth\ISIC2018_Task1_Training_GroundTruth\ISIC_0012258_segmentation.png,256,256,0.053391,2848,4288,3,21.0,234.0,"[0, 255]",False,False,False,False
ISIC_0001184,train,F:\PythonProjects\cv_study_project\data\ISIC2018_Task1-2_Training_Input\ISIC2018_Task1-2_Training_Input\ISIC_0001184.jpg,F:\PythonProjects\cv_study_project\data\ISIC2018_Task1_Training_GroundTruth\ISIC2018_Task1_Training_GroundTruth\ISIC_0001184_segmentation.png,256,256,0.048691,2848,4288,3,7.0,254.0,"[0, 255]",False,False,False,False
ISIC_0011366,train,F:\PythonProjects\cv_study_project\data\ISIC2018_Task1-2_Training_Input\ISIC2018_Task1-2_Training_Input\ISIC_0011366.jpg,F:\PythonProjects\cv_study_project\data\ISIC2018_Task1_Training_GroundTruth\ISIC2018_Task1_Training_GroundTruth\ISIC_0011366_segmentation.png,256,256,0.404892,768,1024,3,0.0,250.0,"[0, 255]",False,False,False,False
ISIC_0002246,train,F:\PythonProjects\cv_study_project\data\ISIC2018_Task1-2_Training_Input\ISIC2018_Task1-2_Training_Input\ISIC_0002246.jpg,F:\PythonProjects\cv_study_project\data\ISIC2018_Task1_Training_GroundTruth\ISIC2018_Task1_Training_GroundTruth\ISIC_0002246_segmentation.png,256,256,0.070709,2016,3024,3,0.0,255.0,"[0, 255]",False,False,False,False
ISIC_0007141,train,F:\PythonProjects\cv_study_project\data\ISIC2018_Task1-2_Training_Input\ISIC2018_Task1-2_Training_Input\ISIC_0007141.jpg,F:\PythonProjects\cv_study_project\data\ISIC2018_Task1_Training_GroundTruth\ISIC2018_Task1_Training_GroundTruth\ISIC_0007141_segmentation.png,256,256,0.164688,2016,3024,3,0.0,255.0,"[0, 255]",False,False,False,False
ISIC_0002453,train,F:\PythonProjects\cv_study_project\data\ISIC2018_Task1-2_Training_Input\ISIC2018_Task1-2_Training_Input\ISIC_0002453.jpg,F:\PythonProjects\cv_study_project\data\ISIC2018_Task1_Training_GroundTruth\ISIC2018_Task1_Training_GroundTruth\ISIC_0002453_segmentation.png,256,256,0.061752,2016,3024,3,30.0,255.0,"[0, 255]",False,False,False,False
ISIC_0011298,train,F:\PythonProjects\cv_study_project\data\ISIC2018_Task1-2_Training_Input\ISIC2018_Task1-2_Training_Input\ISIC_0011298.jpg,F:\PythonProjects\cv_study_project\data\ISIC2018_Task1_Training_GroundTruth\ISIC2018_Task1_Training_GroundTruth\ISIC_0011298_segmentation.png,256,256,0.075256,768,1024,3,0.0,213.0,"[0, 255]",False,False,False,False
ISIC_0011386,train,F:\PythonProjects\cv_study_project\data\ISIC2018_Task1-2_Training_Input\ISIC2018_Task1-2_Training_Input\ISIC_0011386.jpg,F:\PythonProjects\cv_study_project\data\ISIC2018_Task1_Training_GroundTruth\ISIC2018_Task1_Training_GroundTruth\ISIC_0011386_segmentation.png,256,256,0.092697,768,1024,3,7.0,254.0,"[0, 255]",False,False,False,False
ISIC_0012151,train,F:\PythonProjects\cv_study_project\data\ISIC2018_Task1-2_Training_Input\ISIC2018_Task1-2_Training_Input\ISIC_0012151.jpg,F:\PythonProjects\cv_study_project\data\ISIC2018_Task1_Training_GroundTruth\ISIC2018_Task1_Training_GroundTruth\ISIC_0012151_segmentation.png,256,256,0.259155,2000,3008,3,11.0,254.0,"[0, 255]",False,False,False,False
ISIC_0000138,train,F:\PythonProjects\cv_study_project\data\ISIC2018_Task1-2_Training_Input\ISIC2018_Task1-2_Training_Input\ISIC_0000138.jpg,F:\PythonProjects\cv_study_project\data\ISIC2018_Task1_Training_GroundTruth\ISIC2018_Task1_Training_GroundTruth\ISIC_0000138_segmentation.png,256,256,0.179596,1536,2048,3,16.0,222.0,"[0, 255]",False,False,False,False
ISIC_0000439,train,F:\PythonProjects\cv_study_project\data\ISIC2018_Task1-2_Training_Input\ISIC2018_Task1-2_Training_Input\ISIC_0000439.jpg,F:\PythonProjects\cv_study_project\data\ISIC2018_Task1_Training_GroundTruth\ISIC2018_Task1_Training_GroundTruth\ISIC_0000439_segmentation.png,256,256,0.077103,2304,3072,3,39.0,238.0,"[0, 255]",False,False,False,False
ISIC_0009935,train,F:\PythonProjects\cv_study_project\data\ISIC2018_Task1-2_Training_Input\ISIC2018_Task1-2_Training_Input\ISIC_0009935.jpg,F:\PythonProjects\cv_study_project\data\ISIC2018_Task1_Training_GroundTruth\ISIC2018_Task1_Training_GroundTruth\ISIC_0009935_segmentation.png,256,256,0.141693,768,1024,3,18.0,219.0,"[0, 255]",False,False,False,False
ISIC_0011385,train,F:\PythonProjects\cv_study_project\data\ISIC2018_Task1-2_Training_Input\ISIC2018_Task1-2_Training_Input\ISIC_0011385.jpg,F:\PythonProjects\cv_study_project\data\ISIC2018_Task1_Training_GroundTruth\ISIC2018_Task1_Training_GroundTruth\ISIC_0011385_segmentation.png,256,256,0.242477,768,1024,3,5.0,255.0,"[0, 255]",False,False,False,False
ISIC_0010238,train,F:\PythonProjects\cv_study_project\data\ISIC2018_Task1-2_Training_Input\ISIC2018_Task1-2_Training_Input\ISIC_0010238.jpg,F:\PythonProjects\cv_study_project\data\ISIC2018_Task1_Training_GroundTruth\ISIC2018_Task1_Training_GroundTruth\ISIC_0010238_segmentation.png,256,256,0.353821,768,1024,3,5.0,198.0,"[0, 255]",False,False,False,False
ISIC_0011336,train,F:\PythonProjects\cv_study_project\data\ISIC2018_Task1-2_Training_Input\ISIC2018_Task1-2_Training_Input\ISIC_0011336.jpg,F:\PythonProjects\cv_study_project\data\ISIC2018_Task1_Training_GroundTruth\ISIC2018_Task1_Training_GroundTruth\ISIC_0011336_segmentation.png,256,256,0.32254,768,1024,3,23.0,209.0,"[0, 255]",False,False,False,False
ISIC_0000024,train,F:\PythonProjects\cv_study_project\data\ISIC2018_Task1-2_Training_Input\ISIC2018_Task1-2_Training_Input\ISIC_0000024.jpg,F:\PythonProjects\cv_study_project\data\ISIC2018_Task1_Training_GroundTruth\ISIC2018_Task1_Training_GroundTruth\ISIC_0000024_segmentation.png,256,256,0.332825,1129,1504,3,0.0,203.0,"[0, 255]",False,False,False,False
ISIC_0009969,train,F:\PythonProjects\cv_study_project\data\ISIC2018_Task1-2_Training_Input\ISIC2018_Task1-2_Training_Input\ISIC_0009969.jpg,F:\PythonProjects\cv_study_project\data\ISIC2018_Task1_Training_GroundTruth\ISIC2018_Task1_Training_GroundTruth\ISIC_0009969_segmentation.png,256,256,0.302185,768,1024,3,13.0,237.0,"[0, 255]",False,False,False,False
ISIC_0000109,train,F:\PythonProjects\cv_study_project\data\ISIC2018_Task1-2_Training_Input\ISIC2018_Task1-2_Training_Input\ISIC_0000109.jpg,F:\PythonProjects\cv_study_project\data\ISIC2018_Task1_Training_GroundTruth\ISIC2018_Task1_Training_GroundTruth\ISIC_0000109_segmentation.png,256,256,0.355347,1536,2048,3,5.0,245.0,"[0, 255]",False,False,False,False
ISIC_0000470,train,F:\PythonProjects\cv_study_project\data\ISIC2018_Task1-2_Training_Input\ISIC2018_Task1-2_Training_Input\ISIC_0000470.jpg,F:\PythonProjects\cv_study_project\data\ISIC2018_Task1_Training_GroundTruth\ISIC2018_Task1_Training_GroundTruth\ISIC_0000470_segmentation.png,256,256,0.173996,802,919,3,28.0,215.0,"[0, 255]",False,False,False,False
ISIC_0011082,train,F:\PythonProjects\cv_study_project\data\ISIC2018_Task1-2_Training_Input\ISIC2018_Task1-2_Training_Input\ISIC_0011082.jpg,F:\PythonProjects\cv_study_project\data\ISIC2018_Task1_Training_GroundTruth\ISIC2018_Task1_Training_GroundTruth\ISIC_0011082_segmentation.png,256,256,0.019684,768,1024,3,2.0,255.0,"[0, 255]",False,False,False,False
ISIC_0000146,train,F:\PythonProjects\cv_study_project\data\ISIC2018_Task1-2_Training_Input\ISIC2018_Task1-2_Training_Input\ISIC_0000146.jpg,F:\PythonProjects\cv_study_project\data\ISIC2018_Task1_Training_GroundTruth\ISIC2018_Task1_Training_GroundTruth\ISIC_0000146_segmentation.png,256,256,0.370438,1536,2048,3,0.0,255.0,"[0, 255]",False,False,False,False
ISIC_0012303,train,F:\PythonProjects\cv_study_project\data\ISIC2018_Task1-2_Training_Input\ISIC2018_Task1-2_Training_Input\ISIC_0012303.jpg,F:\PythonProjects\cv_study_project\data\ISIC2018_Task1_Training_GroundTruth\ISIC2018_Task1_Training_GroundTruth\ISIC_0012303_segmentation.png,256,256,0.02887,2000,3008,3,11.0,222.0,"[0, 255]",False,False,False,False
ISIC_0009966,train,F:\PythonProjects\cv_study_project\data\ISIC2018_Task1-2_Training_Input\ISIC2018_Task1-2_Training_Input\ISIC_0009966.jpg,F:\PythonProjects\cv_study_project\data\ISIC2018_Task1_Training_GroundTruth\ISIC2018_Task1_Training_GroundTruth\ISIC_0009966_segmentation.png,256,256,0.202454,768,1024,3,0.0,220.0,"[0, 255]",False,False,False,False
ISIC_0010028,train,F:\PythonProjects\cv_study_project\data\ISIC2018_Task1-2_Training_Input\ISIC2018_Task1-2_Training_Input\ISIC_0010028.jpg,F:\PythonProjects\cv_study_project\data\ISIC2018_Task1_Training_GroundTruth\ISIC2018_Task1_Training_GroundTruth\ISIC_0010028_segmentation.png,256,256,0.191772,768,1024,3,27.0,236.0,"[0, 255]",False,False,False,False
ISIC_0010379,train,F:\PythonProjects\cv_study_project\data\ISIC2018_Task1-2_Training_Input\ISIC2018_Task1-2_Training_Input\ISIC_0010379.jpg,F:\PythonProjects\cv_study_project\data\ISIC2018_Task1_Training_GroundTruth\ISIC2018_Task1_Training_GroundTruth\ISIC_0010379_segmentation.png,256,256,0.222763,768,1024,3,0.0,229.0,"[0, 255]",False,False,False,False
ISIC_0000412,train,F:\PythonProjects\cv_study_project\data\ISIC2018_Task1-2_Training_Input\ISIC2018_Task1-2_Training_Input\ISIC_0000412.jpg,F:\PythonProjects\cv_study_project\data\ISIC2018_Task1_Training_GroundTruth\ISIC2018_Task1_Training_GroundTruth\ISIC_0000412_segmentation.png,256,256,0.384247,2185,2597,3,29.0,242.0,"[0, 255]",False,False,False,False
ISIC_0000061,train,F:\PythonProjects\cv_study_project\data\ISIC2018_Task1-2_Training_Input\ISIC2018_Task1-2_Training_Input\ISIC_0000061.jpg,F:\PythonProjects\cv_study_project\data\ISIC2018_Task1_Training_GroundTruth\ISIC2018_Task1_Training_GroundTruth\ISIC_0000061_segmentation.png,256,256,0.319672,1129,1504,3,0.0,222.0,"[0, 255]",False,False,False,False
ISIC_0009946,train,F:\PythonProjects\cv_study_project\data\ISIC2018_Task1-2_Training_Input\ISIC2018_Task1-2_Training_Input\ISIC_0009946.jpg,F:\PythonProjects\cv_study_project\data\ISIC2018_Task1_Training_GroundTruth\ISIC2018_Task1_Training_GroundTruth\ISIC_0009946_segmentation.png,256,256,0.275726,768,1024,3,1.0,243.0,"[0, 255]",False,False,False,False
ISIC_0011305,train,F:\PythonProjects\cv_study_project\data\ISIC2018_Task1-2_Training_Input\ISIC2018_Task1-2_Training_Input\ISIC_0011305.jpg,F:\PythonProjects\cv_study_project\data\ISIC2018_Task1_Training_GroundTruth\ISIC2018_Task1_Training_GroundTruth\ISIC_0011305_segmentation.png,256,256,0.13089,768,1024,3,22.0,255.0,"[0, 255]",False,False,False,False
ISIC_0002107,train,F:\PythonProjects\cv_study_project\data\ISIC2018_Task1-2_Training_Input\ISIC2018_Task1-2_Training_Input\ISIC_0002107.jpg,F:\PythonProjects\cv_study_project\data\ISIC2018_Task1_Training_GroundTruth\ISIC2018_Task1_Training_GroundTruth\ISIC_0002107_segmentation.png,256,256,0.134338,2016,3024,3,0.0,255.0,"[0, 255]",False,False,False,False
ISIC_0009899,train,F:\PythonProjects\cv_study_project\data\ISIC2018_Task1-2_Training_Input\ISIC2018_Task1-2_Training_Input\ISIC_0009899.jpg,F:\PythonProjects\cv_study_project\data\ISIC2018_Task1_Training_GroundTruth\ISIC2018_Task1_Training_GroundTruth\ISIC_0009899_segmentation.png,256,256,0.334885,768,1024,3,18.0,224.0,"[0, 255]",False,False,False,False
ISIC_0000119,train,F:\PythonProjects\cv_study_project\data\ISIC2018_Task1-2_Training_Input\ISIC2018_Task1-2_Training_Input\ISIC_0000119.jpg,F:\PythonProjects\cv_study_project\data\ISIC2018_Task1_Training_GroundTruth\ISIC2018_Task1_Training_GroundTruth\ISIC_0000119_segmentation.png,256,256,0.169983,1536,2048,3,1.0,208.0,"[0, 255]",False,False,False,False
ISIC_0000496,train,F:\PythonProjects\cv_study_project\data\ISIC2018_Task1-2_Training_Input\ISIC2018_Task1-2_Training_Input\ISIC_0000496.jpg,F:\PythonProjects\cv_study_project\data\ISIC2018_Task1_Training_GroundTruth\ISIC2018_Task1_Training_GroundTruth\ISIC_0000496_segmentation.png,256,256,0.247894,717,1019,3,5.0,196.0,"[0, 255]",False,False,False,False
ISIC_0012481,train,F:\PythonProjects\cv_study_project\data\ISIC2018_Task1-2_Training_Input\ISIC2018_Task1-2_Training_Input\ISIC_0012481.jpg,F:\PythonProjects\cv_study_project\data\ISIC2018_Task1_Training_GroundTruth\ISIC2018_Task1_Training_GroundTruth\ISIC_0012481_segmentation.png,256,256,0.007706,2848,4288,3,23.0,205.0,"[0, 255]",False,False,False,False
ISIC_0000234,train,F:\PythonProjects\cv_study_project\data\ISIC2018_Task1-2_Training_Input\ISIC2018_Task1-2_Training_Input\ISIC_0000234.jpg,F:\PythonProjects\cv_study_project\data\ISIC2018_Task1_Training_GroundTruth\ISIC2018_Task1_Training_GroundTruth\ISIC_0000234_segmentation.png,256,256,0.427277,676,962,3,0.0,255.0,"[0, 255]",False,False,False,False
ISIC_0010382,train,F:\PythonProjects\cv_study_project\data\ISIC2018_Task1-2_Training_Input\ISIC2018_Task1-2_Training_Input\ISIC_0010382.jpg,F:\PythonProjects\cv_study_project\data\ISIC2018_Task1_Training_GroundTruth\ISIC2018_Task1_Training_GroundTruth\ISIC_0010382_segmentation.png,256,256,0.844498,768,1024,3,26.0,255.0,"[0, 255]",False,False,False,False
ISIC_0012191,train,F:\PythonProjects\cv_study_project\data\ISIC2018_Task1-2_Training_Input\ISIC2018_Task1-2_Training_Input\ISIC_0012191.jpg,F:\PythonProjects\cv_study_project\data\ISIC2018_Task1_Training_GroundTruth\ISIC2018_Task1_Training_GroundTruth\ISIC_0012191_segmentation.png,256,256,0.036804,2000,3008,3,0.0,255.0,"[0, 255]",False,False,False,False
ISIC_0000148,train,F:\PythonProjects\cv_study_project\data\ISIC2018_Task1-2_Training_Input\ISIC2018_Task1-2_Training_Input\ISIC_0000148.jpg,F:\PythonProjects\cv_study_project\data\ISIC2018_Task1_Training_GroundTruth\ISIC2018_Task1_Training_GroundTruth\ISIC_0000148_segmentation.png,256,256,0.147583,2112,2816,3,11.0,255.0,"[0, 255]",False,False,False,False
ISIC_0010851,train,F:\PythonProjects\cv_study_project\data\ISIC2018_Task1-2_Training_Input\ISIC2018_Task1-2_Training_Input\ISIC_0010851.jpg,F:\PythonProjects\cv_study_project\data\ISIC2018_Task1_Training_GroundTruth\ISIC2018_Task1_Training_GroundTruth\ISIC_0010851_segmentation.png,256,256,0.161743,768,1024,3,7.0,255.0,"[0, 255]",False,False,False,False
ISIC_0009925,train,F:\PythonProjects\cv_study_project\data\ISIC2018_Task1-2_Training_Input\ISIC2018_Task1-2_Training_Input\ISIC_0009925.jpg,F:\PythonProjects\cv_study_project\data\ISIC2018_Task1_Training_GroundTruth\ISIC2018_Task1_Training_GroundTruth\ISIC_0009925_segmentation.png,256,256,0.315353,768,1024,3,9.0,231.0,"[0, 255]",False,False,False,False
ISIC_0012378,train,F:\PythonProjects\cv_study_project\data\ISIC2018_Task1-2_Training_Input\ISIC2018_Task1-2_Training_Input\ISIC_0012378.jpg,F:\PythonProjects\cv_study_project\data\ISIC2018_Task1_Training_GroundTruth\ISIC2018_Task1_Training_GroundTruth\ISIC_0012378_segmentation.png,256,256,0.019714,2000,3008,3,48.0,250.0,"[0, 255]",False,False,False,False
ISIC_0012086,train,F:\PythonProjects\cv_study_project\data\ISIC2018_Task1-2_Training_Input\ISIC2018_Task1-2_Training_Input\ISIC_0012086.jpg,F:\PythonProjects\cv_study_project\data\ISIC2018_Task1_Training_GroundTruth\ISIC2018_Task1_Training_GroundTruth\ISIC_0012086_segmentation.png,256,256,0.472351,2848,4288,3,7.0,252.0,"[0, 255]",False,False,False,False
ISIC_0000200,train,F:\PythonProjects\cv_study_project\data\ISIC2018_Task1-2_Training_Input\ISIC2018_Task1-2_Training_Input\ISIC_0000200.jpg,F:\PythonProjects\cv_study_project\data\ISIC2018_Task1_Training_GroundTruth\ISIC2018_Task1_Training_GroundTruth\ISIC_0000200_segmentation.png,256,256,0.260681,670,962,3,0.0,255.0,"[0, 255]",False,False,False,False
ISIC_0010062,train,F:\PythonProjects\cv_study_project\data\ISIC2018_Task1-2_Training_Input\ISIC2018_Task1-2_Training_Input\ISIC_0010062.jpg,F:\PythonProjects\cv_study_project\data\ISIC2018_Task1_Training_GroundTruth\ISIC2018_Task1_Training_GroundTruth\ISIC_0010062_segmentation.png,256,256,0.74527,768,1024,3,17.0,214.0,"[0, 255]",False,False,False,False
ISIC_0000524,train,F:\PythonProjects\cv_study_project\data\ISIC2018_Task1-2_Training_Input\ISIC2018_Task1-2_Training_Input\ISIC_0000524.jpg,F:\PythonProjects\cv_study_project\data\ISIC2018_Task1_Training_GroundTruth\ISIC2018_Task1_Training_GroundTruth\ISIC_0000524_segmentation.png,256,256,0.312408,802,919,3,21.0,228.0,"[0, 255]",False,False,False,False
ISIC_0000423,train,F:\PythonProjects\cv_study_project\data\ISIC2018_Task1-2_Training_Input\ISIC2018_Task1-2_Training_Input\ISIC_0000423.jpg,F:\PythonProjects\cv_study_project\data\ISIC2018_Task1_Training_GroundTruth\ISIC2018_Task1_Training_GroundTruth\ISIC_0000423_segmentation.png,256,256,0.322113,2304,3072,3,26.0,230.0,"[0, 255]",False,False,False,False
ISIC_0000407,train,F:\PythonProjects\cv_study_project\data\ISIC2018_Task1-2_Training_Input\ISIC2018_Task1-2_Training_Input\ISIC_0000407.jpg,F:\PythonProjects\cv_study_project\data\ISIC2018_Task1_Training_GroundTruth\ISIC2018_Task1_Training_GroundTruth\ISIC_0000407_segmentation.png,256,256,0.318359,2304,3072,3,15.0,186.0,"[0, 255]",False,False,False,False
ISIC_0009919,train,F:\PythonProjects\cv_study_project\data\ISIC2018_Task1-2_Training_Input\ISIC2018_Task1-2_Training_Input\ISIC_0009919.jpg,F:\PythonProjects\cv_study_project\data\ISIC2018_Task1_Training_GroundTruth\ISIC2018_Task1_Training_GroundTruth\ISIC_0009919_segmentation.png,256,256,0.334991,768,1024,3,1.0,251.0,"[0, 255]",False,False,False,False
ISIC_0000038,train,F:\PythonProjects\cv_study_project\data\ISIC2018_Task1-2_Training_Input\ISIC2018_Task1-2_Training_Input\ISIC_0000038.jpg,F:\PythonProjects\cv_study_project\data\ISIC2018_Task1_Training_GroundTruth\ISIC2018_Task1_Training_GroundTruth\ISIC_0000038_segmentation.png,256,256,0.522827,1129,1504,3,0.0,255.0,"[0, 255]",False,False,False,False
ISIC_0000554,train,F:\PythonProjects\cv_study_project\data\ISIC2018_Task1-2_Training_Input\ISIC2018_Task1-2_Training_Input\ISIC_0000554.jpg,F:\PythonProjects\cv_study_project\data\ISIC2018_Task1_Training_GroundTruth\ISIC2018_Task1_Training_GroundTruth\ISIC_0000554_segmentation.png,256,256,0.339996,719,824,3,55.0,255.0,"[0, 255]",False,False,False,False
ISIC_0009993,train,F:\PythonProjects\cv_study_project\data\ISIC2018_Task1-2_Training_Input\ISIC2018_Task1-2_Training_Input\ISIC_0009993.jpg,F:\PythonProjects\cv_study_project\data\ISIC2018_Task1_Training_GroundTruth\ISIC2018_Task1_Training_GroundTruth\ISIC_0009993_segmentation.png,256,256,0.283096,768,1024,3,27.0,255.0,"[0, 255]",False,False,False,False
ISIC_0010025,train,F:\PythonProjects\cv_study_project\data\ISIC2018_Task1-2_Training_Input\ISIC2018_Task1-2_Training_Input\ISIC_0010025.jpg,F:\PythonProjects\cv_study_project\data\ISIC2018_Task1_Training_GroundTruth\ISIC2018_Task1_Training_GroundTruth\ISIC_0010025_segmentation.png,256,256,0.163681,768,1024,3,0.0,238.0,"[0, 255]",False,False,False,False
ISIC_0000448,train,F:\PythonProjects\cv_study_project\data\ISIC2018_Task1-2_Training_Input\ISIC2018_Task1-2_Training_Input\ISIC_0000448.jpg,F:\PythonProjects\cv_study_project\data\ISIC2018_Task1_Training_GroundTruth\ISIC2018_Task1_Training_GroundTruth\ISIC_0000448_segmentation.png,256,256,0.19429,2304,3072,3,30.0,248.0,"[0, 255]",False,False,False,False
ISIC_0000205,train,F:\PythonProjects\cv_study_project\data\ISIC2018_Task1-2_Training_Input\ISIC2018_Task1-2_Training_Input\ISIC_0000205.jpg,F:\PythonProjects\cv_study_project\data\ISIC2018_Task1_Training_GroundTruth\ISIC2018_Task1_Training_GroundTruth\ISIC_0000205_segmentation.png,256,256,0.682907,1026,1502,3,0.0,255.0,"[0, 255]",False,False,False,False
ISIC_0009895,train,F:\PythonProjects\cv_study_project\data\ISIC2018_Task1-2_Training_Input\ISIC2018_Task1-2_Training_Input\ISIC_0009895.jpg,F:\PythonProjects\cv_study_project\data\ISIC2018_Task1_Training_GroundTruth\ISIC2018_Task1_Training_GroundTruth\ISIC_0009895_segmentation.png,256,256,0.222504,768,1024,3,32.0,246.0,"[0, 255]",False,False,False,False
ISIC_0000053,train,F:\PythonProjects\cv_study_project\data\ISIC2018_Task1-2_Training_Input\ISIC2018_Task1-2_Training_Input\ISIC_0000053.jpg,F:\PythonProjects\cv_study_project\data\ISIC2018_Task1_Training_GroundTruth\ISIC2018_Task1_Training_GroundTruth\ISIC_0000053_segmentation.png,256,256,0.553482,1129,1504,3,0.0,225.0,"[0, 255]",False,False,False,False
ISIC_0000169,train,F:\PythonProjects\cv_study_project\data\ISIC2018_Task1-2_Training_Input\ISIC2018_Task1-2_Training_Input\ISIC_0000169.jpg,F:\PythonProjects\cv_study_project\data\ISIC2018_Task1_Training_GroundTruth\ISIC2018_Task1_Training_GroundTruth\ISIC_0000169_segmentation.png,256,256,0.281647,542,722,3,0.0,255.0,"[0, 255]",False,False,False,False
ISIC_0000539,train,F:\PythonProjects\cv_study_project\data\ISIC2018_Task1-2_Training_Input\ISIC2018_Task1-2_Training_Input\ISIC_0000539.jpg,F:\PythonProjects\cv_study_project\data\ISIC2018_Task1_Training_GroundTruth\ISIC2018_Task1_Training_GroundTruth\ISIC_0000539_segmentation.png,256,256,0.554321,719,824,3,0.0,255.0,"[0, 255]",False,False,False,False
ISIC_0000244,train,F:\PythonProjects\cv_study_project\data\ISIC2018_Task1-2_Training_Input\ISIC2018_Task1-2_Training_Input\ISIC_0000244.jpg,F:\PythonProjects\cv_study_project\data\ISIC2018_Task1_Training_GroundTruth\ISIC2018_Task1_Training_GroundTruth\ISIC_0000244_segmentation.png,256,256,0.287872,768,1024,3,12.0,221.0,"[0, 255]",False,False,False,False
ISIC_0012453,train,F:\PythonProjects\cv_study_project\data\ISIC2018_Task1-2_Training_Input\ISIC2018_Task1-2_Training_Input\ISIC_0012453.jpg,F:\PythonProjects\cv_study_project\data\ISIC2018_Task1_Training_GroundTruth\ISIC2018_Task1_Training_GroundTruth\ISIC_0012453_segmentation.png,256,256,0.036804,2848,4288,3,23.0,214.0,"[0, 255]",False,False,False,False
ISIC_0012445,train,F:\PythonProjects\cv_study_project\data\ISIC2018_Task1-2_Training_Input\ISIC2018_Task1-2_Training_Input\ISIC_0012445.jpg,F:\PythonProjects\cv_study_project\data\ISIC2018_Task1_Training_GroundTruth\ISIC2018_Task1_Training_GroundTruth\ISIC_0012445_segmentation.png,256,256,0.038666,2848,4288,3,17.0,254.0,"[0, 255]",False,False,False,False
ISIC_0000477,train,F:\PythonProjects\cv_study_project\data\ISIC2018_Task1-2_Training_Input\ISIC2018_Task1-2_Training_Input\ISIC_0000477.jpg,F:\PythonProjects\cv_study_project\data\ISIC2018_Task1_Training_GroundTruth\ISIC2018_Task1_Training_GroundTruth\ISIC_0000477_segmentation.png,256,256,0.371323,802,919,3,23.0,249.0,"[0, 255]",False,False,False,False
ISIC_0012329,train,F:\PythonProjects\cv_study_project\data\ISIC2018_Task1-2_Training_Input\ISIC2018_Task1-2_Training_Input\ISIC_0012329.jpg,F:\PythonProjects\cv_study_project\data\ISIC2018_Task1_Training_GroundTruth\ISIC2018_Task1_Training_GroundTruth\ISIC_0012329_segmentation.png,256,256,0.111572,2000,3008,3,4.0,248.0,"[0, 255]",False,False,False,False
ISIC_0010473,train,F:\PythonProjects\cv_study_project\data\ISIC2018_Task1-2_Training_Input\ISIC2018_Task1-2_Training_Input\ISIC_0010473.jpg,F:\PythonProjects\cv_study_project\data\ISIC2018_Task1_Training_GroundTruth\ISIC2018_Task1_Training_GroundTruth\ISIC_0010473_segmentation.png,256,256,0.405701,768,1024,3,18.0,254.0,"[0, 255]",False,False,False,False
ISIC_0000274,train,F:\PythonProjects\cv_study_project\data\ISIC2018_Task1-2_Training_Input\ISIC2018_Task1-2_Training_Input\ISIC_0000274.jpg,F:\PythonProjects\cv_study_project\data\ISIC2018_Task1_Training_GroundTruth\ISIC2018_Task1_Training_GroundTruth\ISIC_0000274_segmentation.png,256,256,0.306915,768,1024,3,0.0,244.0,"[0, 255]",False,False,False,False
ISIC_0000208,train,F:\PythonProjects\cv_study_project\data\ISIC2018_Task1-2_Training_Input\ISIC2018_Task1-2_Training_Input\ISIC_0000208.jpg,F:\PythonProjects\cv_study_project\data\ISIC2018_Task1_Training_GroundTruth\ISIC2018_Task1_Training_GroundTruth\ISIC_0000208_segmentation.png,256,256,0.723282,1051,1502,3,0.0,255.0,"[0, 255]",False,False,False,False
ISIC_0010239,train,F:\PythonProjects\cv_study_project\data\ISIC2018_Task1-2_Training_Input\ISIC2018_Task1-2_Training_Input\ISIC_0010239.jpg,F:\PythonProjects\cv_study_project\data\ISIC2018_Task1_Training_GroundTruth\ISIC2018_Task1_Training_GroundTruth\ISIC_0010239_segmentation.png,256,256,0.739151,768,1024,3,78.0,255.0,"[0, 255]",False,False,False,False
ISIC_0009902,train,F:\PythonProjects\cv_study_project\data\ISIC2018_Task1-2_Training_Input\ISIC2018_Task1-2_Training_Input\ISIC_0009902.jpg,F:\PythonProjects\cv_study_project\data\ISIC2018_Task1_Training_GroundTruth\ISIC2018_Task1_Training_GroundTruth\ISIC_0009902_segmentation.png,256,256,0.316666,768,1024,3,45.0,224.0,"[0, 255]",False,False,False,False
ISIC_0010334,train,F:\PythonProjects\cv_study_project\data\ISIC2018_Task1-2_Training_Input\ISIC2018_Task1-2_Training_Input\ISIC_0010334.jpg,F:\PythonProjects\cv_study_project\data\ISIC2018_Task1_Training_GroundTruth\ISIC2018_Task1_Training_GroundTruth\ISIC_0010334_segmentation.png,256,256,0.540436,768,1024,3,17.0,234.0,"[0, 255]",False,False,False,False
ISIC_0010461,train,F:\PythonProjects\cv_study_project\data\ISIC2018_Task1-2_Training_Input\ISIC2018_Task1-2_Training_Input\ISIC_0010461.jpg,F:\PythonProjects\cv_study_project\data\ISIC2018_Task1_Training_GroundTruth\ISIC2018_Task1_Training_GroundTruth\ISIC_0010461_segmentation.png,256,256,0.11937,768,1024,3,28.0,239.0,"[0, 255]",False,False,False,False
ISIC_0012741,train,F:\PythonProjects\cv_study_project\data\ISIC2018_Task1-2_Training_Input\ISIC2018_Task1-2_Training_Input\ISIC_0012741.jpg,F:\PythonProjects\cv_study_project\data\ISIC2018_Task1_Training_GroundTruth\ISIC2018_Task1_Training_GroundTruth\ISIC_0012741_segmentation.png,256,256,0.031952,2000,3008,3,17.0,234.0,"[0, 255]",False,False,False,False
ISIC_0000493,train,F:\PythonProjects\cv_study_project\data\ISIC2018_Task1-2_Training_Input\ISIC2018_Task1-2_Training_Input\ISIC_0000493.jpg,F:\PythonProjects\cv_study_project\data\ISIC2018_Task1_Training_GroundTruth\ISIC2018_Task1_Training_GroundTruth\ISIC_0000493_segmentation.png,256,256,0.454468,802,919,3,4.0,181.0,"[0, 255]",False,False,False,False
ISIC_0000316,train,F:\PythonProjects\cv_study_project\data\ISIC2018_Task1-2_Training_Input\ISIC2018_Task1-2_Training_Input\ISIC_0000316.jpg,F:\PythonProjects\cv_study_project\data\ISIC2018_Task1_Training_GroundTruth\ISIC2018_Task1_Training_GroundTruth\ISIC_0000316_segmentation.png,256,256,0.400391,576,767,3,0.0,255.0,"[0, 255]",False,False,False,False
ISIC_0004346,train,F:\PythonProjects\cv_study_project\data\ISIC2018_Task1-2_Training_Input\ISIC2018_Task1-2_Training_Input\ISIC_0004346.jpg,F:\PythonProjects\cv_study_project\data\ISIC2018_Task1_Training_GroundTruth\ISIC2018_Task1_Training_GroundTruth\ISIC_0004346_segmentation.png,256,256,0.039795,2848,4288,3,1.0,230.0,"[0, 255]",False,False,False,False
ISIC_0000536,train,F:\PythonProjects\cv_study_project\data\ISIC2018_Task1-2_Training_Input\ISIC2018_Task1-2_Training_Input\ISIC_0000536.jpg,F:\PythonProjects\cv_study_project\data\ISIC2018_Task1_Training_GroundTruth\ISIC2018_Task1_Training_GroundTruth\ISIC_0000536_segmentation.png,256,256,0.063171,682,796,3,7.0,251.0,"[0, 255]",False,False,False,False
ISIC_0000004,train,F:\PythonProjects\cv_study_project\data\ISIC2018_Task1-2_Training_Input\ISIC2018_Task1-2_Training_Input\ISIC_0000004.jpg,F:\PythonProjects\cv_study_project\data\ISIC2018_Task1_Training_GroundTruth\ISIC2018_Task1_Training_GroundTruth\ISIC_0000004_segmentation.png,256,256,0.344803,767,1022,3,0.0,255.0,"[0, 255]",False,False,False,False
ISIC_0012395,train,F:\PythonProjects\cv_study_project\data\ISIC2018_Task1-2_Training_Input\ISIC2018_Task1-2_Training_Input\ISIC_0012395.jpg,F:\PythonProjects\cv_study_project\data\ISIC2018_Task1_Training_GroundTruth\ISIC2018_Task1_Training_GroundTruth\ISIC_0012395_segmentation.png,256,256,0.10173,2000,3008,3,11.0,255.0,"[0, 255]",False,False,False,False
ISIC_0011329,train,F:\PythonProjects\cv_study_project\data\ISIC2018_Task1-2_Training_Input\ISIC2018_Task1-2_Training_Input\ISIC_0011329.jpg,F:\PythonProjects\cv_study_project\data\ISIC2018_Task1_Training_GroundTruth\ISIC2018_Task1_Training_GroundTruth\ISIC_0011329_segmentation.png,256,256,0.884354,768,1024,3,0.0,238.0,"[0, 255]",False,False,True,True
ISIC_0000103,train,F:\PythonProjects\cv_study_project\data\ISIC2018_Task1-2_Training_Input\ISIC2018_Task1-2_Training_Input\ISIC_0000103.jpg,F:\PythonProjects\cv_study_project\data\ISIC2018_Task1_Training_GroundTruth\ISIC2018_Task1_Training_GroundTruth\ISIC_0000103_segmentation.png,256,256,0.393936,1536,2048,3,0.0,255.0,"[0, 255]",False,False,False,False
ISIC_0000507,train,F:\PythonProjects\cv_study_project\data\ISIC2018_Task1-2_Training_Input\ISIC2018_Task1-2_Training_Input\ISIC_0000507.jpg,F:\PythonProjects\cv_study_project\data\ISIC2018_Task1_Training_GroundTruth\ISIC2018_Task1_Training_GroundTruth\ISIC_0000507_segmentation.png,256,256,0.254608,717,1019,3,13.0,184.0,"[0, 255]",False,False,False,False
ISIC_0010265,train,F:\PythonProjects\cv_study_project\data\ISIC2018_Task1-2_Training_Input\ISIC2018_Task1-2_Training_Input\ISIC_0010265.jpg,F:\PythonProjects\cv_study_project\data\ISIC2018_Task1_Training_GroundTruth\ISIC2018_Task1_Training_GroundTruth\ISIC_0010265_segmentation.png,256,256,0.143173,768,1024,3,0.0,216.0,"[0, 255]",False,False,False,False
ISIC_0000900,train,F:\PythonProjects\cv_study_project\data\ISIC2018_Task1-2_Training_Input\ISIC2018_Task1-2_Training_Input\ISIC_0000900.jpg,F:\PythonProjects\cv_study_project\data\ISIC2018_Task1_Training_GroundTruth\ISIC2018_Task1_Training_GroundTruth\ISIC_0000900_segmentation.png,256,256,0.068405,2016,3024,3,0.0,255.0,"[0, 255]",False,False,False,False
ISIC_0007156,train,F:\PythonProjects\cv_study_project\data\ISIC2018_Task1-2_Training_Input\ISIC2018_Task1-2_Training_Input\ISIC_0007156.jpg,F:\PythonProjects\cv_study_project\data\ISIC2018_Task1_Training_GroundTruth\ISIC2018_Task1_Training_GroundTruth\ISIC_0007156_segmentation.png,256,256,0.063156,2016,3024,3,0.0,255.0,"[0, 255]",False,False,False,False
ISIC_0000365,train,F:\PythonProjects\cv_study_project\data\ISIC2018_Task1-2_Training_Input\ISIC2018_Task1-2_Training_Input\ISIC_0000365.jpg,F:\PythonProjects\cv_study_project\data\ISIC2018_Task1_Training_GroundTruth\ISIC2018_Task1_Training_GroundTruth\ISIC_0000365_segmentation.png,256,256,0.143616,576,767,3,0.0,255.0,"[0, 255]",False,False,False,False
ISIC_0000110,train,F:\PythonProjects\cv_study_project\data\ISIC2018_Task1-2_Training_Input\ISIC2018_Task1-2_Training_Input\ISIC_0000110.jpg,F:\PythonProjects\cv_study_project\data\ISIC2018_Task1_Training_GroundTruth\ISIC2018_Task1_Training_GroundTruth\ISIC_0000110_segmentation.png,256,256,0.105667,1536,2048,3,1.0,230.0,"[0, 255]",False,False,False,False
ISIC_0000139,train,F:\PythonProjects\cv_study_project\data\ISIC2018_Task1-2_Training_Input\ISIC2018_Task1-2_Training_Input\ISIC_0000139.jpg,F:\PythonProjects\cv_study_project\data\ISIC2018_Task1_Training_GroundTruth\ISIC2018_Task1_Training_GroundTruth\ISIC_0000139_segmentation.png,256,256,0.267853,2112,2816,3,26.0,255.0,"[0, 255]",False,False,False,False
ISIC_0012369,train,F:\PythonProjects\cv_study_project\data\ISIC2018_Task1-2_Training_Input\ISIC2018_Task1-2_Training_Input\ISIC_0012369.jpg,F:\PythonProjects\cv_study_project\data\ISIC2018_Task1_Training_GroundTruth\ISIC2018_Task1_Training_GroundTruth\ISIC_0012369_segmentation.png,256,256,0.137146,2848,4288,3,40.0,201.0,"[0, 255]",False,False,False,False
ISIC_0009988,train,F:\PythonProjects\cv_study_project\data\ISIC2018_Task1-2_Training_Input\ISIC2018_Task1-2_Training_Input\ISIC_0009988.jpg,F:\PythonProjects\cv_study_project\data\ISIC2018_Task1_Training_GroundTruth\ISIC2018_Task1_Training_GroundTruth\ISIC_0009988_segmentation.png,256,256,0.952774,768,1024,3,6.0,225.0,"[0, 255]",False,False,True,True
ISIC_0012116,train,F:\PythonProjects\cv_study_project\data\ISIC2018_Task1-2_Training_Input\ISIC2018_Task1-2_Training_Input\ISIC_0012116.jpg,F:\PythonProjects\cv_study_project\data\ISIC2018_Task1_Training_GroundTruth\ISIC2018_Task1_Training_GroundTruth\ISIC_0012116_segmentation.png,256,256,0.044296,2000,3008,3,14.0,255.0,"[0, 255]",False,False,False,False
ISIC_0000018,train,F:\PythonProjects\cv_study_project\data\ISIC2018_Task1-2_Training_Input\ISIC2018_Task1-2_Training_Input\ISIC_0000018.jpg,F:\PythonProjects\cv_study_project\data\ISIC2018_Task1_Training_GroundTruth\ISIC2018_Task1_Training_GroundTruth\ISIC_0000018_segmentation.png,256,256,0.235519,1129,1504,3,0.0,196.0,"[0, 255]",False,False,False,False
ISIC_0000073,train,F:\PythonProjects\cv_study_project\data\ISIC2018_Task1-2_Training_Input\ISIC2018_Task1-2_Training_Input\ISIC_0000073.jpg,F:\PythonProjects\cv_study_project\data\ISIC2018_Task1_Training_GroundTruth\ISIC2018_Task1_Training_GroundTruth\ISIC_0000073_segmentation.png,256,256,0.343475,767,1022,3,27.0,255.0,"[0, 255]",False,False,False,False
ISIC_0000147,train,F:\PythonProjects\cv_study_project\data\ISIC2018_Task1-2_Training_Input\ISIC2018_Task1-2_Training_Input\ISIC_0000147.jpg,F:\PythonProjects\cv_study_project\data\ISIC2018_Task1_Training_GroundTruth\ISIC2018_Task1_Training_GroundTruth\ISIC_0000147_segmentation.png,256,256,0.488953,1536,2048,3,1.0,255.0,"[0, 255]",False,False,False,False
ISIC_0011165,train,F:\PythonProjects\cv_study_project\data\ISIC2018_Task1-2_Training_Input\ISIC2018_Task1-2_Training_Input\ISIC_0011165.jpg,F:\PythonProjects\cv_study_project\data\ISIC2018_Task1_Training_GroundTruth\ISIC2018_Task1_Training_GroundTruth\ISIC_0011165_segmentation.png,256,256,0.319092,768,1024,3,3.0,255.0,"[0, 255]",False,False,False,False
ISIC_0010178,train,F:\PythonProjects\cv_study_project\data\ISIC2018_Task1-2_Training_Input\ISIC2018_Task1-2_Training_Input\ISIC_0010178.jpg,F:\PythonProjects\cv_study_project\data\ISIC2018_Task1_Training_GroundTruth\ISIC2018_Task1_Training_GroundTruth\ISIC_0010178_segmentation.png,256,256,0.118759,768,1024,3,25.0,230.0,"[0, 255]",False,False,False,False
ISIC_0010077,train,F:\PythonProjects\cv_study_project\data\ISIC2018_Task1-2_Training_Input\ISIC2018_Task1-2_Training_Input\ISIC_0010077.jpg,F:\PythonProjects\cv_study_project\data\ISIC2018_Task1_Training_GroundTruth\ISIC2018_Task1_Training_GroundTruth\ISIC_0010077_segmentation.png,256,256,0.128372,768,1024,3,15.0,211.0,"[0, 255]",False,False,False,False
ISIC_0000246,train,F:\PythonProjects\cv_study_project\data\ISIC2018_Task1-2_Training_Input\ISIC2018_Task1-2_Training_Input\ISIC_0000246.jpg,F:\PythonProjects\cv_study_project\data\ISIC2018_Task1_Training_GroundTruth\ISIC2018_Task1_Training_GroundTruth\ISIC_0000246_segmentation.png,256,256,0.490265,768,1024,3,38.0,211.0,"[0, 255]",False,False,False,False
ISIC_0000228,train,F:\PythonProjects\cv_study_project\data\ISIC2018_Task1-2_Training_Input\ISIC2018_Task1-2_Training_Input\ISIC_0000228.jpg,F:\PythonProjects\cv_study_project\data\ISIC2018_Task1_Training_GroundTruth\ISIC2018_Task1_Training_GroundTruth\ISIC_0000228_segmentation.png,256,256,0.388504,639,959,3,0.0,255.0,"[0, 255]",False,False,False,False
ISIC_0010374,train,F:\PythonProjects\cv_study_project\data\ISIC2018_Task1-2_Training_Input\ISIC2018_Task1-2_Training_Input\ISIC_0010374.jpg,F:\PythonProjects\cv_study_project\data\ISIC2018_Task1_Training_GroundTruth\ISIC2018_Task1_Training_GroundTruth\ISIC_0010374_segmentation.png,256,256,0.432236,768,1024,3,22.0,255.0,"[0, 255]",False,False,False,False
ISIC_0011348,train,F:\PythonProjects\cv_study_project\data\ISIC2018_Task1-2_Training_Input\ISIC2018_Task1-2_Training_Input\ISIC_0011348.jpg,F:\PythonProjects\cv_study_project\data\ISIC2018_Task1_Training_GroundTruth\ISIC2018_Task1_Training_GroundTruth\ISIC_0011348_segmentation.png,256,256,0.759476,768,1024,3,32.0,209.0,"[0, 255]",False,False,False,False
ISIC_0011353,train,F:\PythonProjects\cv_study_project\data\ISIC2018_Task1-2_Training_Input\ISIC2018_Task1-2_Training_Input\ISIC_0011353.jpg,F:\PythonProjects\cv_study_project\data\ISIC2018_Task1_Training_GroundTruth\ISIC2018_Task1_Training_GroundTruth\ISIC_0011353_segmentation.png,256,256,0.061722,768,1024,3,29.0,226.0,"[0, 255]",False,False,False,False
ISIC_0000191,train,F:\PythonProjects\cv_study_project\data\ISIC2018_Task1-2_Training_Input\ISIC2018_Task1-2_Training_Input\ISIC_0000191.jpg,F:\PythonProjects\cv_study_project\data\ISIC2018_Task1_Training_GroundTruth\ISIC2018_Task1_Training_GroundTruth\ISIC_0000191_segmentation.png,256,256,0.13089,1051,1502,3,0.0,255.0,"[0, 255]",False,False,False,False
ISIC_0000157,train,F:\PythonProjects\cv_study_project\data\ISIC2018_Task1-2_Training_Input\ISIC2018_Task1-2_Training_Input\ISIC_0000157.jpg,F:\PythonProjects\cv_study_project\data\ISIC2018_Task1_Training_GroundTruth\ISIC2018_Task1_Training_GroundTruth\ISIC_0000157_segmentation.png,256,256,0.333542,629,963,3,20.0,233.0,"[0, 255]",False,False,False,False
ISIC_0010191,train,F:\PythonProjects\cv_study_project\data\ISIC2018_Task1-2_Training_Input\ISIC2018_Task1-2_Training_Input\ISIC_0010191.jpg,F:\PythonProjects\cv_study_project\data\ISIC2018_Task1_Training_GroundTruth\ISIC2018_Task1_Training_GroundTruth\ISIC_0010191_segmentation.png,256,256,0.384445,768,1024,3,31.0,233.0,"[0, 255]",False,False,False,False
ISIC_0012690,train,F:\PythonProjects\cv_study_project\data\ISIC2018_Task1-2_Training_Input\ISIC2018_Task1-2_Training_Input\ISIC_0012690.jpg,F:\PythonProjects\cv_study_project\data\ISIC2018_Task1_Training_GroundTruth\ISIC2018_Task1_Training_GroundTruth\ISIC_0012690_segmentation.png,256,256,0.065613,2000,3008,3,10.0,209.0,"[0, 255]",False,False,False,False
ISIC_0010321,train,F:\PythonProjects\cv_study_project\data\ISIC2018_Task1-2_Training_Input\ISIC2018_Task1-2_Training_Input\ISIC_0010321.jpg,F:\PythonProjects\cv_study_project\data\ISIC2018_Task1_Training_GroundTruth\ISIC2018_Task1_Training_GroundTruth\ISIC_0010321_segmentation.png,256,256,0.354691,768,1024,3,47.0,222.0,"[0, 255]",False,False,False,False
ISIC_0010848,train,F:\PythonProjects\cv_study_project\data\ISIC2018_Task1-2_Training_Input\ISIC2018_Task1-2_Training_Input\ISIC_0010848.jpg,F:\PythonProjects\cv_study_project\data\ISIC2018_Task1_Training_GroundTruth\ISIC2018_Task1_Training_GroundTruth\ISIC_0010848_segmentation.png,256,256,0.130524,768,1024,3,32.0,206.0,"[0, 255]",False,False,False,False
ISIC_0012518,train,F:\PythonProjects\cv_study_project\data\ISIC2018_Task1-2_Training_Input\ISIC2018_Task1-2_Training_Input\ISIC_0012518.jpg,F:\PythonProjects\cv_study_project\data\ISIC2018_Task1_Training_GroundTruth\ISIC2018_Task1_Training_GroundTruth\ISIC_0012518_segmentation.png,256,256,0.147247,2848,4288,3,17.0,255.0,"[0, 255]",False,False,False,False
ISIC_0010481,train,F:\PythonProjects\cv_study_project\data\ISIC2018_Task1-2_Training_Input\ISIC2018_Task1-2_Training_Input\ISIC_0010481.jpg,F:\PythonProjects\cv_study_project\data\ISIC2018_Task1_Training_GroundTruth\ISIC2018_Task1_Training_GroundTruth\ISIC_0010481_segmentation.png,256,256,0.127777,768,1024,3,10.0,221.0,"[0, 255]",False,False,False,False
ISIC_0012136,train,F:\PythonProjects\cv_study_project\data\ISIC2018_Task1-2_Training_Input\ISIC2018_Task1-2_Training_Input\ISIC_0012136.jpg,F:\PythonProjects\cv_study_project\data\ISIC2018_Task1_Training_GroundTruth\ISIC2018_Task1_Training_GroundTruth\ISIC_0012136_segmentation.png,256,256,0.443695,2000,3008,3,14.0,254.0,"[0, 255]",False,False,False,False
ISIC_0011227,train,F:\PythonProjects\cv_study_project\data\ISIC2018_Task1-2_Training_Input\ISIC2018_Task1-2_Training_Input\ISIC_0011227.jpg,F:\PythonProjects\cv_study_project\data\ISIC2018_Task1_Training_GroundTruth\ISIC2018_Task1_Training_GroundTruth\ISIC_0011227_segmentation.png,256,256,0.350876,768,1024,3,1.0,220.0,"[0, 255]",False,False,False,False
ISIC_0009201,train,F:\PythonProjects\cv_study_project\data\ISIC2018_Task1-2_Training_Input\ISIC2018_Task1-2_Training_Input\ISIC_0009201.jpg,F:\PythonProjects\cv_study_project\data\ISIC2018_Task1_Training_GroundTruth\ISIC2018_Task1_Training_GroundTruth\ISIC_0009201_segmentation.png,256,256,0.13707,2848,4288,3,0.0,255.0,"[0, 255]",False,False,False,False
ISIC_0003657,train,F:\PythonProjects\cv_study_project\data\ISIC2018_Task1-2_Training_Input\ISIC2018_Task1-2_Training_Input\ISIC_0003657.jpg,F:\PythonProjects\cv_study_project\data\ISIC2018_Task1_Training_GroundTruth\ISIC2018_Task1_Training_GroundTruth\ISIC_0003657_segmentation.png,256,256,0.055984,2016,3024,3,1.0,201.0,"[0, 255]",False,False,False,False
ISIC_0000443,train,F:\PythonProjects\cv_study_project\data\ISIC2018_Task1-2_Training_Input\ISIC2018_Task1-2_Training_Input\ISIC_0000443.jpg,F:\PythonProjects\cv_study_project\data\ISIC2018_Task1_Training_GroundTruth\ISIC2018_Task1_Training_GroundTruth\ISIC_0000443_segmentation.png,256,256,0.103897,2304,3072,3,31.0,243.0,"[0, 255]",False,False,False,False
ISIC_0012324,train,F:\PythonProjects\cv_study_project\data\ISIC2018_Task1-2_Training_Input\ISIC2018_Task1-2_Training_Input\ISIC_0012324.jpg,F:\PythonProjects\cv_study_project\data\ISIC2018_Task1_Training_GroundTruth\ISIC2018_Task1_Training_GroundTruth\ISIC_0012324_segmentation.png,256,256,0.055145,2000,3008,3,3.0,238.0,"[0, 255]",False,False,False,False
ISIC_0009945,train,F:\PythonProjects\cv_study_project\data\ISIC2018_Task1-2_Training_Input\ISIC2018_Task1-2_Training_Input\ISIC_0009945.jpg,F:\PythonProjects\cv_study_project\data\ISIC2018_Task1_Training_GroundTruth\ISIC2018_Task1_Training_GroundTruth\ISIC_0009945_segmentation.png,256,256,0.104767,768,1024,3,0.0,250.0,"[0, 255]",False,False,False,False
ISIC_0000235,train,F:\PythonProjects\cv_study_project\data\ISIC2018_Task1-2_Training_Input\ISIC2018_Task1-2_Training_Input\ISIC_0000235.jpg,F:\PythonProjects\cv_study_project\data\ISIC2018_Task1_Training_GroundTruth\ISIC2018_Task1_Training_GroundTruth\ISIC_0000235_segmentation.png,256,256,0.648392,542,724,3,0.0,255.0,"[0, 255]",False,False,False,False
ISIC_0011363,train,F:\PythonProjects\cv_study_project\data\ISIC2018_Task1-2_Training_Input\ISIC2018_Task1-2_Training_Input\ISIC_0011363.jpg,F:\PythonProjects\cv_study_project\data\ISIC2018_Task1_Training_GroundTruth\ISIC2018_Task1_Training_GroundTruth\ISIC_0011363_segmentation.png,256,256,0.592865,768,1024,3,19.0,255.0,"[0, 255]",False,False,False,False
ISIC_0012278,train,F:\PythonProjects\cv_study_project\data\ISIC2018_Task1-2_Training_Input\ISIC2018_Task1-2_Training_Input\ISIC_0012278.jpg,F:\PythonProjects\cv_study_project\data\ISIC2018_Task1_Training_GroundTruth\ISIC2018_Task1_Training_GroundTruth\ISIC_0012278_segmentation.png,256,256,0.014267,2000,3008,3,10.0,255.0,"[0, 255]",False,False,False,False
ISIC_0011151,train,F:\PythonProjects\cv_study_project\data\ISIC2018_Task1-2_Training_Input\ISIC2018_Task1-2_Training_Input\ISIC_0011151.jpg,F:\PythonProjects\cv_study_project\data\ISIC2018_Task1_Training_GroundTruth\ISIC2018_Task1_Training_GroundTruth\ISIC_0011151_segmentation.png,256,256,0.832565,768,1024,3,15.0,233.0,"[0, 255]",False,False,False,False
ISIC_0000211,train,F:\PythonProjects\cv_study_project\data\ISIC2018_Task1-2_Training_Input\ISIC2018_Task1-2_Training_Input\ISIC_0000211.jpg,F:\PythonProjects\cv_study_project\data\ISIC2018_Task1_Training_GroundTruth\ISIC2018_Task1_Training_GroundTruth\ISIC_0000211_segmentation.png,256,256,0.141449,674,962,3,0.0,255.0,"[0, 255]",False,False,False,False
ISIC_0012496,train,F:\PythonProjects\cv_study_project\data\ISIC2018_Task1-2_Training_Input\ISIC2018_Task1-2_Training_Input\ISIC_0012496.jpg,F:\PythonProjects\cv_study_project\data\ISIC2018_Task1_Training_GroundTruth\ISIC2018_Task1_Training_GroundTruth\ISIC_0012496_segmentation.png,256,256,0.052567,2848,4288,3,16.0,187.0,"[0, 255]",False,False,False,False
ISIC_0012432,train,F:\PythonProjects\cv_study_project\data\ISIC2018_Task1-2_Training_Input\ISIC2018_Task1-2_Training_Input\ISIC_0012432.jpg,F:\PythonProjects\cv_study_project\data\ISIC2018_Task1_Training_GroundTruth\ISIC2018_Task1_Training_GroundTruth\ISIC_0012432_segmentation.png,256,256,0.174423,2000,3008,3,5.0,236.0,"[0, 255]",False,False,False,False
ISIC_0012109,train,F:\PythonProjects\cv_study_project\data\ISIC2018_Task1-2_Training_Input\ISIC2018_Task1-2_Training_Input\ISIC_0012109.jpg,F:\PythonProjects\cv_study_project\data\ISIC2018_Task1_Training_GroundTruth\ISIC2018_Task1_Training_GroundTruth\ISIC_0012109_segmentation.png,256,256,0.021545,2000,3008,3,10.0,245.0,"[0, 255]",False,False,False,False
ISIC_0010360,train,F:\PythonProjects\cv_study_project\data\ISIC2018_Task1-2_Training_Input\ISIC2018_Task1-2_Training_Input\ISIC_0010360.jpg,F:\PythonProjects\cv_study_project\data\ISIC2018_Task1_Training_GroundTruth\ISIC2018_Task1_Training_GroundTruth\ISIC_0010360_segmentation.png,256,256,0.258301,768,1024,3,32.0,254.0,"[0, 255]",False,False,False,False
ISIC_0011170,train,F:\PythonProjects\cv_study_project\data\ISIC2018_Task1-2_Training_Input\ISIC2018_Task1-2_Training_Input\ISIC_0011170.jpg,F:\PythonProjects\cv_study_project\data\ISIC2018_Task1_Training_GroundTruth\ISIC2018_Task1_Training_GroundTruth\ISIC_0011170_segmentation.png,256,256,0.21489,768,1024,3,20.0,255.0,"[0, 255]",False,False,False,False
ISIC_0011212,train,F:\PythonProjects\cv_study_project\data\ISIC2018_Task1-2_Training_Input\ISIC2018_Task1-2_Training_Input\ISIC_0011212.jpg,F:\PythonProjects\cv_study_project\data\ISIC2018_Task1_Training_GroundTruth\ISIC2018_Task1_Training_GroundTruth\ISIC_0011212_segmentation.png,256,256,0.541626,768,1024,3,30.0,243.0,"[0, 255]",False,False,False,False
ISIC_0000457,train,F:\PythonProjects\cv_study_project\data\ISIC2018_Task1-2_Training_Input\ISIC2018_Task1-2_Training_Input\ISIC_0000457.jpg,F:\PythonProjects\cv_study_project\data\ISIC2018_Task1_Training_GroundTruth\ISIC2018_Task1_Training_GroundTruth\ISIC_0000457_segmentation.png,256,256,0.358261,753,1028,3,22.0,206.0,"[0, 255]",False,False,False,False
ISIC_0002780,train,F:\PythonProjects\cv_study_project\data\ISIC2018_Task1-2_Training_Input\ISIC2018_Task1-2_Training_Input\ISIC_0002780.jpg,F:\PythonProjects\cv_study_project\data\ISIC2018_Task1_Training_GroundTruth\ISIC2018_Task1_Training_GroundTruth\ISIC_0002780_segmentation.png,256,256,0.055618,2848,4288,3,14.0,220.0,"[0, 255]",False,False,False,False
ISIC_0010351,train,F:\PythonProjects\cv_study_project\data\ISIC2018_Task1-2_Training_Input\ISIC2018_Task1-2_Training_Input\ISIC_0010351.jpg,F:\PythonProjects\cv_study_project\data\ISIC2018_Task1_Training_GroundTruth\ISIC2018_Task1_Training_GroundTruth\ISIC_0010351_segmentation.png,256,256,0.076218,768,1024,3,0.0,230.0,"[0, 255]",False,False,False,False
ISIC_0011095,train,F:\PythonProjects\cv_study_project\data\ISIC2018_Task1-2_Training_Input\ISIC2018_Task1-2_Training_Input\ISIC_0011095.jpg,F:\PythonProjects\cv_study_project\data\ISIC2018_Task1_Training_GroundTruth\ISIC2018_Task1_Training_GroundTruth\ISIC_0011095_segmentation.png,256,256,0.222626,768,1024,3,0.0,235.0,"[0, 255]",False,False,False,False
ISIC_0011402,train,F:\PythonProjects\cv_study_project\data\ISIC2018_Task1-2_Training_Input\ISIC2018_Task1-2_Training_Input\ISIC_0011402.jpg,F:\PythonProjects\cv_study_project\data\ISIC2018_Task1_Training_GroundTruth\ISIC2018_Task1_Training_GroundTruth\ISIC_0011402_segmentation.png,256,256,0.714462,768,1024,3,10.0,238.0,"[0, 255]",False,False,False,False
ISIC_0000037,train,F:\PythonProjects\cv_study_project\data\ISIC2018_Task1-2_Training_Input\ISIC2018_Task1-2_Training_Input\ISIC_0000037.jpg,F:\PythonProjects\cv_study_project\data\ISIC2018_Task1_Training_GroundTruth\ISIC2018_Task1_Training_GroundTruth\ISIC_0000037_segmentation.png,256,256,0.429794,1129,1504,3,0.0,255.0,"[0, 255]",False,False,False,False
ISIC_0012548,train,F:\PythonProjects\cv_study_project\data\ISIC2018_Task1-2_Training_Input\ISIC2018_Task1-2_Training_Input\ISIC_0012548.jpg,F:\PythonProjects\cv_study_project\data\ISIC2018_Task1_Training_GroundTruth\ISIC2018_Task1_Training_GroundTruth\ISIC_0012548_segmentation.png,256,256,0.265778,2848,4288,3,34.0,255.0,"[0, 255]",False,False,False,False
ISIC_0000011,train,F:\PythonProjects\cv_study_project\data\ISIC2018_Task1-2_Training_Input\ISIC2018_Task1-2_Training_Input\ISIC_0000011.jpg,F:\PythonProjects\cv_study_project\data\ISIC2018_Task1_Training_GroundTruth\ISIC2018_Task1_Training_GroundTruth\ISIC_0000011_segmentation.png,256,256,0.180038,767,1022,3,0.0,204.0,"[0, 255]",False,False,False,False
ISIC_0000124,train,F:\PythonProjects\cv_study_project\data\ISIC2018_Task1-2_Training_Input\ISIC2018_Task1-2_Training_Input\ISIC_0000124.jpg,F:\PythonProjects\cv_study_project\data\ISIC2018_Task1_Training_GroundTruth\ISIC2018_Task1_Training_GroundTruth\ISIC_0000124_segmentation.png,256,256,0.241226,1536,2048,3,0.0,239.0,"[0, 255]",False,False,False,False
ISIC_0012314,train,F:\PythonProjects\cv_study_project\data\ISIC2018_Task1-2_Training_Input\ISIC2018_Task1-2_Training_Input\ISIC_0012314.jpg,F:\PythonProjects\cv_study_project\data\ISIC2018_Task1_Training_GroundTruth\ISIC2018_Task1_Training_GroundTruth\ISIC_0012314_segmentation.png,256,256,0.320816,2000,3008,3,0.0,243.0,"[0, 255]",False,False,False,False
ISIC_0012282,train,F:\PythonProjects\cv_study_project\data\ISIC2018_Task1-2_Training_Input\ISIC2018_Task1-2_Training_Input\ISIC_0012282.jpg,F:\PythonProjects\cv_study_project\data\ISIC2018_Task1_Training_GroundTruth\ISIC2018_Task1_Training_GroundTruth\ISIC_0012282_segmentation.png,256,256,0.054443,2848,4288,3,35.0,247.0,"[0, 255]",False,False,False,False
ISIC_0010570,train,F:\PythonProjects\cv_study_project\data\ISIC2018_Task1-2_Training_Input\ISIC2018_Task1-2_Training_Input\ISIC_0010570.jpg,F:\PythonProjects\cv_study_project\data\ISIC2018_Task1_Training_GroundTruth\ISIC2018_Task1_Training_GroundTruth\ISIC_0010570_segmentation.png,256,256,0.375839,768,1024,3,15.0,255.0,"[0, 255]",False,False,False,False
ISIC_0011208,train,F:\PythonProjects\cv_study_project\data\ISIC2018_Task1-2_Training_Input\ISIC2018_Task1-2_Training_Input\ISIC_0011208.jpg,F:\PythonProjects\cv_study_project\data\ISIC2018_Task1_Training_GroundTruth\ISIC2018_Task1_Training_GroundTruth\ISIC_0011208_segmentation.png,256,256,0.08638,768,1024,3,0.0,199.0,"[0, 255]",False,False,False,False
ISIC_0011105,train,F:\PythonProjects\cv_study_project\data\ISIC2018_Task1-2_Training_Input\ISIC2018_Task1-2_Training_Input\ISIC_0011105.jpg,F:\PythonProjects\cv_study_project\data\ISIC2018_Task1_Training_GroundTruth\ISIC2018_Task1_Training_GroundTruth\ISIC_0011105_segmentation.png,256,256,0.528091,768,1024,3,45.0,255.0,"[0, 255]",False,False,False,False
ISIC_0000052,train,F:\PythonProjects\cv_study_project\data\ISIC2018_Task1-2_Training_Input\ISIC2018_Task1-2_Training_Input\ISIC_0000052.jpg,F:\PythonProjects\cv_study_project\data\ISIC2018_Task1_Training_GroundTruth\ISIC2018_Task1_Training_GroundTruth\ISIC_0000052_segmentation.png,256,256,0.617813,1129,1504,3,0.0,255.0,"[0, 255]",False,False,False,False
ISIC_0000060,train,F:\PythonProjects\cv_study_project\data\ISIC2018_Task1-2_Training_Input\ISIC2018_Task1-2_Training_Input\ISIC_0000060.jpg,F:\PythonProjects\cv_study_project\data\ISIC2018_Task1_Training_GroundTruth\ISIC2018_Task1_Training_GroundTruth\ISIC_0000060_segmentation.png,256,256,0.50528,1129,1504,3,0.0,212.0,"[0, 255]",False,False,False,False
ISIC_0011129,train,F:\PythonProjects\cv_study_project\data\ISIC2018_Task1-2_Training_Input\ISIC2018_Task1-2_Training_Input\ISIC_0011129.jpg,F:\PythonProjects\cv_study_project\data\ISIC2018_Task1_Training_GroundTruth\ISIC2018_Task1_Training_GroundTruth\ISIC_0011129_segmentation.png,256,256,0.446457,768,1024,3,38.0,227.0,"[0, 255]",False,False,False,False
ISIC_0000263,train,F:\PythonProjects\cv_study_project\data\ISIC2018_Task1-2_Training_Input\ISIC2018_Task1-2_Training_Input\ISIC_0000263.jpg,F:\PythonProjects\cv_study_project\data\ISIC2018_Task1_Training_GroundTruth\ISIC2018_Task1_Training_GroundTruth\ISIC_0000263_segmentation.png,256,256,0.219147,768,1024,3,0.0,244.0,"[0, 255]",False,False,False,False
ISIC_0008236,train,F:\PythonProjects\cv_study_project\data\ISIC2018_Task1-2_Training_Input\ISIC2018_Task1-2_Training_Input\ISIC_0008236.jpg,F:\PythonProjects\cv_study_project\data\ISIC2018_Task1_Training_GroundTruth\ISIC2018_Task1_Training_GroundTruth\ISIC_0008236_segmentation.png,256,256,0.065872,2848,4288,3,3.0,226.0,"[0, 255]",False,False,False,False
ISIC_0010493,train,F:\PythonProjects\cv_study_project\data\ISIC2018_Task1-2_Training_Input\ISIC2018_Task1-2_Training_Input\ISIC_0010493.jpg,F:\PythonProjects\cv_study_project\data\ISIC2018_Task1_Training_GroundTruth\ISIC2018_Task1_Training_GroundTruth\ISIC_0010493_segmentation.png,256,256,0.429489,768,1024,3,13.0,229.0,"[0, 255]",False,False,False,False
ISIC_0010361,train,F:\PythonProjects\cv_study_project\data\ISIC2018_Task1-2_Training_Input\ISIC2018_Task1-2_Training_Input\ISIC_0010361.jpg,F:\PythonProjects\cv_study_project\data\ISIC2018_Task1_Training_GroundTruth\ISIC2018_Task1_Training_GroundTruth\ISIC_0010361_segmentation.png,256,256,0.506058,768,1024,3,10.0,223.0,"[0, 255]",False,False,False,False
ISIC_0010233,train,F:\PythonProjects\cv_study_project\data\ISIC2018_Task1-2_Training_Input\ISIC2018_Task1-2_Training_Input\ISIC_0010233.jpg,F:\PythonProjects\cv_study_project\data\ISIC2018_Task1_Training_GroundTruth\ISIC2018_Task1_Training_GroundTruth\ISIC_0010233_segmentation.png,256,256,0.334717,768,1024,3,0.0,235.0,"[0, 255]",False,False,False,False
ISIC_0006114,train,F:\PythonProjects\cv_study_project\data\ISIC2018_Task1-2_Training_Input\ISIC2018_Task1-2_Training_Input\ISIC_0006114.jpg,F:\PythonProjects\cv_study_project\data\ISIC2018_Task1_Training_GroundTruth\ISIC2018_Task1_Training_GroundTruth\ISIC_0006114_segmentation.png,256,256,0.049088,2016,3024,3,0.0,255.0,"[0, 255]",False,False,False,False
ISIC_0002616,train,F:\PythonProjects\cv_study_project\data\ISIC2018_Task1-2_Training_Input\ISIC2018_Task1-2_Training_Input\ISIC_0002616.jpg,F:\PythonProjects\cv_study_project\data\ISIC2018_Task1_Training_GroundTruth\ISIC2018_Task1_Training_GroundTruth\ISIC_0002616_segmentation.png,256,256,0.032089,2848,4288,3,12.0,255.0,"[0, 255]",False,False,False,False
ISIC_0010368,train,F:\PythonProjects\cv_study_project\data\ISIC2018_Task1-2_Training_Input\ISIC2018_Task1-2_Training_Input\ISIC_0010368.jpg,F:\PythonProjects\cv_study_project\data\ISIC2018_Task1_Training_GroundTruth\ISIC2018_Task1_Training_GroundTruth\ISIC_0010368_segmentation.png,256,256,0.178329,768,1024,3,10.0,214.0,"[0, 255]",False,False,False,False
ISIC_0012210,train,F:\PythonProjects\cv_study_project\data\ISIC2018_Task1-2_Training_Input\ISIC2018_Task1-2_Training_Input\ISIC_0012210.jpg,F:\PythonProjects\cv_study_project\data\ISIC2018_Task1_Training_GroundTruth\ISIC2018_Task1_Training_GroundTruth\ISIC_0012210_segmentation.png,256,256,0.128906,2000,3008,3,14.0,227.0,"[0, 255]",False,False,False,False
ISIC_0010862,train,F:\PythonProjects\cv_study_project\data\ISIC2018_Task1-2_Training_Input\ISIC2018_Task1-2_Training_Input\ISIC_0010862.jpg,F:\PythonProjects\cv_study_project\data\ISIC2018_Task1_Training_GroundTruth\ISIC2018_Task1_Training_GroundTruth\ISIC_0010862_segmentation.png,256,256,0.156509,768,1024,3,16.0,255.0,"[0, 255]",False,False,False,False
ISIC_0000313,train,F:\PythonProjects\cv_study_project\data\ISIC2018_Task1-2_Training_Input\ISIC2018_Task1-2_Training_Input\ISIC_0000313.jpg,F:\PythonProjects\cv_study_project\data\ISIC2018_Task1_Training_GroundTruth\ISIC2018_Task1_Training_GroundTruth\ISIC_0000313_segmentation.png,256,256,0.227386,576,767,3,0.0,255.0,"[0, 255]",False,False,False,False
ISIC_0011131,train,F:\PythonProjects\cv_study_project\data\ISIC2018_Task1-2_Training_Input\ISIC2018_Task1-2_Training_Input\ISIC_0011131.jpg,F:\PythonProjects\cv_study_project\data\ISIC2018_Task1_Training_GroundTruth\ISIC2018_Task1_Training_GroundTruth\ISIC_0011131_segmentation.png,256,256,0.227448,768,1024,3,22.0,255.0,"[0, 255]",False,False,False,False
ISIC_0011164,train,F:\PythonProjects\cv_study_project\data\ISIC2018_Task1-2_Training_Input\ISIC2018_Task1-2_Training_Input\ISIC_0011164.jpg,F:\PythonProjects\cv_study_project\data\ISIC2018_Task1_Training_GroundTruth\ISIC2018_Task1_Training_GroundTruth\ISIC_0011164_segmentation.png,256,256,0.089401,768,1024,3,0.0,220.0,"[0, 255]",False,False,False,False
ISIC_0010262,train,F:\PythonProjects\cv_study_project\data\ISIC2018_Task1-2_Training_Input\ISIC2018_Task1-2_Training_Input\ISIC_0010262.jpg,F:\PythonProjects\cv_study_project\data\ISIC2018_Task1_Training_GroundTruth\ISIC2018_Task1_Training_GroundTruth\ISIC_0010262_segmentation.png,256,256,0.108307,768,1024,3,22.0,255.0,"[0, 255]",False,False,False,False
ISIC_0012508,train,F:\PythonProjects\cv_study_project\data\ISIC2018_Task1-2_Training_Input\ISIC2018_Task1-2_Training_Input\ISIC_0012508.jpg,F:\PythonProjects\cv_study_project\data\ISIC2018_Task1_Training_GroundTruth\ISIC2018_Task1_Training_GroundTruth\ISIC_0012508_segmentation.png,256,256,0.056458,2848,4288,3,2.0,171.0,"[0, 255]",False,False,False,False
ISIC_0000545,train,F:\PythonProjects\cv_study_project\data\ISIC2018_Task1-2_Training_Input\ISIC2018_Task1-2_Training_Input\ISIC_0000545.jpg,F:\PythonProjects\cv_study_project\data\ISIC2018_Task1_Training_GroundTruth\ISIC2018_Task1_Training_GroundTruth\ISIC_0000545_segmentation.png,256,256,0.394577,719,824,3,3.0,216.0,"[0, 255]",False,False,False,False
ISIC_0010046,train,F:\PythonProjects\cv_study_project\data\ISIC2018_Task1-2_Training_Input\ISIC2018_Task1-2_Training_Input\ISIC_0010046.jpg,F:\PythonProjects\cv_study_project\data\ISIC2018_Task1_Training_GroundTruth\ISIC2018_Task1_Training_GroundTruth\ISIC_0010046_segmentation.png,256,256,0.132996,768,1024,3,42.0,215.0,"[0, 255]",False,False,False,False
ISIC_0000427,train,F:\PythonProjects\cv_study_project\data\ISIC2018_Task1-2_Training_Input\ISIC2018_Task1-2_Training_Input\ISIC_0000427.jpg,F:\PythonProjects\cv_study_project\data\ISIC2018_Task1_Training_GroundTruth\ISIC2018_Task1_Training_GroundTruth\ISIC_0000427_segmentation.png,256,256,0.274872,2304,3072,3,15.0,230.0,"[0, 255]",False,False,False,False
ISIC_0005187,train,F:\PythonProjects\cv_study_project\data\ISIC2018_Task1-2_Training_Input\ISIC2018_Task1-2_Training_Input\ISIC_0005187.jpg,F:\PythonProjects\cv_study_project\data\ISIC2018_Task1_Training_GroundTruth\ISIC2018_Task1_Training_GroundTruth\ISIC_0005187_segmentation.png,256,256,0.056625,2016,3024,3,17.0,217.0,"[0, 255]",False,False,False,False
ISIC_0000108,train,F:\PythonProjects\cv_study_project\data\ISIC2018_Task1-2_Training_Input\ISIC2018_Task1-2_Training_Input\ISIC_0000108.jpg,F:\PythonProjects\cv_study_project\data\ISIC2018_Task1_Training_GroundTruth\ISIC2018_Task1_Training_GroundTruth\ISIC_0000108_segmentation.png,256,256,0.186493,1536,2048,3,0.0,219.0,"[0, 255]",False,False,False,False
ISIC_0012250,train,F:\PythonProjects\cv_study_project\data\ISIC2018_Task1-2_Training_Input\ISIC2018_Task1-2_Training_Input\ISIC_0012250.jpg,F:\PythonProjects\cv_study_project\data\ISIC2018_Task1_Training_GroundTruth\ISIC2018_Task1_Training_GroundTruth\ISIC_0012250_segmentation.png,256,256,0.032166,2000,3008,3,6.0,231.0,"[0, 255]",False,False,False,False
ISIC_0010020,train,F:\PythonProjects\cv_study_project\data\ISIC2018_Task1-2_Training_Input\ISIC2018_Task1-2_Training_Input\ISIC_0010020.jpg,F:\PythonProjects\cv_study_project\data\ISIC2018_Task1_Training_GroundTruth\ISIC2018_Task1_Training_GroundTruth\ISIC_0010020_segmentation.png,256,256,0.467621,768,1024,3,15.0,222.0,"[0, 255]",False,False,False,False
ISIC_0002469,train,F:\PythonProjects\cv_study_project\data\ISIC2018_Task1-2_Training_Input\ISIC2018_Task1-2_Training_Input\ISIC_0002469.jpg,F:\PythonProjects\cv_study_project\data\ISIC2018_Task1_Training_GroundTruth\ISIC2018_Task1_Training_GroundTruth\ISIC_0002469_segmentation.png,256,256,0.08876,2016,3024,3,0.0,244.0,"[0, 255]",False,False,False,False
ISIC_0010603,train,F:\PythonProjects\cv_study_project\data\ISIC2018_Task1-2_Training_Input\ISIC2018_Task1-2_Training_Input\ISIC_0010603.jpg,F:\PythonProjects\cv_study_project\data\ISIC2018_Task1_Training_GroundTruth\ISIC2018_Task1_Training_GroundTruth\ISIC_0010603_segmentation.png,256,256,0.722443,768,1024,3,62.0,255.0,"[0, 255]",False,False,False,False
ISIC_0010000,train,F:\PythonProjects\cv_study_project\data\ISIC2018_Task1-2_Training_Input\ISIC2018_Task1-2_Training_Input\ISIC_0010000.jpg,F:\PythonProjects\cv_study_project\data\ISIC2018_Task1_Training_GroundTruth\ISIC2018_Task1_Training_GroundTruth\ISIC_0010000_segmentation.png,256,256,0.539001,768,1024,3,28.0,231.0,"[0, 255]",False,False,False,False
ISIC_0008913,train,F:\PythonProjects\cv_study_project\data\ISIC2018_Task1-2_Training_Input\ISIC2018_Task1-2_Training_Input\ISIC_0008913.jpg,F:\PythonProjects\cv_study_project\data\ISIC2018_Task1_Training_GroundTruth\ISIC2018_Task1_Training_GroundTruth\ISIC_0008913_segmentation.png,256,256,0.166183,2848,4288,3,6.0,230.0,"[0, 255]",False,False,False,False
ISIC_0000471,train,F:\PythonProjects\cv_study_project\data\ISIC2018_Task1-2_Training_Input\ISIC2018_Task1-2_Training_Input\ISIC_0000471.jpg,F:\PythonProjects\cv_study_project\data\ISIC2018_Task1_Training_GroundTruth\ISIC2018_Task1_Training_GroundTruth\ISIC_0000471_segmentation.png,256,256,0.146469,802,919,3,9.0,207.0,"[0, 255]",False,False,False,False
ISIC_0010222,train,F:\PythonProjects\cv_study_project\data\ISIC2018_Task1-2_Training_Input\ISIC2018_Task1-2_Training_Input\ISIC_0010222.jpg,F:\PythonProjects\cv_study_project\data\ISIC2018_Task1_Training_GroundTruth\ISIC2018_Task1_Training_GroundTruth\ISIC_0010222_segmentation.png,256,256,0.842697,768,1024,3,11.0,254.0,"[0, 255]",False,False,False,False
ISIC_0001188,train,F:\PythonProjects\cv_study_project\data\ISIC2018_Task1-2_Training_Input\ISIC2018_Task1-2_Training_Input\ISIC_0001188.jpg,F:\PythonProjects\cv_study_project\data\ISIC2018_Task1_Training_GroundTruth\ISIC2018_Task1_Training_GroundTruth\ISIC_0001188_segmentation.png,256,256,0.03775,2848,4288,3,7.0,254.0,"[0, 255]",False,False,False,False
ISIC_0000346,train,F:\PythonProjects\cv_study_project\data\ISIC2018_Task1-2_Training_Input\ISIC2018_Task1-2_Training_Input\ISIC_0000346.jpg,F:\PythonProjects\cv_study_project\data\ISIC2018_Task1_Training_GroundTruth\ISIC2018_Task1_Training_GroundTruth\ISIC_0000346_segmentation.png,256,256,0.233734,576,767,3,0.0,255.0,"[0, 255]",False,False,False,False
ISIC_0008626,train,F:\PythonProjects\cv_study_project\data\ISIC2018_Task1-2_Training_Input\ISIC2018_Task1-2_Training_Input\ISIC_0008626.jpg,F:\PythonProjects\cv_study_project\data\ISIC2018_Task1_Training_GroundTruth\ISIC2018_Task1_Training_GroundTruth\ISIC_0008626_segmentation.png,256,256,0.100281,2848,4288,3,0.0,253.0,"[0, 255]",False,False,False,False
ISIC_0000044,train,F:\PythonProjects\cv_study_project\data\ISIC2018_Task1-2_Training_Input\ISIC2018_Task1-2_Training_Input\ISIC_0000044.jpg,F:\PythonProjects\cv_study_project\data\ISIC2018_Task1_Training_GroundTruth\ISIC2018_Task1_Training_GroundTruth\ISIC_0000044_segmentation.png,256,256,0.509872,1129,1504,3,0.0,255.0,"[0, 255]",False,False,False,False
ISIC_0010367,train,F:\PythonProjects\cv_study_project\data\ISIC2018_Task1-2_Training_Input\ISIC2018_Task1-2_Training_Input\ISIC_0010367.jpg,F:\PythonProjects\cv_study_project\data\ISIC2018_Task1_Training_GroundTruth\ISIC2018_Task1_Training_GroundTruth\ISIC_0010367_segmentation.png,256,256,0.115829,768,1024,3,51.0,255.0,"[0, 255]",False,False,False,False
ISIC_0009533,train,F:\PythonProjects\cv_study_project\data\ISIC2018_Task1-2_Training_Input\ISIC2018_Task1-2_Training_Input\ISIC_0009533.jpg,F:\PythonProjects\cv_study_project\data\ISIC2018_Task1_Training_GroundTruth\ISIC2018_Task1_Training_GroundTruth\ISIC_0009533_segmentation.png,256,256,0.061295,2848,4288,3,13.0,254.0,"[0, 255]",False,False,False,False
ISIC_0000264,train,F:\PythonProjects\cv_study_project\data\ISIC2018_Task1-2_Training_Input\ISIC2018_Task1-2_Training_Input\ISIC_0000264.jpg,F:\PythonProjects\cv_study_project\data\ISIC2018_Task1_Training_GroundTruth\ISIC2018_Task1_Training_GroundTruth\ISIC_0000264_segmentation.png,256,256,0.481796,768,1024,3,0.0,255.0,"[0, 255]",False,False,False,False
ISIC_0010182,train,F:\PythonProjects\cv_study_project\data\ISIC2018_Task1-2_Training_Input\ISIC2018_Task1-2_Training_Input\ISIC_0010182.jpg,F:\PythonProjects\cv_study_project\data\ISIC2018_Task1_Training_GroundTruth\ISIC2018_Task1_Training_GroundTruth\ISIC_0010182_segmentation.png,256,256,0.042419,768,1024,3,12.0,221.0,"[0, 255]",False,False,False,False
ISIC_0000003,train,F:\PythonProjects\cv_study_project\data\ISIC2018_Task1-2_Training_Input\ISIC2018_Task1-2_Training_Input\ISIC_0000003.jpg,F:\PythonProjects\cv_study_project\data\ISIC2018_Task1_Training_GroundTruth\ISIC2018_Task1_Training_GroundTruth\ISIC_0000003_segmentation.png,256,256,0.336258,767,1022,3,19.0,239.0,"[0, 255]",False,False,False,False
ISIC_0010081,train,F:\PythonProjects\cv_study_project\data\ISIC2018_Task1-2_Training_Input\ISIC2018_Task1-2_Training_Input\ISIC_0010081.jpg,F:\PythonProjects\cv_study_project\data\ISIC2018_Task1_Training_GroundTruth\ISIC2018_Task1_Training_GroundTruth\ISIC_0010081_segmentation.png,256,256,0.121338,768,1024,3,0.0,200.0,"[0, 255]",False,False,False,False
ISIC_0000213,train,F:\PythonProjects\cv_study_project\data\ISIC2018_Task1-2_Training_Input\ISIC2018_Task1-2_Training_Input\ISIC_0000213.jpg,F:\PythonProjects\cv_study_project\data\ISIC2018_Task1_Training_GroundTruth\ISIC2018_Task1_Training_GroundTruth\ISIC_0000213_segmentation.png,256,256,0.382996,542,718,3,0.0,255.0,"[0, 255]",False,False,False,False
ISIC_0000552,train,F:\PythonProjects\cv_study_project\data\ISIC2018_Task1-2_Training_Input\ISIC2018_Task1-2_Training_Input\ISIC_0000552.jpg,F:\PythonProjects\cv_study_project\data\ISIC2018_Task1_Training_GroundTruth\ISIC2018_Task1_Training_GroundTruth\ISIC_0000552_segmentation.png,256,256,0.5522,566,679,3,0.0,255.0,"[0, 255]",False,False,False,False
ISIC_0012516,train,F:\PythonProjects\cv_study_project\data\ISIC2018_Task1-2_Training_Input\ISIC2018_Task1-2_Training_Input\ISIC_0012516.jpg,F:\PythonProjects\cv_study_project\data\ISIC2018_Task1_Training_GroundTruth\ISIC2018_Task1_Training_GroundTruth\ISIC_0012516_segmentation.png,256,256,0.118561,2848,4288,3,12.0,247.0,"[0, 255]",False,False,False,False
ISIC_0010602,train,F:\PythonProjects\cv_study_project\data\ISIC2018_Task1-2_Training_Input\ISIC2018_Task1-2_Training_Input\ISIC_0010602.jpg,F:\PythonProjects\cv_study_project\data\ISIC2018_Task1_Training_GroundTruth\ISIC2018_Task1_Training_GroundTruth\ISIC_0010602_segmentation.png,256,256,0.54808,768,1024,3,2.0,209.0,"[0, 255]",False,False,False,False
ISIC_0012257,train,F:\PythonProjects\cv_study_project\data\ISIC2018_Task1-2_Training_Input\ISIC2018_Task1-2_Training_Input\ISIC_0012257.jpg,F:\PythonProjects\cv_study_project\data\ISIC2018_Task1_Training_GroundTruth\ISIC2018_Task1_Training_GroundTruth\ISIC_0012257_segmentation.png,256,256,0.037567,2848,4288,3,50.0,205.0,"[0, 255]",False,False,False,False
ISIC_0012298,train,F:\PythonProjects\cv_study_project\data\ISIC2018_Task1-2_Training_Input\ISIC2018_Task1-2_Training_Input\ISIC_0012298.jpg,F:\PythonProjects\cv_study_project\data\ISIC2018_Task1_Training_GroundTruth\ISIC2018_Task1_Training_GroundTruth\ISIC_0012298_segmentation.png,256,256,0.085114,2848,4288,3,40.0,254.0,"[0, 255]",False,False,False,False
ISIC_0011102,train,F:\PythonProjects\cv_study_project\data\ISIC2018_Task1-2_Training_Input\ISIC2018_Task1-2_Training_Input\ISIC_0011102.jpg,F:\PythonProjects\cv_study_project\data\ISIC2018_Task1_Training_GroundTruth\ISIC2018_Task1_Training_GroundTruth\ISIC_0011102_segmentation.png,256,256,0.31871,768,1024,3,17.0,242.0,"[0, 255]",False,False,False,False
ISIC_0004985,train,F:\PythonProjects\cv_study_project\data\ISIC2018_Task1-2_Training_Input\ISIC2018_Task1-2_Training_Input\ISIC_0004985.jpg,F:\PythonProjects\cv_study_project\data\ISIC2018_Task1_Training_GroundTruth\ISIC2018_Task1_Training_GroundTruth\ISIC_0004985_segmentation.png,256,256,0.055679,2848,4288,3,0.0,255.0,"[0, 255]",False,False,False,False
ISIC_0011372,train,F:\PythonProjects\cv_study_project\data\ISIC2018_Task1-2_Training_Input\ISIC2018_Task1-2_Training_Input\ISIC_0011372.jpg,F:\PythonProjects\cv_study_project\data\ISIC2018_Task1_Training_GroundTruth\ISIC2018_Task1_Training_GroundTruth\ISIC_0011372_segmentation.png,256,256,0.041916,768,1024,3,0.0,235.0,"[0, 255]",False,False,False,False
ISIC_0012721,train,F:\PythonProjects\cv_study_project\data\ISIC2018_Task1-2_Training_Input\ISIC2018_Task1-2_Training_Input\ISIC_0012721.jpg,F:\PythonProjects\cv_study_project\data\ISIC2018_Task1_Training_GroundTruth\ISIC2018_Task1_Training_GroundTruth\ISIC_0012721_segmentation.png,256,256,0.120117,2000,3008,3,13.0,222.0,"[0, 255]",False,False,False,False
ISIC_0012656,train,F:\PythonProjects\cv_study_project\data\ISIC2018_Task1-2_Training_Input\ISIC2018_Task1-2_Training_Input\ISIC_0012656.jpg,F:\PythonProjects\cv_study_project\data\ISIC2018_Task1_Training_GroundTruth\ISIC2018_Task1_Training_GroundTruth\ISIC_0012656_segmentation.png,256,256,0.086472,1536,2304,3,0.0,255.0,"[0, 255]",False,False,False,False
ISIC_0011137,train,F:\PythonProjects\cv_study_project\data\ISIC2018_Task1-2_Training_Input\ISIC2018_Task1-2_Training_Input\ISIC_0011137.jpg,F:\PythonProjects\cv_study_project\data\ISIC2018_Task1_Training_GroundTruth\ISIC2018_Task1_Training_GroundTruth\ISIC_0011137_segmentation.png,256,256,0.333649,768,1024,3,9.0,205.0,"[0, 255]",False,False,False,False
ISIC_0010057,train,F:\PythonProjects\cv_study_project\data\ISIC2018_Task1-2_Training_Input\ISIC2018_Task1-2_Training_Input\ISIC_0010057.jpg,F:\PythonProjects\cv_study_project\data\ISIC2018_Task1_Training_GroundTruth\ISIC2018_Task1_Training_GroundTruth\ISIC_0010057_segmentation.png,256,256,0.574753,768,1024,3,43.0,204.0,"[0, 255]",False,False,False,False
ISIC_0010552,train,F:\PythonProjects\cv_study_project\data\ISIC2018_Task1-2_Training_Input\ISIC2018_Task1-2_Training_Input\ISIC_0010552.jpg,F:\PythonProjects\cv_study_project\data\ISIC2018_Task1_Training_GroundTruth\ISIC2018_Task1_Training_GroundTruth\ISIC_0010552_segmentation.png,256,256,0.366287,768,1024,3,0.0,206.0,"[0, 255]",False,False,False,False
ISIC_0000494,train,F:\PythonProjects\cv_study_project\data\ISIC2018_Task1-2_Training_Input\ISIC2018_Task1-2_Training_Input\ISIC_0000494.jpg,F:\PythonProjects\cv_study_project\data\ISIC2018_Task1_Training_GroundTruth\ISIC2018_Task1_Training_GroundTruth\ISIC_0000494_segmentation.png,256,256,0.136795,802,919,3,18.0,240.0,"[0, 255]",False,False,False,False
ISIC_0000048,train,F:\PythonProjects\cv_study_project\data\ISIC2018_Task1-2_Training_Input\ISIC2018_Task1-2_Training_Input\ISIC_0000048.jpg,F:\PythonProjects\cv_study_project\data\ISIC2018_Task1_Training_GroundTruth\ISIC2018_Task1_Training_GroundTruth\ISIC_0000048_segmentation.png,256,256,0.127045,1129,1504,3,0.0,245.0,"[0, 255]",False,False,False,False
ISIC_0012182,train,F:\PythonProjects\cv_study_project\data\ISIC2018_Task1-2_Training_Input\ISIC2018_Task1-2_Training_Input\ISIC_0012182.jpg,F:\PythonProjects\cv_study_project\data\ISIC2018_Task1_Training_GroundTruth\ISIC2018_Task1_Training_GroundTruth\ISIC_0012182_segmentation.png,256,256,0.030792,2000,3008,3,10.0,252.0,"[0, 255]",False,False,False,False
ISIC_0010088,train,F:\PythonProjects\cv_study_project\data\ISIC2018_Task1-2_Training_Input\ISIC2018_Task1-2_Training_Input\ISIC_0010088.jpg,F:\PythonProjects\cv_study_project\data\ISIC2018_Task1_Training_GroundTruth\ISIC2018_Task1_Training_GroundTruth\ISIC_0010088_segmentation.png,256,256,0.068558,768,1024,3,69.0,255.0,"[0, 255]",False,False,False,False
ISIC_0000223,train,F:\PythonProjects\cv_study_project\data\ISIC2018_Task1-2_Training_Input\ISIC2018_Task1-2_Training_Input\ISIC_0000223.jpg,F:\PythonProjects\cv_study_project\data\ISIC2018_Task1_Training_GroundTruth\ISIC2018_Task1_Training_GroundTruth\ISIC_0000223_segmentation.png,256,256,0.536041,634,959,3,9.0,255.0,"[0, 255]",False,False,False,False
ISIC_0009994,train,F:\PythonProjects\cv_study_project\data\ISIC2018_Task1-2_Training_Input\ISIC2018_Task1-2_Training_Input\ISIC_0009994.jpg,F:\PythonProjects\cv_study_project\data\ISIC2018_Task1_Training_GroundTruth\ISIC2018_Task1_Training_GroundTruth\ISIC_0009994_segmentation.png,256,256,0.167252,768,1024,3,3.0,214.0,"[0, 255]",False,False,False,False
ISIC_0010557,train,F:\PythonProjects\cv_study_project\data\ISIC2018_Task1-2_Training_Input\ISIC2018_Task1-2_Training_Input\ISIC_0010557.jpg,F:\PythonProjects\cv_study_project\data\ISIC2018_Task1_Training_GroundTruth\ISIC2018_Task1_Training_GroundTruth\ISIC_0010557_segmentation.png,256,256,0.12355,768,1024,3,29.0,227.0,"[0, 255]",False,False,False,False
ISIC_0002871,train,F:\PythonProjects\cv_study_project\data\ISIC2018_Task1-2_Training_Input\ISIC2018_Task1-2_Training_Input\ISIC_0002871.jpg,F:\PythonProjects\cv_study_project\data\ISIC2018_Task1_Training_GroundTruth\ISIC2018_Task1_Training_GroundTruth\ISIC_0002871_segmentation.png,256,256,0.04007,2848,4288,3,0.0,255.0,"[0, 255]",False,False,False,False
ISIC_0000360,train,F:\PythonProjects\cv_study_project\data\ISIC2018_Task1-2_Training_Input\ISIC2018_Task1-2_Training_Input\ISIC_0000360.jpg,F:\PythonProjects\cv_study_project\data\ISIC2018_Task1_Training_GroundTruth\ISIC2018_Task1_Training_GroundTruth\ISIC_0000360_segmentation.png,256,256,0.08197,576,767,3,0.0,255.0,"[0, 255]",False,False,False,False
ISIC_0000403,train,F:\PythonProjects\cv_study_project\data\ISIC2018_Task1-2_Training_Input\ISIC2018_Task1-2_Training_Input\ISIC_0000403.jpg,F:\PythonProjects\cv_study_project\data\ISIC2018_Task1_Training_GroundTruth\ISIC2018_Task1_Training_GroundTruth\ISIC_0000403_segmentation.png,256,256,0.129059,2304,3072,3,0.0,179.0,"[0, 255]",False,False,False,False
ISIC_0000041,train,F:\PythonProjects\cv_study_project\data\ISIC2018_Task1-2_Training_Input\ISIC2018_Task1-2_Training_Input\ISIC_0000041.jpg,F:\PythonProjects\cv_study_project\data\ISIC2018_Task1_Training_GroundTruth\ISIC2018_Task1_Training_GroundTruth\ISIC_0000041_segmentation.png,256,256,0.069397,1129,1504,3,0.0,249.0,"[0, 255]",False,False,False,False
ISIC_0009889,train,F:\PythonProjects\cv_study_project\data\ISIC2018_Task1-2_Training_Input\ISIC2018_Task1-2_Training_Input\ISIC_0009889.jpg,F:\PythonProjects\cv_study_project\data\ISIC2018_Task1_Training_GroundTruth\ISIC2018_Task1_Training_GroundTruth\ISIC_0009889_segmentation.png,256,256,0.103333,768,1024,3,6.0,215.0,"[0, 255]",False,False,False,False
ISIC_0010333,train,F:\PythonProjects\cv_study_project\data\ISIC2018_Task1-2_Training_Input\ISIC2018_Task1-2_Training_Input\ISIC_0010333.jpg,F:\PythonProjects\cv_study_project\data\ISIC2018_Task1_Training_GroundTruth\ISIC2018_Task1_Training_GroundTruth\ISIC_0010333_segmentation.png,256,256,0.350021,768,1024,3,5.0,226.0,"[0, 255]",False,False,False,False
ISIC_0000100,train,F:\PythonProjects\cv_study_project\data\ISIC2018_Task1-2_Training_Input\ISIC2018_Task1-2_Training_Input\ISIC_0000100.jpg,F:\PythonProjects\cv_study_project\data\ISIC2018_Task1_Training_GroundTruth\ISIC2018_Task1_Training_GroundTruth\ISIC_0000100_segmentation.png,256,256,0.38588,1704,2272,3,0.0,255.0,"[0, 255]",False,False,False,False
ISIC_0002438,train,F:\PythonProjects\cv_study_project\data\ISIC2018_Task1-2_Training_Input\ISIC2018_Task1-2_Training_Input\ISIC_0002438.jpg,F:\PythonProjects\cv_study_project\data\ISIC2018_Task1_Training_GroundTruth\ISIC2018_Task1_Training_GroundTruth\ISIC_0002438_segmentation.png,256,256,0.073975,2016,3024,3,10.0,255.0,"[0, 255]",False,False,False,False
ISIC_0010850,train,F:\PythonProjects\cv_study_project\data\ISIC2018_Task1-2_Training_Input\ISIC2018_Task1-2_Training_Input\ISIC_0010850.jpg,F:\PythonProjects\cv_study_project\data\ISIC2018_Task1_Training_GroundTruth\ISIC2018_Task1_Training_GroundTruth\ISIC_0010850_segmentation.png,256,256,0.136353,768,1024,3,8.0,235.0,"[0, 255]",False,False,False,False
ISIC_0002488,train,F:\PythonProjects\cv_study_project\data\ISIC2018_Task1-2_Training_Input\ISIC2018_Task1-2_Training_Input\ISIC_0002488.jpg,F:\PythonProjects\cv_study_project\data\ISIC2018_Task1_Training_GroundTruth\ISIC2018_Task1_Training_GroundTruth\ISIC_0002488_segmentation.png,256,256,0.050217,2016,3024,3,15.0,240.0,"[0, 255]",False,False,False,False
ISIC_0012187,train,F:\PythonProjects\cv_study_project\data\ISIC2018_Task1-2_Training_Input\ISIC2018_Task1-2_Training_Input\ISIC_0012187.jpg,F:\PythonProjects\cv_study_project\data\ISIC2018_Task1_Training_GroundTruth\ISIC2018_Task1_Training_GroundTruth\ISIC_0012187_segmentation.png,256,256,0.034302,2000,3008,3,8.0,250.0,"[0, 255]",False,False,False,False
ISIC_0000014,train,F:\PythonProjects\cv_study_project\data\ISIC2018_Task1-2_Training_Input\ISIC2018_Task1-2_Training_Input\ISIC_0000014.jpg,F:\PythonProjects\cv_study_project\data\ISIC2018_Task1_Training_GroundTruth\ISIC2018_Task1_Training_GroundTruth\ISIC_0000014_segmentation.png,256,256,0.280151,767,1022,3,0.0,215.0,"[0, 255]",False,False,False,False
ISIC_0010443,train,F:\PythonProjects\cv_study_project\data\ISIC2018_Task1-2_Training_Input\ISIC2018_Task1-2_Training_Input\ISIC_0010443.jpg,F:\PythonProjects\cv_study_project\data\ISIC2018_Task1_Training_GroundTruth\ISIC2018_Task1_Training_GroundTruth\ISIC_0010443_segmentation.png,256,256,0.138702,768,1024,3,36.0,230.0,"[0, 255]",False,False,False,False
ISIC_0000345,train,F:\PythonProjects\cv_study_project\data\ISIC2018_Task1-2_Training_Input\ISIC2018_Task1-2_Training_Input\ISIC_0000345.jpg,F:\PythonProjects\cv_study_project\data\ISIC2018_Task1_Training_GroundTruth\ISIC2018_Task1_Training_GroundTruth\ISIC_0000345_segmentation.png,256,256,0.050415,576,767,3,0.0,255.0,"[0, 255]",False,False,False,False
ISIC_0000198,train,F:\PythonProjects\cv_study_project\data\ISIC2018_Task1-2_Training_Input\ISIC2018_Task1-2_Training_Input\ISIC_0000198.jpg,F:\PythonProjects\cv_study_project\data\ISIC2018_Task1_Training_GroundTruth\ISIC2018_Task1_Training_GroundTruth\ISIC_0000198_segmentation.png,256,256,0.194885,542,725,3,32.0,255.0,"[0, 255]",False,False,False,False
ISIC_0011219,train,F:\PythonProjects\cv_study_project\data\ISIC2018_Task1-2_Training_Input\ISIC2018_Task1-2_Training_Input\ISIC_0011219.jpg,F:\PythonProjects\cv_study_project\data\ISIC2018_Task1_Training_GroundTruth\ISIC2018_Task1_Training_GroundTruth\ISIC_0011219_segmentation.png,256,256,0.100845,768,1024,3,0.0,228.0,"[0, 255]",False,False,False,False
ISIC_0000125,train,F:\PythonProjects\cv_study_project\data\ISIC2018_Task1-2_Training_Input\ISIC2018_Task1-2_Training_Input\ISIC_0000125.jpg,F:\PythonProjects\cv_study_project\data\ISIC2018_Task1_Training_GroundTruth\ISIC2018_Task1_Training_GroundTruth\ISIC_0000125_segmentation.png,256,256,0.014496,1536,2048,3,0.0,249.0,"[0, 255]",False,False,False,False
ISIC_0011397,train,F:\PythonProjects\cv_study_project\data\ISIC2018_Task1-2_Training_Input\ISIC2018_Task1-2_Training_Input\ISIC_0011397.jpg,F:\PythonProjects\cv_study_project\data\ISIC2018_Task1_Training_GroundTruth\ISIC2018_Task1_Training_GroundTruth\ISIC_0011397_segmentation.png,256,256,0.366425,768,1024,3,0.0,207.0,"[0, 255]",False,False,False,False
ISIC_0011294,train,F:\PythonProjects\cv_study_project\data\ISIC2018_Task1-2_Training_Input\ISIC2018_Task1-2_Training_Input\ISIC_0011294.jpg,F:\PythonProjects\cv_study_project\data\ISIC2018_Task1_Training_GroundTruth\ISIC2018_Task1_Training_GroundTruth\ISIC_0011294_segmentation.png,256,256,0.177429,768,1024,3,29.0,255.0,"[0, 255]",False,False,False,False
ISIC_0008998,train,F:\PythonProjects\cv_study_project\data\ISIC2018_Task1-2_Training_Input\ISIC2018_Task1-2_Training_Input\ISIC_0008998.jpg,F:\PythonProjects\cv_study_project\data\ISIC2018_Task1_Training_GroundTruth\ISIC2018_Task1_Training_GroundTruth\ISIC_0008998_segmentation.png,256,256,0.364334,2848,4288,3,7.0,235.0,"[0, 255]",False,False,False,False
ISIC_0011158,train,F:\PythonProjects\cv_study_project\data\ISIC2018_Task1-2_Training_Input\ISIC2018_Task1-2_Training_Input\ISIC_0011158.jpg,F:\PythonProjects\cv_study_project\data\ISIC2018_Task1_Training_GroundTruth\ISIC2018_Task1_Training_GroundTruth\ISIC_0011158_segmentation.png,256,256,0.650253,768,1024,3,10.0,244.0,"[0, 255]",False,False,False,False
ISIC_0006776,train,F:\PythonProjects\cv_study_project\data\ISIC2018_Task1-2_Training_Input\ISIC2018_Task1-2_Training_Input\ISIC_0006776.jpg,F:\PythonProjects\cv_study_project\data\ISIC2018_Task1_Training_GroundTruth\ISIC2018_Task1_Training_GroundTruth\ISIC_0006776_segmentation.png,256,256,0.067688,2016,3024,3,9.0,246.0,"[0, 255]",False,False,False,False
ISIC_0010220,train,F:\PythonProjects\cv_study_project\data\ISIC2018_Task1-2_Training_Input\ISIC2018_Task1-2_Training_Input\ISIC_0010220.jpg,F:\PythonProjects\cv_study_project\data\ISIC2018_Task1_Training_GroundTruth\ISIC2018_Task1_Training_GroundTruth\ISIC_0010220_segmentation.png,256,256,0.075653,768,1024,3,0.0,255.0,"[0, 255]",False,False,False,False
ISIC_0010476,train,F:\PythonProjects\cv_study_project\data\ISIC2018_Task1-2_Training_Input\ISIC2018_Task1-2_Training_Input\ISIC_0010476.jpg,F:\PythonProjects\cv_study_project\data\ISIC2018_Task1_Training_GroundTruth\ISIC2018_Task1_Training_GroundTruth\ISIC_0010476_segmentation.png,256,256,0.136765,768,1024,3,31.0,177.0,"[0, 255]",False,False,False,False
ISIC_0012325,train,F:\PythonProjects\cv_study_project\data\ISIC2018_Task1-2_Training_Input\ISIC2018_Task1-2_Training_Input\ISIC_0012325.jpg,F:\PythonProjects\cv_study_project\data\ISIC2018_Task1_Training_GroundTruth\ISIC2018_Task1_Training_GroundTruth\ISIC_0012325_segmentation.png,256,256,0.104614,2000,3008,3,8.0,175.0,"[0, 255]",False,False,False,False
ISIC_0011360,train,F:\PythonProjects\cv_study_project\data\ISIC2018_Task1-2_Training_Input\ISIC2018_Task1-2_Training_Input\ISIC_0011360.jpg,F:\PythonProjects\cv_study_project\data\ISIC2018_Task1_Training_GroundTruth\ISIC2018_Task1_Training_GroundTruth\ISIC_0011360_segmentation.png,256,256,0.828979,768,1024,3,48.0,255.0,"[0, 255]",False,False,False,False
ISIC_0000383,train,F:\PythonProjects\cv_study_project\data\ISIC2018_Task1-2_Training_Input\ISIC2018_Task1-2_Training_Input\ISIC_0000383.jpg,F:\PythonProjects\cv_study_project\data\ISIC2018_Task1_Training_GroundTruth\ISIC2018_Task1_Training_GroundTruth\ISIC_0000383_segmentation.png,256,256,0.283249,1988,2117,3,0.0,195.0,"[0, 255]",False,False,False,False
ISIC_0006671,train,F:\PythonProjects\cv_study_project\data\ISIC2018_Task1-2_Training_Input\ISIC2018_Task1-2_Training_Input\ISIC_0006671.jpg,F:\PythonProjects\cv_study_project\data\ISIC2018_Task1_Training_GroundTruth\ISIC2018_Task1_Training_GroundTruth\ISIC_0006671_segmentation.png,256,256,0.028473,2016,3024,3,0.0,227.0,"[0, 255]",False,False,False,False
ISIC_0000261,train,F:\PythonProjects\cv_study_project\data\ISIC2018_Task1-2_Training_Input\ISIC2018_Task1-2_Training_Input\ISIC_0000261.jpg,F:\PythonProjects\cv_study_project\data\ISIC2018_Task1_Training_GroundTruth\ISIC2018_Task1_Training_GroundTruth\ISIC_0000261_segmentation.png,256,256,0.084106,768,1024,3,15.0,188.0,"[0, 255]",False,False,False,False
ISIC_0012245,train,F:\PythonProjects\cv_study_project\data\ISIC2018_Task1-2_Training_Input\ISIC2018_Task1-2_Training_Input\ISIC_0012245.jpg,F:\PythonProjects\cv_study_project\data\ISIC2018_Task1_Training_GroundTruth\ISIC2018_Task1_Training_GroundTruth\ISIC_0012245_segmentation.png,256,256,0.180359,2848,4288,3,26.0,221.0,"[0, 255]",False,False,False,False
ISIC_0000449,train,F:\PythonProjects\cv_study_project\data\ISIC2018_Task1-2_Training_Input\ISIC2018_Task1-2_Training_Input\ISIC_0000449.jpg,F:\PythonProjects\cv_study_project\data\ISIC2018_Task1_Training_GroundTruth\ISIC2018_Task1_Training_GroundTruth\ISIC_0000449_segmentation.png,256,256,0.034836,2304,3072,3,29.0,229.0,"[0, 255]",False,False,False,False
ISIC_0012680,train,F:\PythonProjects\cv_study_project\data\ISIC2018_Task1-2_Training_Input\ISIC2018_Task1-2_Training_Input\ISIC_0012680.jpg,F:\PythonProjects\cv_study_project\data\ISIC2018_Task1_Training_GroundTruth\ISIC2018_Task1_Training_GroundTruth\ISIC_0012680_segmentation.png,256,256,0.044556,2000,3008,3,20.0,253.0,"[0, 255]",False,False,False,False
ISIC_0010475,train,F:\PythonProjects\cv_study_project\data\ISIC2018_Task1-2_Training_Input\ISIC2018_Task1-2_Training_Input\ISIC_0010475.jpg,F:\PythonProjects\cv_study_project\data\ISIC2018_Task1_Training_GroundTruth\ISIC2018_Task1_Training_GroundTruth\ISIC_0010475_segmentation.png,256,256,0.157623,768,1024,3,41.0,204.0,"[0, 255]",False,False,False,False
ISIC_0011083,train,F:\PythonProjects\cv_study_project\data\ISIC2018_Task1-2_Training_Input\ISIC2018_Task1-2_Training_Input\ISIC_0011083.jpg,F:\PythonProjects\cv_study_project\data\ISIC2018_Task1_Training_GroundTruth\ISIC2018_Task1_Training_GroundTruth\ISIC_0011083_segmentation.png,256,256,0.030472,768,1024,3,14.0,217.0,"[0, 255]",False,False,False,False
ISIC_0000012,train,F:\PythonProjects\cv_study_project\data\ISIC2018_Task1-2_Training_Input\ISIC2018_Task1-2_Training_Input\ISIC_0000012.jpg,F:\PythonProjects\cv_study_project\data\ISIC2018_Task1_Training_GroundTruth\ISIC2018_Task1_Training_GroundTruth\ISIC_0000012_segmentation.png,256,256,0.050339,767,1022,3,0.0,224.0,"[0, 255]",False,False,False,False
ISIC_0009953,train,F:\PythonProjects\cv_study_project\data\ISIC2018_Task1-2_Training_Input\ISIC2018_Task1-2_Training_Input\ISIC_0009953.jpg,F:\PythonProjects\cv_study_project\data\ISIC2018_Task1_Training_GroundTruth\ISIC2018_Task1_Training_GroundTruth\ISIC_0009953_segmentation.png,256,256,0.377747,768,1024,3,9.0,235.0,"[0, 255]",False,False,False,False
ISIC_0009880,train,F:\PythonProjects\cv_study_project\data\ISIC2018_Task1-2_Training_Input\ISIC2018_Task1-2_Training_Input\ISIC_0009880.jpg,F:\PythonProjects\cv_study_project\data\ISIC2018_Task1_Training_GroundTruth\ISIC2018_Task1_Training_GroundTruth\ISIC_0009880_segmentation.png,256,256,0.239838,768,1024,3,0.0,255.0,"[0, 255]",False,False,False,False
ISIC_0001299,train,F:\PythonProjects\cv_study_project\data\ISIC2018_Task1-2_Training_Input\ISIC2018_Task1-2_Training_Input\ISIC_0001299.jpg,F:\PythonProjects\cv_study_project\data\ISIC2018_Task1_Training_GroundTruth\ISIC2018_Task1_Training_GroundTruth\ISIC_0001299_segmentation.png,256,256,0.062454,2016,3024,3,0.0,255.0,"[0, 255]",False,False,False,False
ISIC_0011343,train,F:\PythonProjects\cv_study_project\data\ISIC2018_Task1-2_Training_Input\ISIC2018_Task1-2_Training_Input\ISIC_0011343.jpg,F:\PythonProjects\cv_study_project\data\ISIC2018_Task1_Training_GroundTruth\ISIC2018_Task1_Training_GroundTruth\ISIC_0011343_segmentation.png,256,256,0.137817,768,1024,3,21.0,225.0,"[0, 255]",False,False,False,False
ISIC_0010590,train,F:\PythonProjects\cv_study_project\data\ISIC2018_Task1-2_Training_Input\ISIC2018_Task1-2_Training_Input\ISIC_0010590.jpg,F:\PythonProjects\cv_study_project\data\ISIC2018_Task1_Training_GroundTruth\ISIC2018_Task1_Training_GroundTruth\ISIC_0010590_segmentation.png,256,256,0.071701,768,1024,3,0.0,216.0,"[0, 255]",False,False,False,False
ISIC_0010056,train,F:\PythonProjects\cv_study_project\data\ISIC2018_Task1-2_Training_Input\ISIC2018_Task1-2_Training_Input\ISIC_0010056.jpg,F:\PythonProjects\cv_study_project\data\ISIC2018_Task1_Training_GroundTruth\ISIC2018_Task1_Training_GroundTruth\ISIC_0010056_segmentation.png,256,256,0.960861,768,1024,3,14.0,253.0,"[0, 255]",False,False,True,True
ISIC_0000177,train,F:\PythonProjects\cv_study_project\data\ISIC2018_Task1-2_Training_Input\ISIC2018_Task1-2_Training_Input\ISIC_0000177.jpg,F:\PythonProjects\cv_study_project\data\ISIC2018_Task1_Training_GroundTruth\ISIC2018_Task1_Training_GroundTruth\ISIC_0000177_segmentation.png,256,256,0.122437,703,1069,3,17.0,255.0,"[0, 255]",False,False,False,False
ISIC_0012160,train,F:\PythonProjects\cv_study_project\data\ISIC2018_Task1-2_Training_Input\ISIC2018_Task1-2_Training_Input\ISIC_0012160.jpg,F:\PythonProjects\cv_study_project\data\ISIC2018_Task1_Training_GroundTruth\ISIC2018_Task1_Training_GroundTruth\ISIC_0012160_segmentation.png,256,256,0.01828,2000,3008,3,20.0,234.0,"[0, 255]",False,False,False,False
ISIC_0010569,train,F:\PythonProjects\cv_study_project\data\ISIC2018_Task1-2_Training_Input\ISIC2018_Task1-2_Training_Input\ISIC_0010569.jpg,F:\PythonProjects\cv_study_project\data\ISIC2018_Task1_Training_GroundTruth\ISIC2018_Task1_Training_GroundTruth\ISIC_0010569_segmentation.png,256,256,0.019424,768,1024,3,72.0,217.0,"[0, 255]",False,False,False,False
ISIC_0001769,train,F:\PythonProjects\cv_study_project\data\ISIC2018_Task1-2_Training_Input\ISIC2018_Task1-2_Training_Input\ISIC_0001769.jpg,F:\PythonProjects\cv_study_project\data\ISIC2018_Task1_Training_GroundTruth\ISIC2018_Task1_Training_GroundTruth\ISIC_0001769_segmentation.png,256,256,0.035507,2016,3024,3,0.0,255.0,"[0, 255]",False,False,False,False
ISIC_0009504,train,F:\PythonProjects\cv_study_project\data\ISIC2018_Task1-2_Training_Input\ISIC2018_Task1-2_Training_Input\ISIC_0009504.jpg,F:\PythonProjects\cv_study_project\data\ISIC2018_Task1_Training_GroundTruth\ISIC2018_Task1_Training_GroundTruth\ISIC_0009504_segmentation.png,256,256,0.030792,2848,4288,3,10.0,241.0,"[0, 255]",False,False,False,False
ISIC_0011139,train,F:\PythonProjects\cv_study_project\data\ISIC2018_Task1-2_Training_Input\ISIC2018_Task1-2_Training_Input\ISIC_0011139.jpg,F:\PythonProjects\cv_study_project\data\ISIC2018_Task1_Training_GroundTruth\ISIC2018_Task1_Training_GroundTruth\ISIC_0011139_segmentation.png,256,256,0.364822,768,1024,3,0.0,237.0,"[0, 255]",False,False,False,False
ISIC_0009879,train,F:\PythonProjects\cv_study_project\data\ISIC2018_Task1-2_Training_Input\ISIC2018_Task1-2_Training_Input\ISIC_0009879.jpg,F:\PythonProjects\cv_study_project\data\ISIC2018_Task1_Training_GroundTruth\ISIC2018_Task1_Training_GroundTruth\ISIC_0009879_segmentation.png,256,256,0.282288,768,1024,3,53.0,216.0,"[0, 255]",False,False,False,False
ISIC_0010247,train,F:\PythonProjects\cv_study_project\data\ISIC2018_Task1-2_Training_Input\ISIC2018_Task1-2_Training_Input\ISIC_0010247.jpg,F:\PythonProjects\cv_study_project\data\ISIC2018_Task1_Training_GroundTruth\ISIC2018_Task1_Training_GroundTruth\ISIC_0010247_segmentation.png,256,256,0.255905,768,1024,3,9.0,255.0,"[0, 255]",False,False,False,False
ISIC_0010064,train,F:\PythonProjects\cv_study_project\data\ISIC2018_Task1-2_Training_Input\ISIC2018_Task1-2_Training_Input\ISIC_0010064.jpg,F:\PythonProjects\cv_study_project\data\ISIC2018_Task1_Training_GroundTruth\ISIC2018_Task1_Training_GroundTruth\ISIC_0010064_segmentation.png,256,256,0.141159,768,1024,3,31.0,235.0,"[0, 255]",False,False,False,False
ISIC_0000492,train,F:\PythonProjects\cv_study_project\data\ISIC2018_Task1-2_Training_Input\ISIC2018_Task1-2_Training_Input\ISIC_0000492.jpg,F:\PythonProjects\cv_study_project\data\ISIC2018_Task1_Training_GroundTruth\ISIC2018_Task1_Training_GroundTruth\ISIC_0000492_segmentation.png,256,256,0.156403,802,919,3,42.0,187.0,"[0, 255]",False,False,False,False
ISIC_0010447,train,F:\PythonProjects\cv_study_project\data\ISIC2018_Task1-2_Training_Input\ISIC2018_Task1-2_Training_Input\ISIC_0010447.jpg,F:\PythonProjects\cv_study_project\data\ISIC2018_Task1_Training_GroundTruth\ISIC2018_Task1_Training_GroundTruth\ISIC_0010447_segmentation.png,256,256,0.408234,768,1024,3,34.0,228.0,"[0, 255]",False,False,False,False
ISIC_0012659,train,F:\PythonProjects\cv_study_project\data\ISIC2018_Task1-2_Training_Input\ISIC2018_Task1-2_Training_Input\ISIC_0012659.jpg,F:\PythonProjects\cv_study_project\data\ISIC2018_Task1_Training_GroundTruth\ISIC2018_Task1_Training_GroundTruth\ISIC_0012659_segmentation.png,256,256,0.012817,1536,2304,3,6.0,255.0,"[0, 255]",False,False,False,False
ISIC_0000476,train,F:\PythonProjects\cv_study_project\data\ISIC2018_Task1-2_Training_Input\ISIC2018_Task1-2_Training_Input\ISIC_0000476.jpg,F:\PythonProjects\cv_study_project\data\ISIC2018_Task1_Training_GroundTruth\ISIC2018_Task1_Training_GroundTruth\ISIC_0000476_segmentation.png,256,256,0.461273,802,919,3,12.0,215.0,"[0, 255]",False,False,False,False
ISIC_0011112,train,F:\PythonProjects\cv_study_project\data\ISIC2018_Task1-2_Training_Input\ISIC2018_Task1-2_Training_Input\ISIC_0011112.jpg,F:\PythonProjects\cv_study_project\data\ISIC2018_Task1_Training_GroundTruth\ISIC2018_Task1_Training_GroundTruth\ISIC_0011112_segmentation.png,256,256,0.768799,768,1024,3,11.0,247.0,"[0, 255]",False,False,False,False
ISIC_0000488,train,F:\PythonProjects\cv_study_project\data\ISIC2018_Task1-2_Training_Input\ISIC2018_Task1-2_Training_Input\ISIC_0000488.jpg,F:\PythonProjects\cv_study_project\data\ISIC2018_Task1_Training_GroundTruth\ISIC2018_Task1_Training_GroundTruth\ISIC_0000488_segmentation.png,256,256,0.165222,802,919,3,0.0,229.0,"[0, 255]",False,False,False,False
ISIC_0000336,train,F:\PythonProjects\cv_study_project\data\ISIC2018_Task1-2_Training_Input\ISIC2018_Task1-2_Training_Input\ISIC_0000336.jpg,F:\PythonProjects\cv_study_project\data\ISIC2018_Task1_Training_GroundTruth\ISIC2018_Task1_Training_GroundTruth\ISIC_0000336_segmentation.png,256,256,0.137039,576,767,3,0.0,255.0,"[0, 255]",False,False,False,False
ISIC_0012135,train,F:\PythonProjects\cv_study_project\data\ISIC2018_Task1-2_Training_Input\ISIC2018_Task1-2_Training_Input\ISIC_0012135.jpg,F:\PythonProjects\cv_study_project\data\ISIC2018_Task1_Training_GroundTruth\ISIC2018_Task1_Training_GroundTruth\ISIC_0012135_segmentation.png,256,256,0.028183,2000,3008,3,13.0,200.0,"[0, 255]",False,False,False,False
ISIC_0009987,train,F:\PythonProjects\cv_study_project\data\ISIC2018_Task1-2_Training_Input\ISIC2018_Task1-2_Training_Input\ISIC_0009987.jpg,F:\PythonProjects\cv_study_project\data\ISIC2018_Task1_Training_GroundTruth\ISIC2018_Task1_Training_GroundTruth\ISIC_0009987_segmentation.png,256,256,0.248108,768,1024,3,20.0,255.0,"[0, 255]",False,False,False,False
ISIC_0010184,train,F:\PythonProjects\cv_study_project\data\ISIC2018_Task1-2_Training_Input\ISIC2018_Task1-2_Training_Input\ISIC_0010184.jpg,F:\PythonProjects\cv_study_project\data\ISIC2018_Task1_Training_GroundTruth\ISIC2018_Task1_Training_GroundTruth\ISIC_0010184_segmentation.png,256,256,0.093948,768,1024,3,0.0,255.0,"[0, 255]",False,False,False,False
ISIC_0009971,train,F:\PythonProjects\cv_study_project\data\ISIC2018_Task1-2_Training_Input\ISIC2018_Task1-2_Training_Input\ISIC_0009971.jpg,F:\PythonProjects\cv_study_project\data\ISIC2018_Task1_Training_GroundTruth\ISIC2018_Task1_Training_GroundTruth\ISIC_0009971_segmentation.png,256,256,0.031296,768,1024,3,19.0,210.0,"[0, 255]",False,False,False,False
ISIC_0005548,train,F:\PythonProjects\cv_study_project\data\ISIC2018_Task1-2_Training_Input\ISIC2018_Task1-2_Training_Input\ISIC_0005548.jpg,F:\PythonProjects\cv_study_project\data\ISIC2018_Task1_Training_GroundTruth\ISIC2018_Task1_Training_GroundTruth\ISIC_0005548_segmentation.png,256,256,0.11554,2016,3024,3,0.0,255.0,"[0, 255]",False,False,False,False
ISIC_0012156,train,F:\PythonProjects\cv_study_project\data\ISIC2018_Task1-2_Training_Input\ISIC2018_Task1-2_Training_Input\ISIC_0012156.jpg,F:\PythonProjects\cv_study_project\data\ISIC2018_Task1_Training_GroundTruth\ISIC2018_Task1_Training_GroundTruth\ISIC_0012156_segmentation.png,256,256,0.018677,2000,3008,3,28.0,234.0,"[0, 255]",False,False,False,False
ISIC_0000455,train,F:\PythonProjects\cv_study_project\data\ISIC2018_Task1-2_Training_Input\ISIC2018_Task1-2_Training_Input\ISIC_0000455.jpg,F:\PythonProjects\cv_study_project\data\ISIC2018_Task1_Training_GroundTruth\ISIC2018_Task1_Training_GroundTruth\ISIC_0000455_segmentation.png,256,256,0.280685,1824,2283,3,29.0,189.0,"[0, 255]",False,False,False,False
ISIC_0011177,train,F:\PythonProjects\cv_study_project\data\ISIC2018_Task1-2_Training_Input\ISIC2018_Task1-2_Training_Input\ISIC_0011177.jpg,F:\PythonProjects\cv_study_project\data\ISIC2018_Task1_Training_GroundTruth\ISIC2018_Task1_Training_GroundTruth\ISIC_0011177_segmentation.png,256,256,0.384735,768,1024,3,51.0,255.0,"[0, 255]",False,False,False,False
ISIC_0010060,train,F:\PythonProjects\cv_study_project\data\ISIC2018_Task1-2_Training_Input\ISIC2018_Task1-2_Training_Input\ISIC_0010060.jpg,F:\PythonProjects\cv_study_project\data\ISIC2018_Task1_Training_GroundTruth\ISIC2018_Task1_Training_GroundTruth\ISIC_0010060_segmentation.png,256,256,0.052719,768,1024,3,0.0,224.0,"[0, 255]",False,False,False,False
ISIC_0010071,train,F:\PythonProjects\cv_study_project\data\ISIC2018_Task1-2_Training_Input\ISIC2018_Task1-2_Training_Input\ISIC_0010071.jpg,F:\PythonProjects\cv_study_project\data\ISIC2018_Task1_Training_GroundTruth\ISIC2018_Task1_Training_GroundTruth\ISIC_0010071_segmentation.png,256,256,0.801682,768,1024,3,2.0,255.0,"[0, 255]",False,False,False,False
ISIC_0011119,train,F:\PythonProjects\cv_study_project\data\ISIC2018_Task1-2_Training_Input\ISIC2018_Task1-2_Training_Input\ISIC_0011119.jpg,F:\PythonProjects\cv_study_project\data\ISIC2018_Task1_Training_GroundTruth\ISIC2018_Task1_Training_GroundTruth\ISIC_0011119_segmentation.png,256,256,0.129974,768,1024,3,43.0,231.0,"[0, 255]",False,False,False,False
ISIC_0011079,train,F:\PythonProjects\cv_study_project\data\ISIC2018_Task1-2_Training_Input\ISIC2018_Task1-2_Training_Input\ISIC_0011079.jpg,F:\PythonProjects\cv_study_project\data\ISIC2018_Task1_Training_GroundTruth\ISIC2018_Task1_Training_GroundTruth\ISIC_0011079_segmentation.png,256,256,0.473648,768,1024,3,15.0,255.0,"[0, 255]",False,False,False,False
ISIC_0010069,train,F:\PythonProjects\cv_study_project\data\ISIC2018_Task1-2_Training_Input\ISIC2018_Task1-2_Training_Input\ISIC_0010069.jpg,F:\PythonProjects\cv_study_project\data\ISIC2018_Task1_Training_GroundTruth\ISIC2018_Task1_Training_GroundTruth\ISIC_0010069_segmentation.png,256,256,0.082993,768,1024,3,31.0,216.0,"[0, 255]",False,False,False,False
ISIC_0000025,train,F:\PythonProjects\cv_study_project\data\ISIC2018_Task1-2_Training_Input\ISIC2018_Task1-2_Training_Input\ISIC_0000025.jpg,F:\PythonProjects\cv_study_project\data\ISIC2018_Task1_Training_GroundTruth\ISIC2018_Task1_Training_GroundTruth\ISIC_0000025_segmentation.png,256,256,0.196274,1129,1504,3,0.0,221.0,"[0, 255]",False,False,False,False
ISIC_0001275,train,F:\PythonProjects\cv_study_project\data\ISIC2018_Task1-2_Training_Input\ISIC2018_Task1-2_Training_Input\ISIC_0001275.jpg,F:\PythonProjects\cv_study_project\data\ISIC2018_Task1_Training_GroundTruth\ISIC2018_Task1_Training_GroundTruth\ISIC_0001275_segmentation.png,256,256,0.05603,2016,3024,3,0.0,255.0,"[0, 255]",False,False,False,False
ISIC_0011162,train,F:\PythonProjects\cv_study_project\data\ISIC2018_Task1-2_Training_Input\ISIC2018_Task1-2_Training_Input\ISIC_0011162.jpg,F:\PythonProjects\cv_study_project\data\ISIC2018_Task1_Training_GroundTruth\ISIC2018_Task1_Training_GroundTruth\ISIC_0011162_segmentation.png,256,256,0.135544,768,1024,3,64.0,227.0,"[0, 255]",False,False,False,False
ISIC_0005555,train,F:\PythonProjects\cv_study_project\data\ISIC2018_Task1-2_Training_Input\ISIC2018_Task1-2_Training_Input\ISIC_0005555.jpg,F:\PythonProjects\cv_study_project\data\ISIC2018_Task1_Training_GroundTruth\ISIC2018_Task1_Training_GroundTruth\ISIC_0005555_segmentation.png,256,256,0.080521,2016,3024,3,0.0,255.0,"[0, 255]",False,False,False,False
ISIC_0011347,train,F:\PythonProjects\cv_study_project\data\ISIC2018_Task1-2_Training_Input\ISIC2018_Task1-2_Training_Input\ISIC_0011347.jpg,F:\PythonProjects\cv_study_project\data\ISIC2018_Task1_Training_GroundTruth\ISIC2018_Task1_Training_GroundTruth\ISIC_0011347_segmentation.png,256,256,0.790558,768,1024,3,44.0,255.0,"[0, 255]",False,False,False,False
ISIC_0000426,train,F:\PythonProjects\cv_study_project\data\ISIC2018_Task1-2_Training_Input\ISIC2018_Task1-2_Training_Input\ISIC_0000426.jpg,F:\PythonProjects\cv_study_project\data\ISIC2018_Task1_Training_GroundTruth\ISIC2018_Task1_Training_GroundTruth\ISIC_0000426_segmentation.png,256,256,0.562103,2304,3072,3,16.0,255.0,"[0, 255]",False,False,False,False
ISIC_0011352,train,F:\PythonProjects\cv_study_project\data\ISIC2018_Task1-2_Training_Input\ISIC2018_Task1-2_Training_Input\ISIC_0011352.jpg,F:\PythonProjects\cv_study_project\data\ISIC2018_Task1_Training_GroundTruth\ISIC2018_Task1_Training_GroundTruth\ISIC_0011352_segmentation.png,256,256,0.428467,768,1024,3,18.0,219.0,"[0, 255]",False,False,False,False
ISIC_0010357,train,F:\PythonProjects\cv_study_project\data\ISIC2018_Task1-2_Training_Input\ISIC2018_Task1-2_Training_Input\ISIC_0010357.jpg,F:\PythonProjects\cv_study_project\data\ISIC2018_Task1_Training_GroundTruth\ISIC2018_Task1_Training_GroundTruth\ISIC_0010357_segmentation.png,256,256,0.112762,768,1024,3,5.0,208.0,"[0, 255]",False,False,False,False
ISIC_0012107,train,F:\PythonProjects\cv_study_project\data\ISIC2018_Task1-2_Training_Input\ISIC2018_Task1-2_Training_Input\ISIC_0012107.jpg,F:\PythonProjects\cv_study_project\data\ISIC2018_Task1_Training_GroundTruth\ISIC2018_Task1_Training_GroundTruth\ISIC_0012107_segmentation.png,256,256,0.151764,2000,3008,3,12.0,255.0,"[0, 255]",False,False,False,False
ISIC_0012179,train,F:\PythonProjects\cv_study_project\data\ISIC2018_Task1-2_Training_Input\ISIC2018_Task1-2_Training_Input\ISIC_0012179.jpg,F:\PythonProjects\cv_study_project\data\ISIC2018_Task1_Training_GroundTruth\ISIC2018_Task1_Training_GroundTruth\ISIC_0012179_segmentation.png,256,256,0.006104,2000,3008,3,11.0,255.0,"[0, 255]",False,False,False,False
ISIC_0000366,train,F:\PythonProjects\cv_study_project\data\ISIC2018_Task1-2_Training_Input\ISIC2018_Task1-2_Training_Input\ISIC_0000366.jpg,F:\PythonProjects\cv_study_project\data\ISIC2018_Task1_Training_GroundTruth\ISIC2018_Task1_Training_GroundTruth\ISIC_0000366_segmentation.png,256,256,0.068268,576,767,3,0.0,255.0,"[0, 255]",False,False,False,False
ISIC_0009881,train,F:\PythonProjects\cv_study_project\data\ISIC2018_Task1-2_Training_Input\ISIC2018_Task1-2_Training_Input\ISIC_0009881.jpg,F:\PythonProjects\cv_study_project\data\ISIC2018_Task1_Training_GroundTruth\ISIC2018_Task1_Training_GroundTruth\ISIC_0009881_segmentation.png,256,256,0.184418,768,1024,3,27.0,208.0,"[0, 255]",False,False,False,False
ISIC_0000197,train,F:\PythonProjects\cv_study_project\data\ISIC2018_Task1-2_Training_Input\ISIC2018_Task1-2_Training_Input\ISIC_0000197.jpg,F:\PythonProjects\cv_study_project\data\ISIC2018_Task1_Training_GroundTruth\ISIC2018_Task1_Training_GroundTruth\ISIC_0000197_segmentation.png,256,256,0.302017,1051,1502,3,2.0,255.0,"[0, 255]",False,False,False,False
ISIC_0009884,train,F:\PythonProjects\cv_study_project\data\ISIC2018_Task1-2_Training_Input\ISIC2018_Task1-2_Training_Input\ISIC_0009884.jpg,F:\PythonProjects\cv_study_project\data\ISIC2018_Task1_Training_GroundTruth\ISIC2018_Task1_Training_GroundTruth\ISIC_0009884_segmentation.png,256,256,0.108826,768,1024,3,4.0,188.0,"[0, 255]",False,False,False,False
ISIC_0011159,train,F:\PythonProjects\cv_study_project\data\ISIC2018_Task1-2_Training_Input\ISIC2018_Task1-2_Training_Input\ISIC_0011159.jpg,F:\PythonProjects\cv_study_project\data\ISIC2018_Task1_Training_GroundTruth\ISIC2018_Task1_Training_GroundTruth\ISIC_0011159_segmentation.png,256,256,0.607483,768,1024,3,12.0,240.0,"[0, 255]",False,False,False,False
ISIC_0010571,train,F:\PythonProjects\cv_study_project\data\ISIC2018_Task1-2_Training_Input\ISIC2018_Task1-2_Training_Input\ISIC_0010571.jpg,F:\PythonProjects\cv_study_project\data\ISIC2018_Task1_Training_GroundTruth\ISIC2018_Task1_Training_GroundTruth\ISIC_0010571_segmentation.png,256,256,0.285599,768,1024,3,31.0,255.0,"[0, 255]",False,False,False,False
ISIC_0012706,train,F:\PythonProjects\cv_study_project\data\ISIC2018_Task1-2_Training_Input\ISIC2018_Task1-2_Training_Input\ISIC_0012706.jpg,F:\PythonProjects\cv_study_project\data\ISIC2018_Task1_Training_GroundTruth\ISIC2018_Task1_Training_GroundTruth\ISIC_0012706_segmentation.png,256,256,0.082077,2000,3008,3,7.0,245.0,"[0, 255]",False,False,False,False
ISIC_0012693,train,F:\PythonProjects\cv_study_project\data\ISIC2018_Task1-2_Training_Input\ISIC2018_Task1-2_Training_Input\ISIC_0012693.jpg,F:\PythonProjects\cv_study_project\data\ISIC2018_Task1_Training_GroundTruth\ISIC2018_Task1_Training_GroundTruth\ISIC_0012693_segmentation.png,256,256,0.037903,2000,3008,3,0.0,255.0,"[0, 255]",False,False,False,False
ISIC_0000344,train,F:\PythonProjects\cv_study_project\data\ISIC2018_Task1-2_Training_Input\ISIC2018_Task1-2_Training_Input\ISIC_0000344.jpg,F:\PythonProjects\cv_study_project\data\ISIC2018_Task1_Training_GroundTruth\ISIC2018_Task1_Training_GroundTruth\ISIC_0000344_segmentation.png,256,256,0.393921,576,767,3,0.0,255.0,"[0, 255]",False,False,False,False
ISIC_0012391,train,F:\PythonProjects\cv_study_project\data\ISIC2018_Task1-2_Training_Input\ISIC2018_Task1-2_Training_Input\ISIC_0012391.jpg,F:\PythonProjects\cv_study_project\data\ISIC2018_Task1_Training_GroundTruth\ISIC2018_Task1_Training_GroundTruth\ISIC_0012391_segmentation.png,256,256,0.033447,2000,3008,3,3.0,255.0,"[0, 255]",False,False,False,False
ISIC_0010599,train,F:\PythonProjects\cv_study_project\data\ISIC2018_Task1-2_Training_Input\ISIC2018_Task1-2_Training_Input\ISIC_0010599.jpg,F:\PythonProjects\cv_study_project\data\ISIC2018_Task1_Training_GroundTruth\ISIC2018_Task1_Training_GroundTruth\ISIC_0010599_segmentation.png,256,256,0.352005,768,1024,3,31.0,201.0,"[0, 255]",False,False,False,False
ISIC_0009970,train,F:\PythonProjects\cv_study_project\data\ISIC2018_Task1-2_Training_Input\ISIC2018_Task1-2_Training_Input\ISIC_0009970.jpg,F:\PythonProjects\cv_study_project\data\ISIC2018_Task1_Training_GroundTruth\ISIC2018_Task1_Training_GroundTruth\ISIC_0009970_segmentation.png,256,256,0.651108,768,1024,3,54.0,255.0,"[0, 255]",False,False,False,False
ISIC_0000413,train,F:\PythonProjects\cv_study_project\data\ISIC2018_Task1-2_Training_Input\ISIC2018_Task1-2_Training_Input\ISIC_0000413.jpg,F:\PythonProjects\cv_study_project\data\ISIC2018_Task1_Training_GroundTruth\ISIC2018_Task1_Training_GroundTruth\ISIC_0000413_segmentation.png,256,256,0.468994,2304,3072,3,22.0,216.0,"[0, 255]",False,False,False,False
ISIC_0000297,train,F:\PythonProjects\cv_study_project\data\ISIC2018_Task1-2_Training_Input\ISIC2018_Task1-2_Training_Input\ISIC_0000297.jpg,F:\PythonProjects\cv_study_project\data\ISIC2018_Task1_Training_GroundTruth\ISIC2018_Task1_Training_GroundTruth\ISIC_0000297_segmentation.png,256,256,0.11467,576,767,3,0.0,255.0,"[0, 255]",False,False,False,False
ISIC_0000193,train,F:\PythonProjects\cv_study_project\data\ISIC2018_Task1-2_Training_Input\ISIC2018_Task1-2_Training_Input\ISIC_0000193.jpg,F:\PythonProjects\cv_study_project\data\ISIC2018_Task1_Training_GroundTruth\ISIC2018_Task1_Training_GroundTruth\ISIC_0000193_segmentation.png,256,256,0.3069,704,1057,3,3.0,255.0,"[0, 255]",False,False,False,False
ISIC_0001102,train,F:\PythonProjects\cv_study_project\data\ISIC2018_Task1-2_Training_Input\ISIC2018_Task1-2_Training_Input\ISIC_0001102.jpg,F:\PythonProjects\cv_study_project\data\ISIC2018_Task1_Training_GroundTruth\ISIC2018_Task1_Training_GroundTruth\ISIC_0001102_segmentation.png,256,256,0.450333,2304,3072,3,7.0,235.0,"[0, 255]",False,False,False,False
ISIC_0010336,train,F:\PythonProjects\cv_study_project\data\ISIC2018_Task1-2_Training_Input\ISIC2018_Task1-2_Training_Input\ISIC_0010336.jpg,F:\PythonProjects\cv_study_project\data\ISIC2018_Task1_Training_GroundTruth\ISIC2018_Task1_Training_GroundTruth\ISIC_0010336_segmentation.png,256,256,0.285873,768,1024,3,0.0,255.0,"[0, 255]",False,False,False,False
ISIC_0000039,train,F:\PythonProjects\cv_study_project\data\ISIC2018_Task1-2_Training_Input\ISIC2018_Task1-2_Training_Input\ISIC_0000039.jpg,F:\PythonProjects\cv_study_project\data\ISIC2018_Task1_Training_GroundTruth\ISIC2018_Task1_Training_GroundTruth\ISIC_0000039_segmentation.png,256,256,0.221115,1129,1504,3,0.0,255.0,"[0, 255]",False,False,False,False
ISIC_0000074,train,F:\PythonProjects\cv_study_project\data\ISIC2018_Task1-2_Training_Input\ISIC2018_Task1-2_Training_Input\ISIC_0000074.jpg,F:\PythonProjects\cv_study_project\data\ISIC2018_Task1_Training_GroundTruth\ISIC2018_Task1_Training_GroundTruth\ISIC_0000074_segmentation.png,256,256,0.370255,767,1022,3,0.0,255.0,"[0, 255]",False,False,False,False
ISIC_0000458,train,F:\PythonProjects\cv_study_project\data\ISIC2018_Task1-2_Training_Input\ISIC2018_Task1-2_Training_Input\ISIC_0000458.jpg,F:\PythonProjects\cv_study_project\data\ISIC2018_Task1_Training_GroundTruth\ISIC2018_Task1_Training_GroundTruth\ISIC_0000458_segmentation.png,256,256,0.249527,802,919,3,20.0,215.0,"[0, 255]",False,False,False,False
ISIC_0000515,train,F:\PythonProjects\cv_study_project\data\ISIC2018_Task1-2_Training_Input\ISIC2018_Task1-2_Training_Input\ISIC_0000515.jpg,F:\PythonProjects\cv_study_project\data\ISIC2018_Task1_Training_GroundTruth\ISIC2018_Task1_Training_GroundTruth\ISIC_0000515_segmentation.png,256,256,0.452621,802,919,3,4.0,186.0,"[0, 255]",False,False,False,False
ISIC_0000107,train,F:\PythonProjects\cv_study_project\data\ISIC2018_Task1-2_Training_Input\ISIC2018_Task1-2_Training_Input\ISIC_0000107.jpg,F:\PythonProjects\cv_study_project\data\ISIC2018_Task1_Training_GroundTruth\ISIC2018_Task1_Training_GroundTruth\ISIC_0000107_segmentation.png,256,256,0.195511,1536,2048,3,0.0,220.0,"[0, 255]",False,False,False,False
ISIC_0004309,train,F:\PythonProjects\cv_study_project\data\ISIC2018_Task1-2_Training_Input\ISIC2018_Task1-2_Training_Input\ISIC_0004309.jpg,F:\PythonProjects\cv_study_project\data\ISIC2018_Task1_Training_GroundTruth\ISIC2018_Task1_Training_GroundTruth\ISIC_0004309_segmentation.png,256,256,0.03363,2848,4288,3,12.0,255.0,"[0, 255]",False,False,False,False
ISIC_0010588,train,F:\PythonProjects\cv_study_project\data\ISIC2018_Task1-2_Training_Input\ISIC2018_Task1-2_Training_Input\ISIC_0010588.jpg,F:\PythonProjects\cv_study_project\data\ISIC2018_Task1_Training_GroundTruth\ISIC2018_Task1_Training_GroundTruth\ISIC_0010588_segmentation.png,256,256,0.909973,768,1024,3,27.0,246.0,"[0, 255]",False,False,True,True
ISIC_0008256,train,F:\PythonProjects\cv_study_project\data\ISIC2018_Task1-2_Training_Input\ISIC2018_Task1-2_Training_Input\ISIC_0008256.jpg,F:\PythonProjects\cv_study_project\data\ISIC2018_Task1_Training_GroundTruth\ISIC2018_Task1_Training_GroundTruth\ISIC_0008256_segmentation.png,256,256,0.043518,2848,4288,3,0.0,255.0,"[0, 255]",False,False,False,False
ISIC_0012348,train,F:\PythonProjects\cv_study_project\data\ISIC2018_Task1-2_Training_Input\ISIC2018_Task1-2_Training_Input\ISIC_0012348.jpg,F:\PythonProjects\cv_study_project\data\ISIC2018_Task1_Training_GroundTruth\ISIC2018_Task1_Training_GroundTruth\ISIC_0012348_segmentation.png,256,256,0.111938,2000,3008,3,23.0,254.0,"[0, 255]",False,False,False,False
ISIC_0010102,train,F:\PythonProjects\cv_study_project\data\ISIC2018_Task1-2_Training_Input\ISIC2018_Task1-2_Training_Input\ISIC_0010102.jpg,F:\PythonProjects\cv_study_project\data\ISIC2018_Task1_Training_GroundTruth\ISIC2018_Task1_Training_GroundTruth\ISIC_0010102_segmentation.png,256,256,0.284683,768,1024,3,13.0,255.0,"[0, 255]",False,False,False,False
ISIC_0000269,train,F:\PythonProjects\cv_study_project\data\ISIC2018_Task1-2_Training_Input\ISIC2018_Task1-2_Training_Input\ISIC_0000269.jpg,F:\PythonProjects\cv_study_project\data\ISIC2018_Task1_Training_GroundTruth\ISIC2018_Task1_Training_GroundTruth\ISIC_0000269_segmentation.png,256,256,0.195984,768,576,3,0.0,222.0,"[0, 255]",False,False,False,False
ISIC_0007332,train,F:\PythonProjects\cv_study_project\data\ISIC2018_Task1-2_Training_Input\ISIC2018_Task1-2_Training_Input\ISIC_0007332.jpg,F:\PythonProjects\cv_study_project\data\ISIC2018_Task1_Training_GroundTruth\ISIC2018_Task1_Training_GroundTruth\ISIC_0007332_segmentation.png,256,256,0.087143,2016,3024,3,2.0,255.0,"[0, 255]",False,False,False,False
ISIC_0011161,train,F:\PythonProjects\cv_study_project\data\ISIC2018_Task1-2_Training_Input\ISIC2018_Task1-2_Training_Input\ISIC_0011161.jpg,F:\PythonProjects\cv_study_project\data\ISIC2018_Task1_Training_GroundTruth\ISIC2018_Task1_Training_GroundTruth\ISIC_0011161_segmentation.png,256,256,0.509583,768,1024,3,5.0,255.0,"[0, 255]",False,False,False,False
ISIC_0002093,train,F:\PythonProjects\cv_study_project\data\ISIC2018_Task1-2_Training_Input\ISIC2018_Task1-2_Training_Input\ISIC_0002093.jpg,F:\PythonProjects\cv_study_project\data\ISIC2018_Task1_Training_GroundTruth\ISIC2018_Task1_Training_GroundTruth\ISIC_0002093_segmentation.png,256,256,0.204681,2016,3024,3,0.0,255.0,"[0, 255]",False,False,False,False
ISIC_0010456,train,F:\PythonProjects\cv_study_project\data\ISIC2018_Task1-2_Training_Input\ISIC2018_Task1-2_Training_Input\ISIC_0010456.jpg,F:\PythonProjects\cv_study_project\data\ISIC2018_Task1_Training_GroundTruth\ISIC2018_Task1_Training_GroundTruth\ISIC_0010456_segmentation.png,256,256,0.034409,768,1024,3,6.0,235.0,"[0, 255]",False,False,False,False
ISIC_0009951,train,F:\PythonProjects\cv_study_project\data\ISIC2018_Task1-2_Training_Input\ISIC2018_Task1-2_Training_Input\ISIC_0009951.jpg,F:\PythonProjects\cv_study_project\data\ISIC2018_Task1_Training_GroundTruth\ISIC2018_Task1_Training_GroundTruth\ISIC_0009951_segmentation.png,256,256,0.327621,768,1024,3,21.0,187.0,"[0, 255]",False,False,False,False
ISIC_0010236,train,F:\PythonProjects\cv_study_project\data\ISIC2018_Task1-2_Training_Input\ISIC2018_Task1-2_Training_Input\ISIC_0010236.jpg,F:\PythonProjects\cv_study_project\data\ISIC2018_Task1_Training_GroundTruth\ISIC2018_Task1_Training_GroundTruth\ISIC_0010236_segmentation.png,256,256,0.060806,768,1024,3,0.0,249.0,"[0, 255]",False,False,False,False
ISIC_0000086,train,F:\PythonProjects\cv_study_project\data\ISIC2018_Task1-2_Training_Input\ISIC2018_Task1-2_Training_Input\ISIC_0000086.jpg,F:\PythonProjects\cv_study_project\data\ISIC2018_Task1_Training_GroundTruth\ISIC2018_Task1_Training_GroundTruth\ISIC_0000086_segmentation.png,256,256,0.234848,1944,2592,3,0.0,233.0,"[0, 255]",False,False,False,False
ISIC_0000064,train,F:\PythonProjects\cv_study_project\data\ISIC2018_Task1-2_Training_Input\ISIC2018_Task1-2_Training_Input\ISIC_0000064.jpg,F:\PythonProjects\cv_study_project\data\ISIC2018_Task1_Training_GroundTruth\ISIC2018_Task1_Training_GroundTruth\ISIC_0000064_segmentation.png,256,256,0.337692,1129,1504,3,0.0,229.0,"[0, 255]",False,False,False,False
ISIC_0010206,train,F:\PythonProjects\cv_study_project\data\ISIC2018_Task1-2_Training_Input\ISIC2018_Task1-2_Training_Input\ISIC_0010206.jpg,F:\PythonProjects\cv_study_project\data\ISIC2018_Task1_Training_GroundTruth\ISIC2018_Task1_Training_GroundTruth\ISIC_0010206_segmentation.png,256,256,0.092468,768,1024,3,23.0,255.0,"[0, 255]",False,False,False,False
ISIC_0011384,train,F:\PythonProjects\cv_study_project\data\ISIC2018_Task1-2_Training_Input\ISIC2018_Task1-2_Training_Input\ISIC_0011384.jpg,F:\PythonProjects\cv_study_project\data\ISIC2018_Task1_Training_GroundTruth\ISIC2018_Task1_Training_GroundTruth\ISIC_0011384_segmentation.png,256,256,0.259979,768,1024,3,1.0,255.0,"[0, 255]",False,False,False,False
ISIC_0012376,train,F:\PythonProjects\cv_study_project\data\ISIC2018_Task1-2_Training_Input\ISIC2018_Task1-2_Training_Input\ISIC_0012376.jpg,F:\PythonProjects\cv_study_project\data\ISIC2018_Task1_Training_GroundTruth\ISIC2018_Task1_Training_GroundTruth\ISIC_0012376_segmentation.png,256,256,0.009857,2000,3008,3,9.0,255.0,"[0, 255]",False,False,False,False
ISIC_0012095,train,F:\PythonProjects\cv_study_project\data\ISIC2018_Task1-2_Training_Input\ISIC2018_Task1-2_Training_Input\ISIC_0012095.jpg,F:\PythonProjects\cv_study_project\data\ISIC2018_Task1_Training_GroundTruth\ISIC2018_Task1_Training_GroundTruth\ISIC_0012095_segmentation.png,256,256,0.047226,2000,3008,3,26.0,250.0,"[0, 255]",False,False,False,False
ISIC_0000229,train,F:\PythonProjects\cv_study_project\data\ISIC2018_Task1-2_Training_Input\ISIC2018_Task1-2_Training_Input\ISIC_0000229.jpg,F:\PythonProjects\cv_study_project\data\ISIC2018_Task1_Training_GroundTruth\ISIC2018_Task1_Training_GroundTruth\ISIC_0000229_segmentation.png,256,256,0.42836,641,962,3,0.0,255.0,"[0, 255]",False,False,False,False
ISIC_0009943,train,F:\PythonProjects\cv_study_project\data\ISIC2018_Task1-2_Training_Input\ISIC2018_Task1-2_Training_Input\ISIC_0009943.jpg,F:\PythonProjects\cv_study_project\data\ISIC2018_Task1_Training_GroundTruth\ISIC2018_Task1_Training_GroundTruth\ISIC_0009943_segmentation.png,256,256,0.121689,768,1024,3,8.0,232.0,"[0, 255]",False,False,False,False
ISIC_0011128,train,F:\PythonProjects\cv_study_project\data\ISIC2018_Task1-2_Training_Input\ISIC2018_Task1-2_Training_Input\ISIC_0011128.jpg,F:\PythonProjects\cv_study_project\data\ISIC2018_Task1_Training_GroundTruth\ISIC2018_Task1_Training_GroundTruth\ISIC_0011128_segmentation.png,256,256,0.396133,768,1024,3,7.0,223.0,"[0, 255]",False,False,False,False
ISIC_0010364,train,F:\PythonProjects\cv_study_project\data\ISIC2018_Task1-2_Training_Input\ISIC2018_Task1-2_Training_Input\ISIC_0010364.jpg,F:\PythonProjects\cv_study_project\data\ISIC2018_Task1_Training_GroundTruth\ISIC2018_Task1_Training_GroundTruth\ISIC_0010364_segmentation.png,256,256,0.186127,768,1024,3,0.0,210.0,"[0, 255]",False,False,False,False
ISIC_0000176,train,F:\PythonProjects\cv_study_project\data\ISIC2018_Task1-2_Training_Input\ISIC2018_Task1-2_Training_Input\ISIC_0000176.jpg,F:\PythonProjects\cv_study_project\data\ISIC2018_Task1_Training_GroundTruth\ISIC2018_Task1_Training_GroundTruth\ISIC_0000176_segmentation.png,256,256,0.170502,1127,944,3,8.0,247.0,"[0, 255]",False,False,False,False
ISIC_0011306,train,F:\PythonProjects\cv_study_project\data\ISIC2018_Task1-2_Training_Input\ISIC2018_Task1-2_Training_Input\ISIC_0011306.jpg,F:\PythonProjects\cv_study_project\data\ISIC2018_Task1_Training_GroundTruth\ISIC2018_Task1_Training_GroundTruth\ISIC_0011306_segmentation.png,256,256,0.153671,768,1024,3,24.0,215.0,"[0, 255]",False,False,False,False
ISIC_0001190,train,F:\PythonProjects\cv_study_project\data\ISIC2018_Task1-2_Training_Input\ISIC2018_Task1-2_Training_Input\ISIC_0001190.jpg,F:\PythonProjects\cv_study_project\data\ISIC2018_Task1_Training_GroundTruth\ISIC2018_Task1_Training_GroundTruth\ISIC_0001190_segmentation.png,256,256,0.029953,2848,4288,3,7.0,230.0,"[0, 255]",False,False,False,False
ISIC_0010074,train,F:\PythonProjects\cv_study_project\data\ISIC2018_Task1-2_Training_Input\ISIC2018_Task1-2_Training_Input\ISIC_0010074.jpg,F:\PythonProjects\cv_study_project\data\ISIC2018_Task1_Training_GroundTruth\ISIC2018_Task1_Training_GroundTruth\ISIC_0010074_segmentation.png,256,256,0.236237,768,1024,3,31.0,238.0,"[0, 255]",False,False,False,False
ISIC_0011304,train,F:\PythonProjects\cv_study_project\data\ISIC2018_Task1-2_Training_Input\ISIC2018_Task1-2_Training_Input\ISIC_0011304.jpg,F:\PythonProjects\cv_study_project\data\ISIC2018_Task1_Training_GroundTruth\ISIC2018_Task1_Training_GroundTruth\ISIC_0011304_segmentation.png,256,256,0.081879,768,1024,3,3.0,206.0,"[0, 255]",False,False,False,False
ISIC_0006350,train,F:\PythonProjects\cv_study_project\data\ISIC2018_Task1-2_Training_Input\ISIC2018_Task1-2_Training_Input\ISIC_0006350.jpg,F:\PythonProjects\cv_study_project\data\ISIC2018_Task1_Training_GroundTruth\ISIC2018_Task1_Training_GroundTruth\ISIC_0006350_segmentation.png,256,256,0.119461,2016,3024,3,6.0,255.0,"[0, 255]",False,False,False,False
ISIC_0000066,train,F:\PythonProjects\cv_study_project\data\ISIC2018_Task1-2_Training_Input\ISIC2018_Task1-2_Training_Input\ISIC_0000066.jpg,F:\PythonProjects\cv_study_project\data\ISIC2018_Task1_Training_GroundTruth\ISIC2018_Task1_Training_GroundTruth\ISIC_0000066_segmentation.png,256,256,0.506119,722,962,3,10.0,245.0,"[0, 255]",False,False,False,False
ISIC_0009873,train,F:\PythonProjects\cv_study_project\data\ISIC2018_Task1-2_Training_Input\ISIC2018_Task1-2_Training_Input\ISIC_0009873.jpg,F:\PythonProjects\cv_study_project\data\ISIC2018_Task1_Training_GroundTruth\ISIC2018_Task1_Training_GroundTruth\ISIC_0009873_segmentation.png,256,256,0.262054,768,1024,3,0.0,236.0,"[0, 255]",False,False,False,False
ISIC_0010073,train,F:\PythonProjects\cv_study_project\data\ISIC2018_Task1-2_Training_Input\ISIC2018_Task1-2_Training_Input\ISIC_0010073.jpg,F:\PythonProjects\cv_study_project\data\ISIC2018_Task1_Training_GroundTruth\ISIC2018_Task1_Training_GroundTruth\ISIC_0010073_segmentation.png,256,256,0.291412,768,1024,3,80.0,226.0,"[0, 255]",False,False,False,False
ISIC_0011383,train,F:\PythonProjects\cv_study_project\data\ISIC2018_Task1-2_Training_Input\ISIC2018_Task1-2_Training_Input\ISIC_0011383.jpg,F:\PythonProjects\cv_study_project\data\ISIC2018_Task1_Training_GroundTruth\ISIC2018_Task1_Training_GroundTruth\ISIC_0011383_segmentation.png,256,256,0.131577,768,1024,3,16.0,232.0,"[0, 255]",False,False,False,False
ISIC_0000072,train,F:\PythonProjects\cv_study_project\data\ISIC2018_Task1-2_Training_Input\ISIC2018_Task1-2_Training_Input\ISIC_0000072.jpg,F:\PythonProjects\cv_study_project\data\ISIC2018_Task1_Training_GroundTruth\ISIC2018_Task1_Training_GroundTruth\ISIC_0000072_segmentation.png,256,256,0.123291,767,1022,3,0.0,218.0,"[0, 255]",False,False,False,False
ISIC_0010380,train,F:\PythonProjects\cv_study_project\data\ISIC2018_Task1-2_Training_Input\ISIC2018_Task1-2_Training_Input\ISIC_0010380.jpg,F:\PythonProjects\cv_study_project\data\ISIC2018_Task1_Training_GroundTruth\ISIC2018_Task1_Training_GroundTruth\ISIC_0010380_segmentation.png,256,256,0.126587,768,1024,3,39.0,226.0,"[0, 255]",False,False,False,False
ISIC_0010844,train,F:\PythonProjects\cv_study_project\data\ISIC2018_Task1-2_Training_Input\ISIC2018_Task1-2_Training_Input\ISIC_0010844.jpg,F:\PythonProjects\cv_study_project\data\ISIC2018_Task1_Training_GroundTruth\ISIC2018_Task1_Training_GroundTruth\ISIC_0010844_segmentation.png,256,256,0.251648,768,1024,3,6.0,253.0,"[0, 255]",False,False,False,False
ISIC_0010237,train,F:\PythonProjects\cv_study_project\data\ISIC2018_Task1-2_Training_Input\ISIC2018_Task1-2_Training_Input\ISIC_0010237.jpg,F:\PythonProjects\cv_study_project\data\ISIC2018_Task1_Training_GroundTruth\ISIC2018_Task1_Training_GroundTruth\ISIC_0010237_segmentation.png,256,256,0.055405,768,1024,3,0.0,238.0,"[0, 255]",False,False,False,False
ISIC_0009955,train,F:\PythonProjects\cv_study_project\data\ISIC2018_Task1-2_Training_Input\ISIC2018_Task1-2_Training_Input\ISIC_0009955.jpg,F:\PythonProjects\cv_study_project\data\ISIC2018_Task1_Training_GroundTruth\ISIC2018_Task1_Training_GroundTruth\ISIC_0009955_segmentation.png,256,256,0.1474,768,1024,3,0.0,255.0,"[0, 255]",False,False,False,False
ISIC_0000487,train,F:\PythonProjects\cv_study_project\data\ISIC2018_Task1-2_Training_Input\ISIC2018_Task1-2_Training_Input\ISIC_0000487.jpg,F:\PythonProjects\cv_study_project\data\ISIC2018_Task1_Training_GroundTruth\ISIC2018_Task1_Training_GroundTruth\ISIC_0000487_segmentation.png,256,256,0.406036,802,919,3,8.0,249.0,"[0, 255]",False,False,False,False
ISIC_0012726,train,F:\PythonProjects\cv_study_project\data\ISIC2018_Task1-2_Training_Input\ISIC2018_Task1-2_Training_Input\ISIC_0012726.jpg,F:\PythonProjects\cv_study_project\data\ISIC2018_Task1_Training_GroundTruth\ISIC2018_Task1_Training_GroundTruth\ISIC_0012726_segmentation.png,256,256,0.016083,2000,3008,3,1.0,151.0,"[0, 255]",False,False,False,False
ISIC_0010104,train,F:\PythonProjects\cv_study_project\data\ISIC2018_Task1-2_Training_Input\ISIC2018_Task1-2_Training_Input\ISIC_0010104.jpg,F:\PythonProjects\cv_study_project\data\ISIC2018_Task1_Training_GroundTruth\ISIC2018_Task1_Training_GroundTruth\ISIC_0010104_segmentation.png,256,256,0.052673,768,1024,3,0.0,255.0,"[0, 255]",False,False,False,False
ISIC_0009891,train,F:\PythonProjects\cv_study_project\data\ISIC2018_Task1-2_Training_Input\ISIC2018_Task1-2_Training_Input\ISIC_0009891.jpg,F:\PythonProjects\cv_study_project\data\ISIC2018_Task1_Training_GroundTruth\ISIC2018_Task1_Training_GroundTruth\ISIC_0009891_segmentation.png,256,256,0.18692,768,1024,3,15.0,217.0,"[0, 255]",False,False,False,False
ISIC_0000206,train,F:\PythonProjects\cv_study_project\data\ISIC2018_Task1-2_Training_Input\ISIC2018_Task1-2_Training_Input\ISIC_0000206.jpg,F:\PythonProjects\cv_study_project\data\ISIC2018_Task1_Training_GroundTruth\ISIC2018_Task1_Training_GroundTruth\ISIC_0000206_segmentation.png,256,256,0.17099,1051,1502,3,0.0,255.0,"[0, 255]",False,False,False,False
ISIC_0001871,train,F:\PythonProjects\cv_study_project\data\ISIC2018_Task1-2_Training_Input\ISIC2018_Task1-2_Training_Input\ISIC_0001871.jpg,F:\PythonProjects\cv_study_project\data\ISIC2018_Task1_Training_GroundTruth\ISIC2018_Task1_Training_GroundTruth\ISIC_0001871_segmentation.png,256,256,0.033813,2016,3024,3,0.0,255.0,"[0, 255]",False,False,False,False
ISIC_0012360,train,F:\PythonProjects\cv_study_project\data\ISIC2018_Task1-2_Training_Input\ISIC2018_Task1-2_Training_Input\ISIC_0012360.jpg,F:\PythonProjects\cv_study_project\data\ISIC2018_Task1_Training_GroundTruth\ISIC2018_Task1_Training_GroundTruth\ISIC_0012360_segmentation.png,256,256,0.04776,2000,3008,3,9.0,188.0,"[0, 255]",False,False,False,False
ISIC_0009958,train,F:\PythonProjects\cv_study_project\data\ISIC2018_Task1-2_Training_Input\ISIC2018_Task1-2_Training_Input\ISIC_0009958.jpg,F:\PythonProjects\cv_study_project\data\ISIC2018_Task1_Training_GroundTruth\ISIC2018_Task1_Training_GroundTruth\ISIC_0009958_segmentation.png,256,256,0.150192,768,1024,3,19.0,255.0,"[0, 255]",False,False,False,False
ISIC_0010013,train,F:\PythonProjects\cv_study_project\data\ISIC2018_Task1-2_Training_Input\ISIC2018_Task1-2_Training_Input\ISIC_0010013.jpg,F:\PythonProjects\cv_study_project\data\ISIC2018_Task1_Training_GroundTruth\ISIC2018_Task1_Training_GroundTruth\ISIC_0010013_segmentation.png,256,256,0.170273,768,1024,3,0.0,255.0,"[0, 255]",False,False,False,False
ISIC_0010105,train,F:\PythonProjects\cv_study_project\data\ISIC2018_Task1-2_Training_Input\ISIC2018_Task1-2_Training_Input\ISIC_0010105.jpg,F:\PythonProjects\cv_study_project\data\ISIC2018_Task1_Training_GroundTruth\ISIC2018_Task1_Training_GroundTruth\ISIC_0010105_segmentation.png,256,256,0.144806,768,1024,3,20.0,250.0,"[0, 255]",False,False,False,False
ISIC_0006612,train,F:\PythonProjects\cv_study_project\data\ISIC2018_Task1-2_Training_Input\ISIC2018_Task1-2_Training_Input\ISIC_0006612.jpg,F:\PythonProjects\cv_study_project\data\ISIC2018_Task1_Training_GroundTruth\ISIC2018_Task1_Training_GroundTruth\ISIC_0006612_segmentation.png,256,256,0.062576,2848,4288,3,13.0,255.0,"[0, 255]",False,False,False,False
ISIC_0010566,train,F:\PythonProjects\cv_study_project\data\ISIC2018_Task1-2_Training_Input\ISIC2018_Task1-2_Training_Input\ISIC_0010566.jpg,F:\PythonProjects\cv_study_project\data\ISIC2018_Task1_Training_GroundTruth\ISIC2018_Task1_Training_GroundTruth\ISIC_0010566_segmentation.png,256,256,0.142181,768,1024,3,32.0,240.0,"[0, 255]",False,False,False,False
ISIC_0010326,train,F:\PythonProjects\cv_study_project\data\ISIC2018_Task1-2_Training_Input\ISIC2018_Task1-2_Training_Input\ISIC_0010326.jpg,F:\PythonProjects\cv_study_project\data\ISIC2018_Task1_Training_GroundTruth\ISIC2018_Task1_Training_GroundTruth\ISIC_0010326_segmentation.png,256,256,0.353195,768,1024,3,22.0,200.0,"[0, 255]",False,False,False,False
ISIC_0000301,train,F:\PythonProjects\cv_study_project\data\ISIC2018_Task1-2_Training_Input\ISIC2018_Task1-2_Training_Input\ISIC_0000301.jpg,F:\PythonProjects\cv_study_project\data\ISIC2018_Task1_Training_GroundTruth\ISIC2018_Task1_Training_GroundTruth\ISIC_0000301_segmentation.png,256,256,0.840546,576,767,3,0.0,255.0,"[0, 255]",False,False,False,False
ISIC_0000523,train,F:\PythonProjects\cv_study_project\data\ISIC2018_Task1-2_Training_Input\ISIC2018_Task1-2_Training_Input\ISIC_0000523.jpg,F:\PythonProjects\cv_study_project\data\ISIC2018_Task1_Training_GroundTruth\ISIC2018_Task1_Training_GroundTruth\ISIC_0000523_segmentation.png,256,256,0.21669,802,919,3,0.0,182.0,"[0, 255]",False,False,False,False
ISIC_0000063,train,F:\PythonProjects\cv_study_project\data\ISIC2018_Task1-2_Training_Input\ISIC2018_Task1-2_Training_Input\ISIC_0000063.jpg,F:\PythonProjects\cv_study_project\data\ISIC2018_Task1_Training_GroundTruth\ISIC2018_Task1_Training_GroundTruth\ISIC_0000063_segmentation.png,256,256,0.433121,1129,1504,3,0.0,232.0,"[0, 255]",False,False,False,False
ISIC_0010458,train,F:\PythonProjects\cv_study_project\data\ISIC2018_Task1-2_Training_Input\ISIC2018_Task1-2_Training_Input\ISIC_0010458.jpg,F:\PythonProjects\cv_study_project\data\ISIC2018_Task1_Training_GroundTruth\ISIC2018_Task1_Training_GroundTruth\ISIC_0010458_segmentation.png,256,256,0.133331,768,1024,3,61.0,212.0,"[0, 255]",False,False,False,False
ISIC_0012674,train,F:\PythonProjects\cv_study_project\data\ISIC2018_Task1-2_Training_Input\ISIC2018_Task1-2_Training_Input\ISIC_0012674.jpg,F:\PythonProjects\cv_study_project\data\ISIC2018_Task1_Training_GroundTruth\ISIC2018_Task1_Training_GroundTruth\ISIC_0012674_segmentation.png,256,256,0.086884,2000,3008,3,22.0,243.0,"[0, 255]",False,False,False,False
ISIC_0012246,train,F:\PythonProjects\cv_study_project\data\ISIC2018_Task1-2_Training_Input\ISIC2018_Task1-2_Training_Input\ISIC_0012246.jpg,F:\PythonProjects\cv_study_project\data\ISIC2018_Task1_Training_GroundTruth\ISIC2018_Task1_Training_GroundTruth\ISIC_0012246_segmentation.png,256,256,0.134476,2848,4288,3,19.0,245.0,"[0, 255]",False,False,False,False
ISIC_0012309,train,F:\PythonProjects\cv_study_project\data\ISIC2018_Task1-2_Training_Input\ISIC2018_Task1-2_Training_Input\ISIC_0012309.jpg,F:\PythonProjects\cv_study_project\data\ISIC2018_Task1_Training_GroundTruth\ISIC2018_Task1_Training_GroundTruth\ISIC_0012309_segmentation.png,256,256,0.030731,2848,4288,3,17.0,255.0,"[0, 255]",False,False,False,False
ISIC_0010346,train,F:\PythonProjects\cv_study_project\data\ISIC2018_Task1-2_Training_Input\ISIC2018_Task1-2_Training_Input\ISIC_0010346.jpg,F:\PythonProjects\cv_study_project\data\ISIC2018_Task1_Training_GroundTruth\ISIC2018_Task1_Training_GroundTruth\ISIC_0010346_segmentation.png,256,256,0.293564,768,1024,3,47.0,227.0,"[0, 255]",False,False,False,False
ISIC_0000021,train,F:\PythonProjects\cv_study_project\data\ISIC2018_Task1-2_Training_Input\ISIC2018_Task1-2_Training_Input\ISIC_0000021.jpg,F:\PythonProjects\cv_study_project\data\ISIC2018_Task1_Training_GroundTruth\ISIC2018_Task1_Training_GroundTruth\ISIC_0000021_segmentation.png,256,256,0.253906,1129,1504,3,0.0,209.0,"[0, 255]",False,False,False,False
ISIC_0012487,train,F:\PythonProjects\cv_study_project\data\ISIC2018_Task1-2_Training_Input\ISIC2018_Task1-2_Training_Input\ISIC_0012487.jpg,F:\PythonProjects\cv_study_project\data\ISIC2018_Task1_Training_GroundTruth\ISIC2018_Task1_Training_GroundTruth\ISIC_0012487_segmentation.png,256,256,0.048538,2000,3008,3,28.0,254.0,"[0, 255]",False,False,False,False
ISIC_0000226,train,F:\PythonProjects\cv_study_project\data\ISIC2018_Task1-2_Training_Input\ISIC2018_Task1-2_Training_Input\ISIC_0000226.jpg,F:\PythonProjects\cv_study_project\data\ISIC2018_Task1_Training_GroundTruth\ISIC2018_Task1_Training_GroundTruth\ISIC_0000226_segmentation.png,256,256,0.474731,672,964,3,2.0,255.0,"[0, 255]",False,False,False,False
ISIC_0010492,train,F:\PythonProjects\cv_study_project\data\ISIC2018_Task1-2_Training_Input\ISIC2018_Task1-2_Training_Input\ISIC_0010492.jpg,F:\PythonProjects\cv_study_project\data\ISIC2018_Task1_Training_GroundTruth\ISIC2018_Task1_Training_GroundTruth\ISIC_0010492_segmentation.png,256,256,0.811249,768,1024,3,9.0,211.0,"[0, 255]",False,False,False,False
ISIC_0000531,train,F:\PythonProjects\cv_study_project\data\ISIC2018_Task1-2_Training_Input\ISIC2018_Task1-2_Training_Input\ISIC_0000531.jpg,F:\PythonProjects\cv_study_project\data\ISIC2018_Task1_Training_GroundTruth\ISIC2018_Task1_Training_GroundTruth\ISIC_0000531_segmentation.png,256,256,0.18602,802,919,3,0.0,217.0,"[0, 255]",False,False,False,False
ISIC_0010573,train,F:\PythonProjects\cv_study_project\data\ISIC2018_Task1-2_Training_Input\ISIC2018_Task1-2_Training_Input\ISIC_0010573.jpg,F:\PythonProjects\cv_study_project\data\ISIC2018_Task1_Training_GroundTruth\ISIC2018_Task1_Training_GroundTruth\ISIC_0010573_segmentation.png,256,256,0.382309,768,1024,3,4.0,196.0,"[0, 255]",False,False,False,False
ISIC_0009874,train,F:\PythonProjects\cv_study_project\data\ISIC2018_Task1-2_Training_Input\ISIC2018_Task1-2_Training_Input\ISIC_0009874.jpg,F:\PythonProjects\cv_study_project\data\ISIC2018_Task1_Training_GroundTruth\ISIC2018_Task1_Training_GroundTruth\ISIC_0009874_segmentation.png,256,256,0.136017,768,1024,3,2.0,255.0,"[0, 255]",False,False,False,False
ISIC_0012299,train,F:\PythonProjects\cv_study_project\data\ISIC2018_Task1-2_Training_Input\ISIC2018_Task1-2_Training_Input\ISIC_0012299.jpg,F:\PythonProjects\cv_study_project\data\ISIC2018_Task1_Training_GroundTruth\ISIC2018_Task1_Training_GroundTruth\ISIC_0012299_segmentation.png,256,256,0.176605,2000,3008,3,53.0,255.0,"[0, 255]",False,False,False,False
ISIC_0000187,train,F:\PythonProjects\cv_study_project\data\ISIC2018_Task1-2_Training_Input\ISIC2018_Task1-2_Training_Input\ISIC_0000187.jpg,F:\PythonProjects\cv_study_project\data\ISIC2018_Task1_Training_GroundTruth\ISIC2018_Task1_Training_GroundTruth\ISIC_0000187_segmentation.png,256,256,0.812149,542,722,3,0.0,255.0,"[0, 255]",False,False,False,False
ISIC_0011084,train,F:\PythonProjects\cv_study_project\data\ISIC2018_Task1-2_Training_Input\ISIC2018_Task1-2_Training_Input\ISIC_0011084.jpg,F:\PythonProjects\cv_study_project\data\ISIC2018_Task1_Training_GroundTruth\ISIC2018_Task1_Training_GroundTruth\ISIC_0011084_segmentation.png,256,256,0.277176,768,1024,3,11.0,228.0,"[0, 255]",False,False,False,False
ISIC_0010229,train,F:\PythonProjects\cv_study_project\data\ISIC2018_Task1-2_Training_Input\ISIC2018_Task1-2_Training_Input\ISIC_0010229.jpg,F:\PythonProjects\cv_study_project\data\ISIC2018_Task1_Training_GroundTruth\ISIC2018_Task1_Training_GroundTruth\ISIC_0010229_segmentation.png,256,256,0.189026,768,1024,3,5.0,250.0,"[0, 255]",False,False,False,False
ISIC_0010041,train,F:\PythonProjects\cv_study_project\data\ISIC2018_Task1-2_Training_Input\ISIC2018_Task1-2_Training_Input\ISIC_0010041.jpg,F:\PythonProjects\cv_study_project\data\ISIC2018_Task1_Training_GroundTruth\ISIC2018_Task1_Training_GroundTruth\ISIC_0010041_segmentation.png,256,256,0.833618,768,1024,3,22.0,202.0,"[0, 255]",False,False,False,False
ISIC_0011326,train,F:\PythonProjects\cv_study_project\data\ISIC2018_Task1-2_Training_Input\ISIC2018_Task1-2_Training_Input\ISIC_0011326.jpg,F:\PythonProjects\cv_study_project\data\ISIC2018_Task1_Training_GroundTruth\ISIC2018_Task1_Training_GroundTruth\ISIC_0011326_segmentation.png,256,256,0.208908,768,1024,3,34.0,205.0,"[0, 255]",False,False,False,False
ISIC_0000189,train,F:\PythonProjects\cv_study_project\data\ISIC2018_Task1-2_Training_Input\ISIC2018_Task1-2_Training_Input\ISIC_0000189.jpg,F:\PythonProjects\cv_study_project\data\ISIC2018_Task1_Training_GroundTruth\ISIC2018_Task1_Training_GroundTruth\ISIC_0000189_segmentation.png,256,256,0.407898,1051,1502,3,0.0,255.0,"[0, 255]",False,False,False,False
ISIC_0010248,train,F:\PythonProjects\cv_study_project\data\ISIC2018_Task1-2_Training_Input\ISIC2018_Task1-2_Training_Input\ISIC_0010248.jpg,F:\PythonProjects\cv_study_project\data\ISIC2018_Task1_Training_GroundTruth\ISIC2018_Task1_Training_GroundTruth\ISIC_0010248_segmentation.png,256,256,0.34021,768,1024,3,47.0,213.0,"[0, 255]",False,False,False,False
ISIC_0010335,train,F:\PythonProjects\cv_study_project\data\ISIC2018_Task1-2_Training_Input\ISIC2018_Task1-2_Training_Input\ISIC_0010335.jpg,F:\PythonProjects\cv_study_project\data\ISIC2018_Task1_Training_GroundTruth\ISIC2018_Task1_Training_GroundTruth\ISIC_0010335_segmentation.png,256,256,0.671799,768,1024,3,4.0,221.0,"[0, 255]",False,False,False,False
ISIC_0009976,train,F:\PythonProjects\cv_study_project\data\ISIC2018_Task1-2_Training_Input\ISIC2018_Task1-2_Training_Input\ISIC_0009976.jpg,F:\PythonProjects\cv_study_project\data\ISIC2018_Task1_Training_GroundTruth\ISIC2018_Task1_Training_GroundTruth\ISIC_0009976_segmentation.png,256,256,0.121704,768,1024,3,21.0,255.0,"[0, 255]",False,False,False,False
ISIC_0010349,train,F:\PythonProjects\cv_study_project\data\ISIC2018_Task1-2_Training_Input\ISIC2018_Task1-2_Training_Input\ISIC_0010349.jpg,F:\PythonProjects\cv_study_project\data\ISIC2018_Task1_Training_GroundTruth\ISIC2018_Task1_Training_GroundTruth\ISIC_0010349_segmentation.png,256,256,0.673843,768,1024,3,19.0,225.0,"[0, 255]",False,False,False,False
ISIC_0008552,train,F:\PythonProjects\cv_study_project\data\ISIC2018_Task1-2_Training_Input\ISIC2018_Task1-2_Training_Input\ISIC_0008552.jpg,F:\PythonProjects\cv_study_project\data\ISIC2018_Task1_Training_GroundTruth\ISIC2018_Task1_Training_GroundTruth\ISIC_0008552_segmentation.png,256,256,0.039932,2848,4288,3,11.0,255.0,"[0, 255]",False,False,False,False
ISIC_0000380,train,F:\PythonProjects\cv_study_project\data\ISIC2018_Task1-2_Training_Input\ISIC2018_Task1-2_Training_Input\ISIC_0000380.jpg,F:\PythonProjects\cv_study_project\data\ISIC2018_Task1_Training_GroundTruth\ISIC2018_Task1_Training_GroundTruth\ISIC_0000380_segmentation.png,256,256,0.407959,1958,2155,3,0.0,210.0,"[0, 255]",False,False,False,False
ISIC_0010267,train,F:\PythonProjects\cv_study_project\data\ISIC2018_Task1-2_Training_Input\ISIC2018_Task1-2_Training_Input\ISIC_0010267.jpg,F:\PythonProjects\cv_study_project\data\ISIC2018_Task1_Training_GroundTruth\ISIC2018_Task1_Training_GroundTruth\ISIC_0010267_segmentation.png,256,256,0.534637,768,1024,3,0.0,240.0,"[0, 255]",False,False,False,False
ISIC_0012390,train,F:\PythonProjects\cv_study_project\data\ISIC2018_Task1-2_Training_Input\ISIC2018_Task1-2_Training_Input\ISIC_0012390.jpg,F:\PythonProjects\cv_study_project\data\ISIC2018_Task1_Training_GroundTruth\ISIC2018_Task1_Training_GroundTruth\ISIC_0012390_segmentation.png,256,256,0.131027,2000,3008,3,13.0,255.0,"[0, 255]",False,False,False,False
ISIC_0000101,train,F:\PythonProjects\cv_study_project\data\ISIC2018_Task1-2_Training_Input\ISIC2018_Task1-2_Training_Input\ISIC_0000101.jpg,F:\PythonProjects\cv_study_project\data\ISIC2018_Task1_Training_GroundTruth\ISIC2018_Task1_Training_GroundTruth\ISIC_0000101_segmentation.png,256,256,0.389908,1704,2272,3,0.0,254.0,"[0, 255]",False,False,False,False
ISIC_0012549,train,F:\PythonProjects\cv_study_project\data\ISIC2018_Task1-2_Training_Input\ISIC2018_Task1-2_Training_Input\ISIC_0012549.jpg,F:\PythonProjects\cv_study_project\data\ISIC2018_Task1_Training_GroundTruth\ISIC2018_Task1_Training_GroundTruth\ISIC_0012549_segmentation.png,256,256,0.051239,2848,4288,3,17.0,241.0,"[0, 255]",False,False,False,False
ISIC_0012400,train,F:\PythonProjects\cv_study_project\data\ISIC2018_Task1-2_Training_Input\ISIC2018_Task1-2_Training_Input\ISIC_0012400.jpg,F:\PythonProjects\cv_study_project\data\ISIC2018_Task1_Training_GroundTruth\ISIC2018_Task1_Training_GroundTruth\ISIC_0012400_segmentation.png,256,256,0.13649,2848,4288,3,19.0,255.0,"[0, 255]",False,False,False,False
ISIC_0012517,train,F:\PythonProjects\cv_study_project\data\ISIC2018_Task1-2_Training_Input\ISIC2018_Task1-2_Training_Input\ISIC_0012517.jpg,F:\PythonProjects\cv_study_project\data\ISIC2018_Task1_Training_GroundTruth\ISIC2018_Task1_Training_GroundTruth\ISIC_0012517_segmentation.png,256,256,0.107269,2848,4288,3,9.0,193.0,"[0, 255]",False,False,False,False
ISIC_0010212,train,F:\PythonProjects\cv_study_project\data\ISIC2018_Task1-2_Training_Input\ISIC2018_Task1-2_Training_Input\ISIC_0010212.jpg,F:\PythonProjects\cv_study_project\data\ISIC2018_Task1_Training_GroundTruth\ISIC2018_Task1_Training_GroundTruth\ISIC_0010212_segmentation.png,256,256,0.335892,768,1024,3,27.0,248.0,"[0, 255]",False,False,False,False
ISIC_0001140,train,F:\PythonProjects\cv_study_project\data\ISIC2018_Task1-2_Training_Input\ISIC2018_Task1-2_Training_Input\ISIC_0001140.jpg,F:\PythonProjects\cv_study_project\data\ISIC2018_Task1_Training_GroundTruth\ISIC2018_Task1_Training_GroundTruth\ISIC_0001140_segmentation.png,256,256,0.294434,1936,1936,3,10.0,255.0,"[0, 255]",False,False,False,False
ISIC_0000098,train,F:\PythonProjects\cv_study_project\data\ISIC2018_Task1-2_Training_Input\ISIC2018_Task1-2_Training_Input\ISIC_0000098.jpg,F:\PythonProjects\cv_study_project\data\ISIC2018_Task1_Training_GroundTruth\ISIC2018_Task1_Training_GroundTruth\ISIC_0000098_segmentation.png,256,256,0.022491,1536,2048,3,0.0,235.0,"[0, 255]",False,False,False,False
ISIC_0000479,train,F:\PythonProjects\cv_study_project\data\ISIC2018_Task1-2_Training_Input\ISIC2018_Task1-2_Training_Input\ISIC_0000479.jpg,F:\PythonProjects\cv_study_project\data\ISIC2018_Task1_Training_GroundTruth\ISIC2018_Task1_Training_GroundTruth\ISIC_0000479_segmentation.png,256,256,0.500061,802,919,3,16.0,197.0,"[0, 255]",False,False,False,False
ISIC_0004115,train,F:\PythonProjects\cv_study_project\data\ISIC2018_Task1-2_Training_Input\ISIC2018_Task1-2_Training_Input\ISIC_0004115.jpg,F:\PythonProjects\cv_study_project\data\ISIC2018_Task1_Training_GroundTruth\ISIC2018_Task1_Training_GroundTruth\ISIC_0004115_segmentation.png,256,256,0.078522,2848,4288,3,0.0,248.0,"[0, 255]",False,False,False,False
ISIC_0000514,train,F:\PythonProjects\cv_study_project\data\ISIC2018_Task1-2_Training_Input\ISIC2018_Task1-2_Training_Input\ISIC_0000514.jpg,F:\PythonProjects\cv_study_project\data\ISIC2018_Task1_Training_GroundTruth\ISIC2018_Task1_Training_GroundTruth\ISIC_0000514_segmentation.png,256,256,0.130066,802,919,3,0.0,232.0,"[0, 255]",False,False,False,False
ISIC_0000343,train,F:\PythonProjects\cv_study_project\data\ISIC2018_Task1-2_Training_Input\ISIC2018_Task1-2_Training_Input\ISIC_0000343.jpg,F:\PythonProjects\cv_study_project\data\ISIC2018_Task1_Training_GroundTruth\ISIC2018_Task1_Training_GroundTruth\ISIC_0000343_segmentation.png,256,256,0.323868,576,767,3,0.0,255.0,"[0, 255]",False,False,False,False
ISIC_0000151,train,F:\PythonProjects\cv_study_project\data\ISIC2018_Task1-2_Training_Input\ISIC2018_Task1-2_Training_Input\ISIC_0000151.jpg,F:\PythonProjects\cv_study_project\data\ISIC2018_Task1_Training_GroundTruth\ISIC2018_Task1_Training_GroundTruth\ISIC_0000151_segmentation.png,256,256,0.099365,1536,2048,3,0.0,191.0,"[0, 255]",False,False,False,False
ISIC_0008347,train,F:\PythonProjects\cv_study_project\data\ISIC2018_Task1-2_Training_Input\ISIC2018_Task1-2_Training_Input\ISIC_0008347.jpg,F:\PythonProjects\cv_study_project\data\ISIC2018_Task1_Training_GroundTruth\ISIC2018_Task1_Training_GroundTruth\ISIC_0008347_segmentation.png,256,256,0.034012,2848,4288,3,0.0,255.0,"[0, 255]",False,False,False,False
ISIC_0010596,train,F:\PythonProjects\cv_study_project\data\ISIC2018_Task1-2_Training_Input\ISIC2018_Task1-2_Training_Input\ISIC_0010596.jpg,F:\PythonProjects\cv_study_project\data\ISIC2018_Task1_Training_GroundTruth\ISIC2018_Task1_Training_GroundTruth\ISIC_0010596_segmentation.png,256,256,0.40683,768,1024,3,0.0,230.0,"[0, 255]",False,False,False,False
ISIC_0007557,train,F:\PythonProjects\cv_study_project\data\ISIC2018_Task1-2_Training_Input\ISIC2018_Task1-2_Training_Input\ISIC_0007557.jpg,F:\PythonProjects\cv_study_project\data\ISIC2018_Task1_Training_GroundTruth\ISIC2018_Task1_Training_GroundTruth\ISIC_0007557_segmentation.png,256,256,0.128845,2016,3024,3,0.0,255.0,"[0, 255]",False,False,False,False
ISIC_0000349,train,F:\PythonProjects\cv_study_project\data\ISIC2018_Task1-2_Training_Input\ISIC2018_Task1-2_Training_Input\ISIC_0000349.jpg,F:\PythonProjects\cv_study_project\data\ISIC2018_Task1_Training_GroundTruth\ISIC2018_Task1_Training_GroundTruth\ISIC_0000349_segmentation.png,256,256,0.127625,576,767,3,0.0,255.0,"[0, 255]",False,False,False,False
ISIC_0000342,train,F:\PythonProjects\cv_study_project\data\ISIC2018_Task1-2_Training_Input\ISIC2018_Task1-2_Training_Input\ISIC_0000342.jpg,F:\PythonProjects\cv_study_project\data\ISIC2018_Task1_Training_GroundTruth\ISIC2018_Task1_Training_GroundTruth\ISIC_0000342_segmentation.png,256,256,0.169159,576,767,3,0.0,255.0,"[0, 255]",False,False,False,False
ISIC_0009942,train,F:\PythonProjects\cv_study_project\data\ISIC2018_Task1-2_Training_Input\ISIC2018_Task1-2_Training_Input\ISIC_0009942.jpg,F:\PythonProjects\cv_study_project\data\ISIC2018_Task1_Training_GroundTruth\ISIC2018_Task1_Training_GroundTruth\ISIC_0009942_segmentation.png,256,256,0.195328,768,1024,3,4.0,229.0,"[0, 255]",False,False,False,False
ISIC_0012263,train,F:\PythonProjects\cv_study_project\data\ISIC2018_Task1-2_Training_Input\ISIC2018_Task1-2_Training_Input\ISIC_0012263.jpg,F:\PythonProjects\cv_study_project\data\ISIC2018_Task1_Training_GroundTruth\ISIC2018_Task1_Training_GroundTruth\ISIC_0012263_segmentation.png,256,256,0.039444,2848,4288,3,18.0,173.0,"[0, 255]",False,False,False,False
ISIC_0011143,train,F:\PythonProjects\cv_study_project\data\ISIC2018_Task1-2_Training_Input\ISIC2018_Task1-2_Training_Input\ISIC_0011143.jpg,F:\PythonProjects\cv_study_project\data\ISIC2018_Task1_Training_GroundTruth\ISIC2018_Task1_Training_GroundTruth\ISIC_0011143_segmentation.png,256,256,0.012222,768,1024,3,36.0,251.0,"[0, 255]",False,False,False,False
ISIC_0012681,train,F:\PythonProjects\cv_study_project\data\ISIC2018_Task1-2_Training_Input\ISIC2018_Task1-2_Training_Input\ISIC_0012681.jpg,F:\PythonProjects\cv_study_project\data\ISIC2018_Task1_Training_GroundTruth\ISIC2018_Task1_Training_GroundTruth\ISIC_0012681_segmentation.png,256,256,0.014954,2000,3008,3,25.0,253.0,"[0, 255]",False,False,False,False
ISIC_0000141,train,F:\PythonProjects\cv_study_project\data\ISIC2018_Task1-2_Training_Input\ISIC2018_Task1-2_Training_Input\ISIC_0000141.jpg,F:\PythonProjects\cv_study_project\data\ISIC2018_Task1_Training_GroundTruth\ISIC2018_Task1_Training_GroundTruth\ISIC_0000141_segmentation.png,256,256,0.171967,1536,2048,3,11.0,208.0,"[0, 255]",False,False,False,False
ISIC_0003308,train,F:\PythonProjects\cv_study_project\data\ISIC2018_Task1-2_Training_Input\ISIC2018_Task1-2_Training_Input\ISIC_0003308.jpg,F:\PythonProjects\cv_study_project\data\ISIC2018_Task1_Training_GroundTruth\ISIC2018_Task1_Training_GroundTruth\ISIC_0003308_segmentation.png,256,256,0.093857,2016,3024,3,0.0,251.0,"[0, 255]",False,False,False,False
ISIC_0000184,train,F:\PythonProjects\cv_study_project\data\ISIC2018_Task1-2_Training_Input\ISIC2018_Task1-2_Training_Input\ISIC_0000184.jpg,F:\PythonProjects\cv_study_project\data\ISIC2018_Task1_Training_GroundTruth\ISIC2018_Task1_Training_GroundTruth\ISIC_0000184_segmentation.png,256,256,0.410736,707,1057,3,0.0,255.0,"[0, 255]",False,False,False,False
ISIC_0000461,train,F:\PythonProjects\cv_study_project\data\ISIC2018_Task1-2_Training_Input\ISIC2018_Task1-2_Training_Input\ISIC_0000461.jpg,F:\PythonProjects\cv_study_project\data\ISIC2018_Task1_Training_GroundTruth\ISIC2018_Task1_Training_GroundTruth\ISIC_0000461_segmentation.png,256,256,0.328766,802,919,3,4.0,172.0,"[0, 255]",False,False,False,False
ISIC_0012684,train,F:\PythonProjects\cv_study_project\data\ISIC2018_Task1-2_Training_Input\ISIC2018_Task1-2_Training_Input\ISIC_0012684.jpg,F:\PythonProjects\cv_study_project\data\ISIC2018_Task1_Training_GroundTruth\ISIC2018_Task1_Training_GroundTruth\ISIC_0012684_segmentation.png,256,256,0.142944,2000,3008,3,4.0,212.0,"[0, 255]",False,False,False,False
ISIC_0010472,train,F:\PythonProjects\cv_study_project\data\ISIC2018_Task1-2_Training_Input\ISIC2018_Task1-2_Training_Input\ISIC_0010472.jpg,F:\PythonProjects\cv_study_project\data\ISIC2018_Task1_Training_GroundTruth\ISIC2018_Task1_Training_GroundTruth\ISIC_0010472_segmentation.png,256,256,0.046585,768,1024,3,0.0,255.0,"[0, 255]",False,False,False,False
ISIC_0000355,train,F:\PythonProjects\cv_study_project\data\ISIC2018_Task1-2_Training_Input\ISIC2018_Task1-2_Training_Input\ISIC_0000355.jpg,F:\PythonProjects\cv_study_project\data\ISIC2018_Task1_Training_GroundTruth\ISIC2018_Task1_Training_GroundTruth\ISIC_0000355_segmentation.png,256,256,0.390747,576,767,3,0.0,255.0,"[0, 255]",False,False,False,False
ISIC_0001262,train,F:\PythonProjects\cv_study_project\data\ISIC2018_Task1-2_Training_Input\ISIC2018_Task1-2_Training_Input\ISIC_0001262.jpg,F:\PythonProjects\cv_study_project\data\ISIC2018_Task1_Training_GroundTruth\ISIC2018_Task1_Training_GroundTruth\ISIC_0001262_segmentation.png,256,256,0.047089,2016,3024,3,0.0,238.0,"[0, 255]",False,False,False,False
ISIC_0012216,train,F:\PythonProjects\cv_study_project\data\ISIC2018_Task1-2_Training_Input\ISIC2018_Task1-2_Training_Input\ISIC_0012216.jpg,F:\PythonProjects\cv_study_project\data\ISIC2018_Task1_Training_GroundTruth\ISIC2018_Task1_Training_GroundTruth\ISIC_0012216_segmentation.png,256,256,0.207809,2000,3008,3,16.0,255.0,"[0, 255]",False,False,False,False
ISIC_0000287,train,F:\PythonProjects\cv_study_project\data\ISIC2018_Task1-2_Training_Input\ISIC2018_Task1-2_Training_Input\ISIC_0000287.jpg,F:\PythonProjects\cv_study_project\data\ISIC2018_Task1_Training_GroundTruth\ISIC2018_Task1_Training_GroundTruth\ISIC_0000287_segmentation.png,256,256,0.308777,768,1024,3,0.0,237.0,"[0, 255]",False,False,False,False
ISIC_0008992,train,F:\PythonProjects\cv_study_project\data\ISIC2018_Task1-2_Training_Input\ISIC2018_Task1-2_Training_Input\ISIC_0008992.jpg,F:\PythonProjects\cv_study_project\data\ISIC2018_Task1_Training_GroundTruth\ISIC2018_Task1_Training_GroundTruth\ISIC_0008992_segmentation.png,256,256,0.04129,2848,4288,3,11.0,255.0,"[0, 255]",False,False,False,False
ISIC_0000293,train,F:\PythonProjects\cv_study_project\data\ISIC2018_Task1-2_Training_Input\ISIC2018_Task1-2_Training_Input\ISIC_0000293.jpg,F:\PythonProjects\cv_study_project\data\ISIC2018_Task1_Training_GroundTruth\ISIC2018_Task1_Training_GroundTruth\ISIC_0000293_segmentation.png,256,256,0.783768,768,1024,3,0.0,255.0,"[0, 255]",False,False,False,False
ISIC_0011362,train,F:\PythonProjects\cv_study_project\data\ISIC2018_Task1-2_Training_Input\ISIC2018_Task1-2_Training_Input\ISIC_0011362.jpg,F:\PythonProjects\cv_study_project\data\ISIC2018_Task1_Training_GroundTruth\ISIC2018_Task1_Training_GroundTruth\ISIC_0011362_segmentation.png,256,256,0.17569,768,1024,3,2.0,211.0,"[0, 255]",False,False,False,False
ISIC_0012529,train,F:\PythonProjects\cv_study_project\data\ISIC2018_Task1-2_Training_Input\ISIC2018_Task1-2_Training_Input\ISIC_0012529.jpg,F:\PythonProjects\cv_study_project\data\ISIC2018_Task1_Training_GroundTruth\ISIC2018_Task1_Training_GroundTruth\ISIC_0012529_segmentation.png,256,256,0.023315,2848,4288,3,3.0,246.0,"[0, 255]",False,False,False,False
ISIC_0009932,train,F:\PythonProjects\cv_study_project\data\ISIC2018_Task1-2_Training_Input\ISIC2018_Task1-2_Training_Input\ISIC_0009932.jpg,F:\PythonProjects\cv_study_project\data\ISIC2018_Task1_Training_GroundTruth\ISIC2018_Task1_Training_GroundTruth\ISIC_0009932_segmentation.png,256,256,0.246185,768,1024,3,15.0,213.0,"[0, 255]",False,False,False,False
ISIC_0010598,train,F:\PythonProjects\cv_study_project\data\ISIC2018_Task1-2_Training_Input\ISIC2018_Task1-2_Training_Input\ISIC_0010598.jpg,F:\PythonProjects\cv_study_project\data\ISIC2018_Task1_Training_GroundTruth\ISIC2018_Task1_Training_GroundTruth\ISIC_0010598_segmentation.png,256,256,0.062363,768,1024,3,24.0,255.0,"[0, 255]",False,False,False,False
ISIC_0012285,train,F:\PythonProjects\cv_study_project\data\ISIC2018_Task1-2_Training_Input\ISIC2018_Task1-2_Training_Input\ISIC_0012285.jpg,F:\PythonProjects\cv_study_project\data\ISIC2018_Task1_Training_GroundTruth\ISIC2018_Task1_Training_GroundTruth\ISIC_0012285_segmentation.png,256,256,0.014877,2000,3008,3,8.0,255.0,"[0, 255]",False,False,False,False
ISIC_0000265,train,F:\PythonProjects\cv_study_project\data\ISIC2018_Task1-2_Training_Input\ISIC2018_Task1-2_Training_Input\ISIC_0000265.jpg,F:\PythonProjects\cv_study_project\data\ISIC2018_Task1_Training_GroundTruth\ISIC2018_Task1_Training_GroundTruth\ISIC_0000265_segmentation.png,256,256,0.250061,768,1024,3,35.0,191.0,"[0, 255]",False,False,False,False
ISIC_0010014,train,F:\PythonProjects\cv_study_project\data\ISIC2018_Task1-2_Training_Input\ISIC2018_Task1-2_Training_Input\ISIC_0010014.jpg,F:\PythonProjects\cv_study_project\data\ISIC2018_Task1_Training_GroundTruth\ISIC2018_Task1_Training_GroundTruth\ISIC_0010014_segmentation.png,256,256,0.156616,768,1024,3,0.0,255.0,"[0, 255]",False,False,False,False
ISIC_0009981,train,F:\PythonProjects\cv_study_project\data\ISIC2018_Task1-2_Training_Input\ISIC2018_Task1-2_Training_Input\ISIC_0009981.jpg,F:\PythonProjects\cv_study_project\data\ISIC2018_Task1_Training_GroundTruth\ISIC2018_Task1_Training_GroundTruth\ISIC_0009981_segmentation.png,256,256,0.070007,768,1024,3,5.0,214.0,"[0, 255]",False,False,False,False
ISIC_0012464,train,F:\PythonProjects\cv_study_project\data\ISIC2018_Task1-2_Training_Input\ISIC2018_Task1-2_Training_Input\ISIC_0012464.jpg,F:\PythonProjects\cv_study_project\data\ISIC2018_Task1_Training_GroundTruth\ISIC2018_Task1_Training_GroundTruth\ISIC_0012464_segmentation.png,256,256,0.028,2848,4288,3,32.0,255.0,"[0, 255]",False,False,False,False
ISIC_0008207,train,F:\PythonProjects\cv_study_project\data\ISIC2018_Task1-2_Training_Input\ISIC2018_Task1-2_Training_Input\ISIC_0008207.jpg,F:\PythonProjects\cv_study_project\data\ISIC2018_Task1_Training_GroundTruth\ISIC2018_Task1_Training_GroundTruth\ISIC_0008207_segmentation.png,256,256,0.034744,2848,4288,3,0.0,255.0,"[0, 255]",False,False,False,False
ISIC_0010856,train,F:\PythonProjects\cv_study_project\data\ISIC2018_Task1-2_Training_Input\ISIC2018_Task1-2_Training_Input\ISIC_0010856.jpg,F:\PythonProjects\cv_study_project\data\ISIC2018_Task1_Training_GroundTruth\ISIC2018_Task1_Training_GroundTruth\ISIC_0010856_segmentation.png,256,256,0.2603,768,1024,3,74.0,251.0,"[0, 255]",False,False,False,False
ISIC_0000473,train,F:\PythonProjects\cv_study_project\data\ISIC2018_Task1-2_Training_Input\ISIC2018_Task1-2_Training_Input\ISIC_0000473.jpg,F:\PythonProjects\cv_study_project\data\ISIC2018_Task1_Training_GroundTruth\ISIC2018_Task1_Training_GroundTruth\ISIC_0000473_segmentation.png,256,256,0.172745,2000,3008,3,12.0,245.0,"[0, 255]",False,False,False,False
ISIC_0001142,train,F:\PythonProjects\cv_study_project\data\ISIC2018_Task1-2_Training_Input\ISIC2018_Task1-2_Training_Input\ISIC_0001142.jpg,F:\PythonProjects\cv_study_project\data\ISIC2018_Task1_Training_GroundTruth\ISIC2018_Task1_Training_GroundTruth\ISIC_0001142_segmentation.png,256,256,0.492584,2304,3072,3,0.0,213.0,"[0, 255]",False,False,False,False
ISIC_0000173,train,F:\PythonProjects\cv_study_project\data\ISIC2018_Task1-2_Training_Input\ISIC2018_Task1-2_Training_Input\ISIC_0000173.jpg,F:\PythonProjects\cv_study_project\data\ISIC2018_Task1_Training_GroundTruth\ISIC2018_Task1_Training_GroundTruth\ISIC_0000173_segmentation.png,256,256,0.33577,545,722,3,5.0,255.0,"[0, 255]",False,False,False,False
ISIC_0011338,train,F:\PythonProjects\cv_study_project\data\ISIC2018_Task1-2_Training_Input\ISIC2018_Task1-2_Training_Input\ISIC_0011338.jpg,F:\PythonProjects\cv_study_project\data\ISIC2018_Task1_Training_GroundTruth\ISIC2018_Task1_Training_GroundTruth\ISIC_0011338_segmentation.png,256,256,0.162323,768,1024,3,17.0,239.0,"[0, 255]",False,False,False,False
ISIC_0000093,train,F:\PythonProjects\cv_study_project\data\ISIC2018_Task1-2_Training_Input\ISIC2018_Task1-2_Training_Input\ISIC_0000093.jpg,F:\PythonProjects\cv_study_project\data\ISIC2018_Task1_Training_GroundTruth\ISIC2018_Task1_Training_GroundTruth\ISIC_0000093_segmentation.png,256,256,0.109451,1536,2048,3,0.0,217.0,"[0, 255]",False,False,False,False
ISIC_0009978,train,F:\PythonProjects\cv_study_project\data\ISIC2018_Task1-2_Training_Input\ISIC2018_Task1-2_Training_Input\ISIC_0009978.jpg,F:\PythonProjects\cv_study_project\data\ISIC2018_Task1_Training_GroundTruth\ISIC2018_Task1_Training_GroundTruth\ISIC_0009978_segmentation.png,256,256,0.201996,768,1024,3,9.0,222.0,"[0, 255]",False,False,False,False
ISIC_0001103,train,F:\PythonProjects\cv_study_project\data\ISIC2018_Task1-2_Training_Input\ISIC2018_Task1-2_Training_Input\ISIC_0001103.jpg,F:\PythonProjects\cv_study_project\data\ISIC2018_Task1_Training_GroundTruth\ISIC2018_Task1_Training_GroundTruth\ISIC_0001103_segmentation.png,256,256,0.19455,2592,3872,3,30.0,231.0,"[0, 255]",False,False,False,False
ISIC_0000078,train,F:\PythonProjects\cv_study_project\data\ISIC2018_Task1-2_Training_Input\ISIC2018_Task1-2_Training_Input\ISIC_0000078.jpg,F:\PythonProjects\cv_study_project\data\ISIC2018_Task1_Training_GroundTruth\ISIC2018_Task1_Training_GroundTruth\ISIC_0000078_segmentation.png,256,256,0.112045,1129,1504,3,0.0,203.0,"[0, 255]",False,False,False,False
ISIC_0000519,train,F:\PythonProjects\cv_study_project\data\ISIC2018_Task1-2_Training_Input\ISIC2018_Task1-2_Training_Input\ISIC_0000519.jpg,F:\PythonProjects\cv_study_project\data\ISIC2018_Task1_Training_GroundTruth\ISIC2018_Task1_Training_GroundTruth\ISIC_0000519_segmentation.png,256,256,0.477448,2304,3072,3,0.0,204.0,"[0, 255]",False,False,False,False
ISIC_0010587,train,F:\PythonProjects\cv_study_project\data\ISIC2018_Task1-2_Training_Input\ISIC2018_Task1-2_Training_Input\ISIC_0010587.jpg,F:\PythonProjects\cv_study_project\data\ISIC2018_Task1_Training_GroundTruth\ISIC2018_Task1_Training_GroundTruth\ISIC_0010587_segmentation.png,256,256,0.151855,768,1024,3,23.0,228.0,"[0, 255]",False,False,False,False
ISIC_0000082,train,F:\PythonProjects\cv_study_project\data\ISIC2018_Task1-2_Training_Input\ISIC2018_Task1-2_Training_Input\ISIC_0000082.jpg,F:\PythonProjects\cv_study_project\data\ISIC2018_Task1_Training_GroundTruth\ISIC2018_Task1_Training_GroundTruth\ISIC_0000082_segmentation.png,256,256,0.259079,1536,2048,3,0.0,224.0,"[0, 255]",False,False,False,False
ISIC_0000386,train,F:\PythonProjects\cv_study_project\data\ISIC2018_Task1-2_Training_Input\ISIC2018_Task1-2_Training_Input\ISIC_0000386.jpg,F:\PythonProjects\cv_study_project\data\ISIC2018_Task1_Training_GroundTruth\ISIC2018_Task1_Training_GroundTruth\ISIC_0000386_segmentation.png,256,256,0.162231,2304,3072,3,22.0,232.0,"[0, 255]",False,False,False,False
ISIC_0000127,train,F:\PythonProjects\cv_study_project\data\ISIC2018_Task1-2_Training_Input\ISIC2018_Task1-2_Training_Input\ISIC_0000127.jpg,F:\PythonProjects\cv_study_project\data\ISIC2018_Task1_Training_GroundTruth\ISIC2018_Task1_Training_GroundTruth\ISIC_0000127_segmentation.png,256,256,0.429153,1536,2048,3,4.0,206.0,"[0, 255]",False,False,False,False
ISIC_0010042,train,F:\PythonProjects\cv_study_project\data\ISIC2018_Task1-2_Training_Input\ISIC2018_Task1-2_Training_Input\ISIC_0010042.jpg,F:\PythonProjects\cv_study_project\data\ISIC2018_Task1_Training_GroundTruth\ISIC2018_Task1_Training_GroundTruth\ISIC_0010042_segmentation.png,256,256,0.150787,768,1024,3,69.0,255.0,"[0, 255]",False,False,False,False
ISIC_0000062,train,F:\PythonProjects\cv_study_project\data\ISIC2018_Task1-2_Training_Input\ISIC2018_Task1-2_Training_Input\ISIC_0000062.jpg,F:\PythonProjects\cv_study_project\data\ISIC2018_Task1_Training_GroundTruth\ISIC2018_Task1_Training_GroundTruth\ISIC_0000062_segmentation.png,256,256,0.082077,1129,1504,3,0.0,189.0,"[0, 255]",False,False,False,False
ISIC_0008145,train,F:\PythonProjects\cv_study_project\data\ISIC2018_Task1-2_Training_Input\ISIC2018_Task1-2_Training_Input\ISIC_0008145.jpg,F:\PythonProjects\cv_study_project\data\ISIC2018_Task1_Training_GroundTruth\ISIC2018_Task1_Training_GroundTruth\ISIC_0008145_segmentation.png,256,256,0.025314,2848,4288,3,17.0,255.0,"[0, 255]",False,False,False,False
ISIC_0000111,train,F:\PythonProjects\cv_study_project\data\ISIC2018_Task1-2_Training_Input\ISIC2018_Task1-2_Training_Input\ISIC_0000111.jpg,F:\PythonProjects\cv_study_project\data\ISIC2018_Task1_Training_GroundTruth\ISIC2018_Task1_Training_GroundTruth\ISIC_0000111_segmentation.png,256,256,0.603241,1536,2048,3,12.0,255.0,"[0, 255]",False,False,False,False
ISIC_0012212,train,F:\PythonProjects\cv_study_project\data\ISIC2018_Task1-2_Training_Input\ISIC2018_Task1-2_Training_Input\ISIC_0012212.jpg,F:\PythonProjects\cv_study_project\data\ISIC2018_Task1_Training_GroundTruth\ISIC2018_Task1_Training_GroundTruth\ISIC_0012212_segmentation.png,256,256,0.026367,2000,3008,3,38.0,235.0,"[0, 255]",False,False,False,False
ISIC_0010861,train,F:\PythonProjects\cv_study_project\data\ISIC2018_Task1-2_Training_Input\ISIC2018_Task1-2_Training_Input\ISIC_0010861.jpg,F:\PythonProjects\cv_study_project\data\ISIC2018_Task1_Training_GroundTruth\ISIC2018_Task1_Training_GroundTruth\ISIC_0010861_segmentation.png,256,256,0.036835,768,1024,3,0.0,229.0,"[0, 255]",False,False,False,False
ISIC_0011123,train,F:\PythonProjects\cv_study_project\data\ISIC2018_Task1-2_Training_Input\ISIC2018_Task1-2_Training_Input\ISIC_0011123.jpg,F:\PythonProjects\cv_study_project\data\ISIC2018_Task1_Training_GroundTruth\ISIC2018_Task1_Training_GroundTruth\ISIC_0011123_segmentation.png,256,256,0.280243,768,1024,3,18.0,217.0,"[0, 255]",False,False,False,False
ISIC_0002476,train,F:\PythonProjects\cv_study_project\data\ISIC2018_Task1-2_Training_Input\ISIC2018_Task1-2_Training_Input\ISIC_0002476.jpg,F:\PythonProjects\cv_study_project\data\ISIC2018_Task1_Training_GroundTruth\ISIC2018_Task1_Training_GroundTruth\ISIC_0002476_segmentation.png,256,256,0.065308,2016,3024,3,1.0,230.0,"[0, 255]",False,False,False,False
ISIC_0000498,train,F:\PythonProjects\cv_study_project\data\ISIC2018_Task1-2_Training_Input\ISIC2018_Task1-2_Training_Input\ISIC_0000498.jpg,F:\PythonProjects\cv_study_project\data\ISIC2018_Task1_Training_GroundTruth\ISIC2018_Task1_Training_GroundTruth\ISIC_0000498_segmentation.png,256,256,0.29332,802,919,3,7.0,222.0,"[0, 255]",False,False,False,False
ISIC_0009964,train,F:\PythonProjects\cv_study_project\data\ISIC2018_Task1-2_Training_Input\ISIC2018_Task1-2_Training_Input\ISIC_0009964.jpg,F:\PythonProjects\cv_study_project\data\ISIC2018_Task1_Training_GroundTruth\ISIC2018_Task1_Training_GroundTruth\ISIC_0009964_segmentation.png,256,256,0.065491,768,1024,3,9.0,222.0,"[0, 255]",False,False,False,False
ISIC_0007087,train,F:\PythonProjects\cv_study_project\data\ISIC2018_Task1-2_Training_Input\ISIC2018_Task1-2_Training_Input\ISIC_0007087.jpg,F:\PythonProjects\cv_study_project\data\ISIC2018_Task1_Training_GroundTruth\ISIC2018_Task1_Training_GroundTruth\ISIC_0007087_segmentation.png,256,256,0.116409,2016,3024,3,0.0,255.0,"[0, 255]",False,False,False,False
ISIC_0011327,train,F:\PythonProjects\cv_study_project\data\ISIC2018_Task1-2_Training_Input\ISIC2018_Task1-2_Training_Input\ISIC_0011327.jpg,F:\PythonProjects\cv_study_project\data\ISIC2018_Task1_Training_GroundTruth\ISIC2018_Task1_Training_GroundTruth\ISIC_0011327_segmentation.png,256,256,0.371475,768,1024,3,14.0,255.0,"[0, 255]",False,False,False,False
ISIC_0000419,train,F:\PythonProjects\cv_study_project\data\ISIC2018_Task1-2_Training_Input\ISIC2018_Task1-2_Training_Input\ISIC_0000419.jpg,F:\PythonProjects\cv_study_project\data\ISIC2018_Task1_Training_GroundTruth\ISIC2018_Task1_Training_GroundTruth\ISIC_0000419_segmentation.png,256,256,0.328598,2304,3072,3,0.0,212.0,"[0, 255]",False,False,False,False
ISIC_0000040,train,F:\PythonProjects\cv_study_project\data\ISIC2018_Task1-2_Training_Input\ISIC2018_Task1-2_Training_Input\ISIC_0000040.jpg,F:\PythonProjects\cv_study_project\data\ISIC2018_Task1_Training_GroundTruth\ISIC2018_Task1_Training_GroundTruth\ISIC_0000040_segmentation.png,256,256,0.268631,1129,1504,3,0.0,244.0,"[0, 255]",False,False,False,False
ISIC_0003539,train,F:\PythonProjects\cv_study_project\data\ISIC2018_Task1-2_Training_Input\ISIC2018_Task1-2_Training_Input\ISIC_0003539.jpg,F:\PythonProjects\cv_study_project\data\ISIC2018_Task1_Training_GroundTruth\ISIC2018_Task1_Training_GroundTruth\ISIC_0003539_segmentation.png,256,256,0.052002,2016,3024,3,0.0,226.0,"[0, 255]",False,False,False,False
ISIC_0010498,train,F:\PythonProjects\cv_study_project\data\ISIC2018_Task1-2_Training_Input\ISIC2018_Task1-2_Training_Input\ISIC_0010498.jpg,F:\PythonProjects\cv_study_project\data\ISIC2018_Task1_Training_GroundTruth\ISIC2018_Task1_Training_GroundTruth\ISIC_0010498_segmentation.png,256,256,0.265701,768,1024,3,3.0,230.0,"[0, 255]",False,False,False,False
ISIC_0010553,train,F:\PythonProjects\cv_study_project\data\ISIC2018_Task1-2_Training_Input\ISIC2018_Task1-2_Training_Input\ISIC_0010553.jpg,F:\PythonProjects\cv_study_project\data\ISIC2018_Task1_Training_GroundTruth\ISIC2018_Task1_Training_GroundTruth\ISIC_0010553_segmentation.png,256,256,0.143646,768,1024,3,0.0,210.0,"[0, 255]",False,False,False,False
ISIC_0000159,train,F:\PythonProjects\cv_study_project\data\ISIC2018_Task1-2_Training_Input\ISIC2018_Task1-2_Training_Input\ISIC_0000159.jpg,F:\PythonProjects\cv_study_project\data\ISIC2018_Task1_Training_GroundTruth\ISIC2018_Task1_Training_GroundTruth\ISIC_0000159_segmentation.png,256,256,0.381973,724,965,3,0.0,255.0,"[0, 255]",False,False,False,False
ISIC_0000436,train,F:\PythonProjects\cv_study_project\data\ISIC2018_Task1-2_Training_Input\ISIC2018_Task1-2_Training_Input\ISIC_0000436.jpg,F:\PythonProjects\cv_study_project\data\ISIC2018_Task1_Training_GroundTruth\ISIC2018_Task1_Training_GroundTruth\ISIC_0000436_segmentation.png,256,256,0.507446,2304,3072,3,11.0,209.0,"[0, 255]",False,False,False,False
ISIC_0000162,train,F:\PythonProjects\cv_study_project\data\ISIC2018_Task1-2_Training_Input\ISIC2018_Task1-2_Training_Input\ISIC_0000162.jpg,F:\PythonProjects\cv_study_project\data\ISIC2018_Task1_Training_GroundTruth\ISIC2018_Task1_Training_GroundTruth\ISIC_0000162_segmentation.png,256,256,0.414368,640,964,3,0.0,255.0,"[0, 255]",False,False,False,False
ISIC_0010462,train,F:\PythonProjects\cv_study_project\data\ISIC2018_Task1-2_Training_Input\ISIC2018_Task1-2_Training_Input\ISIC_0010462.jpg,F:\PythonProjects\cv_study_project\data\ISIC2018_Task1_Training_GroundTruth\ISIC2018_Task1_Training_GroundTruth\ISIC_0010462_segmentation.png,256,256,0.083633,768,1024,3,10.0,188.0,"[0, 255]",False,False,False,False
ISIC_0012323,train,F:\PythonProjects\cv_study_project\data\ISIC2018_Task1-2_Training_Input\ISIC2018_Task1-2_Training_Input\ISIC_0012323.jpg,F:\PythonProjects\cv_study_project\data\ISIC2018_Task1_Training_GroundTruth\ISIC2018_Task1_Training_GroundTruth\ISIC_0012323_segmentation.png,256,256,0.496643,2000,3008,3,4.0,255.0,"[0, 255]",False,False,False,False
ISIC_0000164,train,F:\PythonProjects\cv_study_project\data\ISIC2018_Task1-2_Training_Input\ISIC2018_Task1-2_Training_Input\ISIC_0000164.jpg,F:\PythonProjects\cv_study_project\data\ISIC2018_Task1_Training_GroundTruth\ISIC2018_Task1_Training_GroundTruth\ISIC_0000164_segmentation.png,256,256,0.345444,638,959,3,0.0,255.0,"[0, 255]",False,False,False,False
ISIC_0010043,train,F:\PythonProjects\cv_study_project\data\ISIC2018_Task1-2_Training_Input\ISIC2018_Task1-2_Training_Input\ISIC_0010043.jpg,F:\PythonProjects\cv_study_project\data\ISIC2018_Task1_Training_GroundTruth\ISIC2018_Task1_Training_GroundTruth\ISIC_0010043_segmentation.png,256,256,0.330963,768,1024,3,0.0,252.0,"[0, 255]",False,False,False,False
ISIC_0000353,train,F:\PythonProjects\cv_study_project\data\ISIC2018_Task1-2_Training_Input\ISIC2018_Task1-2_Training_Input\ISIC_0000353.jpg,F:\PythonProjects\cv_study_project\data\ISIC2018_Task1_Training_GroundTruth\ISIC2018_Task1_Training_GroundTruth\ISIC_0000353_segmentation.png,256,256,0.239059,576,767,3,0.0,255.0,"[0, 255]",False,False,False,False
ISIC_0010849,train,F:\PythonProjects\cv_study_project\data\ISIC2018_Task1-2_Training_Input\ISIC2018_Task1-2_Training_Input\ISIC_0010849.jpg,F:\PythonProjects\cv_study_project\data\ISIC2018_Task1_Training_GroundTruth\ISIC2018_Task1_Training_GroundTruth\ISIC_0010849_segmentation.png,256,256,0.337219,768,1024,3,13.0,175.0,"[0, 255]",False,False,False,False
ISIC_0012203,train,F:\PythonProjects\cv_study_project\data\ISIC2018_Task1-2_Training_Input\ISIC2018_Task1-2_Training_Input\ISIC_0012203.jpg,F:\PythonProjects\cv_study_project\data\ISIC2018_Task1_Training_GroundTruth\ISIC2018_Task1_Training_GroundTruth\ISIC_0012203_segmentation.png,256,256,0.023621,2000,3008,3,9.0,253.0,"[0, 255]",False,False,False,False
ISIC_0012673,train,F:\PythonProjects\cv_study_project\data\ISIC2018_Task1-2_Training_Input\ISIC2018_Task1-2_Training_Input\ISIC_0012673.jpg,F:\PythonProjects\cv_study_project\data\ISIC2018_Task1_Training_GroundTruth\ISIC2018_Task1_Training_GroundTruth\ISIC_0012673_segmentation.png,256,256,0.072845,2000,3008,3,40.0,234.0,"[0, 255]",False,False,False,False
ISIC_0010448,train,F:\PythonProjects\cv_study_project\data\ISIC2018_Task1-2_Training_Input\ISIC2018_Task1-2_Training_Input\ISIC_0010448.jpg,F:\PythonProjects\cv_study_project\data\ISIC2018_Task1_Training_GroundTruth\ISIC2018_Task1_Training_GroundTruth\ISIC_0010448_segmentation.png,256,256,0.687149,768,1024,3,46.0,230.0,"[0, 255]",False,False,False,False
ISIC_0006651,train,F:\PythonProjects\cv_study_project\data\ISIC2018_Task1-2_Training_Input\ISIC2018_Task1-2_Training_Input\ISIC_0006651.jpg,F:\PythonProjects\cv_study_project\data\ISIC2018_Task1_Training_GroundTruth\ISIC2018_Task1_Training_GroundTruth\ISIC_0006651_segmentation.png,256,256,0.04657,2016,3024,3,0.0,255.0,"[0, 255]",False,False,False,False
ISIC_0000042,train,F:\PythonProjects\cv_study_project\data\ISIC2018_Task1-2_Training_Input\ISIC2018_Task1-2_Training_Input\ISIC_0000042.jpg,F:\PythonProjects\cv_study_project\data\ISIC2018_Task1_Training_GroundTruth\ISIC2018_Task1_Training_GroundTruth\ISIC_0000042_segmentation.png,256,256,0.335129,1129,1504,3,0.0,255.0,"[0, 255]",False,False,False,False
ISIC_0007760,train,F:\PythonProjects\cv_study_project\data\ISIC2018_Task1-2_Training_Input\ISIC2018_Task1-2_Training_Input\ISIC_0007760.jpg,F:\PythonProjects\cv_study_project\data\ISIC2018_Task1_Training_GroundTruth\ISIC2018_Task1_Training_GroundTruth\ISIC_0007760_segmentation.png,256,256,0.074173,2016,3024,3,0.0,255.0,"[0, 255]",False,False,False,False
ISIC_0008541,train,F:\PythonProjects\cv_study_project\data\ISIC2018_Task1-2_Training_Input\ISIC2018_Task1-2_Training_Input\ISIC_0008541.jpg,F:\PythonProjects\cv_study_project\data\ISIC2018_Task1_Training_GroundTruth\ISIC2018_Task1_Training_GroundTruth\ISIC_0008541_segmentation.png,256,256,0.031097,2848,4288,3,0.0,246.0,"[0, 255]",False,False,False,False
ISIC_0012266,train,F:\PythonProjects\cv_study_project\data\ISIC2018_Task1-2_Training_Input\ISIC2018_Task1-2_Training_Input\ISIC_0012266.jpg,F:\PythonProjects\cv_study_project\data\ISIC2018_Task1_Training_GroundTruth\ISIC2018_Task1_Training_GroundTruth\ISIC_0012266_segmentation.png,256,256,0.152374,2848,4288,3,50.0,204.0,"[0, 255]",False,False,False,False
ISIC_0000088,train,F:\PythonProjects\cv_study_project\data\ISIC2018_Task1-2_Training_Input\ISIC2018_Task1-2_Training_Input\ISIC_0000088.jpg,F:\PythonProjects\cv_study_project\data\ISIC2018_Task1_Training_GroundTruth\ISIC2018_Task1_Training_GroundTruth\ISIC_0000088_segmentation.png,256,256,0.220718,1536,2048,3,0.0,255.0,"[0, 255]",False,False,False,False
ISIC_0010857,train,F:\PythonProjects\cv_study_project\data\ISIC2018_Task1-2_Training_Input\ISIC2018_Task1-2_Training_Input\ISIC_0010857.jpg,F:\PythonProjects\cv_study_project\data\ISIC2018_Task1_Training_GroundTruth\ISIC2018_Task1_Training_GroundTruth\ISIC_0010857_segmentation.png,256,256,0.846085,768,1024,3,0.0,224.0,"[0, 255]",False,False,False,False
ISIC_0007693,train,F:\PythonProjects\cv_study_project\data\ISIC2018_Task1-2_Training_Input\ISIC2018_Task1-2_Training_Input\ISIC_0007693.jpg,F:\PythonProjects\cv_study_project\data\ISIC2018_Task1_Training_GroundTruth\ISIC2018_Task1_Training_GroundTruth\ISIC_0007693_segmentation.png,256,256,0.056244,2016,3024,3,18.0,251.0,"[0, 255]",False,False,False,False
ISIC_0012447,train,F:\PythonProjects\cv_study_project\data\ISIC2018_Task1-2_Training_Input\ISIC2018_Task1-2_Training_Input\ISIC_0012447.jpg,F:\PythonProjects\cv_study_project\data\ISIC2018_Task1_Training_GroundTruth\ISIC2018_Task1_Training_GroundTruth\ISIC_0012447_segmentation.png,256,256,0.153442,2000,3008,3,12.0,255.0,"[0, 255]",False,False,False,False
ISIC_0009188,train,F:\PythonProjects\cv_study_project\data\ISIC2018_Task1-2_Training_Input\ISIC2018_Task1-2_Training_Input\ISIC_0009188.jpg,F:\PythonProjects\cv_study_project\data\ISIC2018_Task1_Training_GroundTruth\ISIC2018_Task1_Training_GroundTruth\ISIC_0009188_segmentation.png,256,256,0.035431,2848,4288,3,12.0,255.0,"[0, 255]",False,False,False,False
ISIC_0000374,train,F:\PythonProjects\cv_study_project\data\ISIC2018_Task1-2_Training_Input\ISIC2018_Task1-2_Training_Input\ISIC_0000374.jpg,F:\PythonProjects\cv_study_project\data\ISIC2018_Task1_Training_GroundTruth\ISIC2018_Task1_Training_GroundTruth\ISIC_0000374_segmentation.png,256,256,0.145172,576,767,3,0.0,255.0,"[0, 255]",False,False,False,False
ISIC_0000117,train,F:\PythonProjects\cv_study_project\data\ISIC2018_Task1-2_Training_Input\ISIC2018_Task1-2_Training_Input\ISIC_0000117.jpg,F:\PythonProjects\cv_study_project\data\ISIC2018_Task1_Training_GroundTruth\ISIC2018_Task1_Training_GroundTruth\ISIC_0000117_segmentation.png,256,256,0.229736,1536,2048,3,0.0,214.0,"[0, 255]",False,False,False,False
ISIC_0000482,train,F:\PythonProjects\cv_study_project\data\ISIC2018_Task1-2_Training_Input\ISIC2018_Task1-2_Training_Input\ISIC_0000482.jpg,F:\PythonProjects\cv_study_project\data\ISIC2018_Task1_Training_GroundTruth\ISIC2018_Task1_Training_GroundTruth\ISIC_0000482_segmentation.png,256,256,0.241516,802,919,3,8.0,192.0,"[0, 255]",False,False,False,False
ISIC_0001204,train,F:\PythonProjects\cv_study_project\data\ISIC2018_Task1-2_Training_Input\ISIC2018_Task1-2_Training_Input\ISIC_0001204.jpg,F:\PythonProjects\cv_study_project\data\ISIC2018_Task1_Training_GroundTruth\ISIC2018_Task1_Training_GroundTruth\ISIC_0001204_segmentation.png,256,256,0.099854,2016,3024,3,47.0,237.0,"[0, 255]",False,False,False,False
ISIC_0000054,train,F:\PythonProjects\cv_study_project\data\ISIC2018_Task1-2_Training_Input\ISIC2018_Task1-2_Training_Input\ISIC_0000054.jpg,F:\PythonProjects\cv_study_project\data\ISIC2018_Task1_Training_GroundTruth\ISIC2018_Task1_Training_GroundTruth\ISIC_0000054_segmentation.png,256,256,0.211334,1129,1504,3,0.0,201.0,"[0, 255]",False,False,False,False
ISIC_0000465,train,F:\PythonProjects\cv_study_project\data\ISIC2018_Task1-2_Training_Input\ISIC2018_Task1-2_Training_Input\ISIC_0000465.jpg,F:\PythonProjects\cv_study_project\data\ISIC2018_Task1_Training_GroundTruth\ISIC2018_Task1_Training_GroundTruth\ISIC_0000465_segmentation.png,256,256,0.155746,802,919,3,14.0,208.0,"[0, 255]",False,False,False,False
ISIC_0001254,train,F:\PythonProjects\cv_study_project\data\ISIC2018_Task1-2_Training_Input\ISIC2018_Task1-2_Training_Input\ISIC_0001254.jpg,F:\PythonProjects\cv_study_project\data\ISIC2018_Task1_Training_GroundTruth\ISIC2018_Task1_Training_GroundTruth\ISIC_0001254_segmentation.png,256,256,0.0672,2016,3024,3,0.0,255.0,"[0, 255]",False,False,False,False
ISIC_0010581,train,F:\PythonProjects\cv_study_project\data\ISIC2018_Task1-2_Training_Input\ISIC2018_Task1-2_Training_Input\ISIC_0010581.jpg,F:\PythonProjects\cv_study_project\data\ISIC2018_Task1_Training_GroundTruth\ISIC2018_Task1_Training_GroundTruth\ISIC_0010581_segmentation.png,256,256,0.182266,768,1024,3,29.0,254.0,"[0, 255]",False,False,False,False
ISIC_0011361,train,F:\PythonProjects\cv_study_project\data\ISIC2018_Task1-2_Training_Input\ISIC2018_Task1-2_Training_Input\ISIC_0011361.jpg,F:\PythonProjects\cv_study_project\data\ISIC2018_Task1_Training_GroundTruth\ISIC2018_Task1_Training_GroundTruth\ISIC_0011361_segmentation.png,256,256,0.822128,768,1024,3,20.0,255.0,"[0, 255]",False,False,False,False
ISIC_0010228,train,F:\PythonProjects\cv_study_project\data\ISIC2018_Task1-2_Training_Input\ISIC2018_Task1-2_Training_Input\ISIC_0010228.jpg,F:\PythonProjects\cv_study_project\data\ISIC2018_Task1_Training_GroundTruth\ISIC2018_Task1_Training_GroundTruth\ISIC_0010228_segmentation.png,256,256,0.87085,768,1024,3,0.0,255.0,"[0, 255]",False,False,True,True
ISIC_0012335,train,F:\PythonProjects\cv_study_project\data\ISIC2018_Task1-2_Training_Input\ISIC2018_Task1-2_Training_Input\ISIC_0012335.jpg,F:\PythonProjects\cv_study_project\data\ISIC2018_Task1_Training_GroundTruth\ISIC2018_Task1_Training_GroundTruth\ISIC_0012335_segmentation.png,256,256,0.028381,2000,3008,3,49.0,255.0,"[0, 255]",False,False,False,False
ISIC_0009078,train,F:\PythonProjects\cv_study_project\data\ISIC2018_Task1-2_Training_Input\ISIC2018_Task1-2_Training_Input\ISIC_0009078.jpg,F:\PythonProjects\cv_study_project\data\ISIC2018_Task1_Training_GroundTruth\ISIC2018_Task1_Training_GroundTruth\ISIC_0009078_segmentation.png,256,256,0.059326,2016,3024,3,0.0,242.0,"[0, 255]",False,False,False,False
ISIC_0010441,train,F:\PythonProjects\cv_study_project\data\ISIC2018_Task1-2_Training_Input\ISIC2018_Task1-2_Training_Input\ISIC_0010441.jpg,F:\PythonProjects\cv_study_project\data\ISIC2018_Task1_Training_GroundTruth\ISIC2018_Task1_Training_GroundTruth\ISIC_0010441_segmentation.png,256,256,0.120117,768,1024,3,1.0,212.0,"[0, 255]",False,False,False,False
ISIC_0006815,train,F:\PythonProjects\cv_study_project\data\ISIC2018_Task1-2_Training_Input\ISIC2018_Task1-2_Training_Input\ISIC_0006815.jpg,F:\PythonProjects\cv_study_project\data\ISIC2018_Task1_Training_GroundTruth\ISIC2018_Task1_Training_GroundTruth\ISIC_0006815_segmentation.png,256,256,0.007812,2848,4288,3,0.0,255.0,"[0, 255]",False,False,False,False
ISIC_0012655,train,F:\PythonProjects\cv_study_project\data\ISIC2018_Task1-2_Training_Input\ISIC2018_Task1-2_Training_Input\ISIC_0012655.jpg,F:\PythonProjects\cv_study_project\data\ISIC2018_Task1_Training_GroundTruth\ISIC2018_Task1_Training_GroundTruth\ISIC_0012655_segmentation.png,256,256,0.0177,1536,2304,3,0.0,255.0,"[0, 255]",False,False,False,False
ISIC_0002287,train,F:\PythonProjects\cv_study_project\data\ISIC2018_Task1-2_Training_Input\ISIC2018_Task1-2_Training_Input\ISIC_0002287.jpg,F:\PythonProjects\cv_study_project\data\ISIC2018_Task1_Training_GroundTruth\ISIC2018_Task1_Training_GroundTruth\ISIC_0002287_segmentation.png,256,256,0.114624,2016,3024,3,0.0,255.0,"[0, 255]",False,False,False,False
ISIC_0006800,train,F:\PythonProjects\cv_study_project\data\ISIC2018_Task1-2_Training_Input\ISIC2018_Task1-2_Training_Input\ISIC_0006800.jpg,F:\PythonProjects\cv_study_project\data\ISIC2018_Task1_Training_GroundTruth\ISIC2018_Task1_Training_GroundTruth\ISIC_0006800_segmentation.png,256,256,0.080215,2016,3024,3,10.0,255.0,"[0, 255]",False,False,False,False
ISIC_0009944,train,F:\PythonProjects\cv_study_project\data\ISIC2018_Task1-2_Training_Input\ISIC2018_Task1-2_Training_Input\ISIC_0009944.jpg,F:\PythonProjects\cv_study_project\data\ISIC2018_Task1_Training_GroundTruth\ISIC2018_Task1_Training_GroundTruth\ISIC_0009944_segmentation.png,256,256,0.130417,768,1024,3,0.0,218.0,"[0, 255]",False,False,False,False
ISIC_0010227,train,F:\PythonProjects\cv_study_project\data\ISIC2018_Task1-2_Training_Input\ISIC2018_Task1-2_Training_Input\ISIC_0010227.jpg,F:\PythonProjects\cv_study_project\data\ISIC2018_Task1_Training_GroundTruth\ISIC2018_Task1_Training_GroundTruth\ISIC_0010227_segmentation.png,256,256,0.101837,768,1024,3,0.0,210.0,"[0, 255]",False,False,False,False
ISIC_0012657,train,F:\PythonProjects\cv_study_project\data\ISIC2018_Task1-2_Training_Input\ISIC2018_Task1-2_Training_Input\ISIC_0012657.jpg,F:\PythonProjects\cv_study_project\data\ISIC2018_Task1_Training_GroundTruth\ISIC2018_Task1_Training_GroundTruth\ISIC_0012657_segmentation.png,256,256,0.025574,1536,2304,3,0.0,253.0,"[0, 255]",False,False,False,False
ISIC_0010483,train,F:\PythonProjects\cv_study_project\data\ISIC2018_Task1-2_Training_Input\ISIC2018_Task1-2_Training_Input\ISIC_0010483.jpg,F:\PythonProjects\cv_study_project\data\ISIC2018_Task1_Training_GroundTruth\ISIC2018_Task1_Training_GroundTruth\ISIC_0010483_segmentation.png,256,256,0.122696,768,1024,3,40.0,252.0,"[0, 255]",False,False,False,False
ISIC_0000489,train,F:\PythonProjects\cv_study_project\data\ISIC2018_Task1-2_Training_Input\ISIC2018_Task1-2_Training_Input\ISIC_0000489.jpg,F:\PythonProjects\cv_study_project\data\ISIC2018_Task1_Training_GroundTruth\ISIC2018_Task1_Training_GroundTruth\ISIC_0000489_segmentation.png,256,256,0.279068,802,919,3,20.0,175.0,"[0, 255]",False,False,False,False
ISIC_0000256,train,F:\PythonProjects\cv_study_project\data\ISIC2018_Task1-2_Training_Input\ISIC2018_Task1-2_Training_Input\ISIC_0000256.jpg,F:\PythonProjects\cv_study_project\data\ISIC2018_Task1_Training_GroundTruth\ISIC2018_Task1_Training_GroundTruth\ISIC_0000256_segmentation.png,256,256,0.073181,768,1024,3,11.0,195.0,"[0, 255]",False,False,False,False
ISIC_0000522,train,F:\PythonProjects\cv_study_project\data\ISIC2018_Task1-2_Training_Input\ISIC2018_Task1-2_Training_Input\ISIC_0000522.jpg,F:\PythonProjects\cv_study_project\data\ISIC2018_Task1_Training_GroundTruth\ISIC2018_Task1_Training_GroundTruth\ISIC_0000522_segmentation.png,256,256,0.272293,802,919,3,4.0,255.0,"[0, 255]",False,False,False,False
ISIC_0000134,train,F:\PythonProjects\cv_study_project\data\ISIC2018_Task1-2_Training_Input\ISIC2018_Task1-2_Training_Input\ISIC_0000134.jpg,F:\PythonProjects\cv_study_project\data\ISIC2018_Task1_Training_GroundTruth\ISIC2018_Task1_Training_GroundTruth\ISIC_0000134_segmentation.png,256,256,0.089859,1536,2048,3,0.0,199.0,"[0, 255]",False,False,False,False
ISIC_0012478,train,F:\PythonProjects\cv_study_project\data\ISIC2018_Task1-2_Training_Input\ISIC2018_Task1-2_Training_Input\ISIC_0012478.jpg,F:\PythonProjects\cv_study_project\data\ISIC2018_Task1_Training_GroundTruth\ISIC2018_Task1_Training_GroundTruth\ISIC_0012478_segmentation.png,256,256,0.130188,2848,4288,3,18.0,190.0,"[0, 255]",False,False,False,False
ISIC_0009888,train,F:\PythonProjects\cv_study_project\data\ISIC2018_Task1-2_Training_Input\ISIC2018_Task1-2_Training_Input\ISIC_0009888.jpg,F:\PythonProjects\cv_study_project\data\ISIC2018_Task1_Training_GroundTruth\ISIC2018_Task1_Training_GroundTruth\ISIC_0009888_segmentation.png,256,256,0.10817,768,1024,3,14.0,245.0,"[0, 255]",False,False,False,False
ISIC_0012704,train,F:\PythonProjects\cv_study_project\data\ISIC2018_Task1-2_Training_Input\ISIC2018_Task1-2_Training_Input\ISIC_0012704.jpg,F:\PythonProjects\cv_study_project\data\ISIC2018_Task1_Training_GroundTruth\ISIC2018_Task1_Training_GroundTruth\ISIC_0012704_segmentation.png,256,256,0.026733,2000,3008,3,0.0,234.0,"[0, 255]",False,False,False,False
ISIC_0000167,train,F:\PythonProjects\cv_study_project\data\ISIC2018_Task1-2_Training_Input\ISIC2018_Task1-2_Training_Input\ISIC_0000167.jpg,F:\PythonProjects\cv_study_project\data\ISIC2018_Task1_Training_GroundTruth\ISIC2018_Task1_Training_GroundTruth\ISIC_0000167_segmentation.png,256,256,0.267746,624,965,3,0.0,255.0,"[0, 255]",False,False,False,False
ISIC_0000171,train,F:\PythonProjects\cv_study_project\data\ISIC2018_Task1-2_Training_Input\ISIC2018_Task1-2_Training_Input\ISIC_0000171.jpg,F:\PythonProjects\cv_study_project\data\ISIC2018_Task1_Training_GroundTruth\ISIC2018_Task1_Training_GroundTruth\ISIC_0000171_segmentation.png,256,256,0.411362,720,964,3,0.0,255.0,"[0, 255]",False,False,False,False
ISIC_0012701,train,F:\PythonProjects\cv_study_project\data\ISIC2018_Task1-2_Training_Input\ISIC2018_Task1-2_Training_Input\ISIC_0012701.jpg,F:\PythonProjects\cv_study_project\data\ISIC2018_Task1_Training_GroundTruth\ISIC2018_Task1_Training_GroundTruth\ISIC_0012701_segmentation.png,256,256,0.018463,2000,3008,3,2.0,216.0,"[0, 255]",False,False,False,False
ISIC_0000081,train,F:\PythonProjects\cv_study_project\data\ISIC2018_Task1-2_Training_Input\ISIC2018_Task1-2_Training_Input\ISIC_0000081.jpg,F:\PythonProjects\cv_study_project\data\ISIC2018_Task1_Training_GroundTruth\ISIC2018_Task1_Training_GroundTruth\ISIC_0000081_segmentation.png,256,256,0.113876,1536,2048,3,30.0,218.0,"[0, 255]",False,False,False,False
ISIC_0001385,train,F:\PythonProjects\cv_study_project\data\ISIC2018_Task1-2_Training_Input\ISIC2018_Task1-2_Training_Input\ISIC_0001385.jpg,F:\PythonProjects\cv_study_project\data\ISIC2018_Task1_Training_GroundTruth\ISIC2018_Task1_Training_GroundTruth\ISIC_0001385_segmentation.png,256,256,0.074631,2016,3024,3,0.0,255.0,"[0, 255]",False,False,False,False
ISIC_0000504,train,F:\PythonProjects\cv_study_project\data\ISIC2018_Task1-2_Training_Input\ISIC2018_Task1-2_Training_Input\ISIC_0000504.jpg,F:\PythonProjects\cv_study_project\data\ISIC2018_Task1_Training_GroundTruth\ISIC2018_Task1_Training_GroundTruth\ISIC_0000504_segmentation.png,256,256,0.126801,2592,3872,3,7.0,251.0,"[0, 255]",False,False,False,False
ISIC_0000071,train,F:\PythonProjects\cv_study_project\data\ISIC2018_Task1-2_Training_Input\ISIC2018_Task1-2_Training_Input\ISIC_0000071.jpg,F:\PythonProjects\cv_study_project\data\ISIC2018_Task1_Training_GroundTruth\ISIC2018_Task1_Training_GroundTruth\ISIC_0000071_segmentation.png,256,256,0.08992,767,1022,3,0.0,213.0,"[0, 255]",False,False,False,False
ISIC_0011303,train,F:\PythonProjects\cv_study_project\data\ISIC2018_Task1-2_Training_Input\ISIC2018_Task1-2_Training_Input\ISIC_0011303.jpg,F:\PythonProjects\cv_study_project\data\ISIC2018_Task1_Training_GroundTruth\ISIC2018_Task1_Training_GroundTruth\ISIC_0011303_segmentation.png,256,256,0.124496,768,1024,3,11.0,228.0,"[0, 255]",False,False,False,False
ISIC_0001242,train,F:\PythonProjects\cv_study_project\data\ISIC2018_Task1-2_Training_Input\ISIC2018_Task1-2_Training_Input\ISIC_0001242.jpg,F:\PythonProjects\cv_study_project\data\ISIC2018_Task1_Training_GroundTruth\ISIC2018_Task1_Training_GroundTruth\ISIC_0001242_segmentation.png,256,256,0.03006,2848,4288,3,1.0,179.0,"[0, 255]",False,False,False,False
ISIC_0012313,train,F:\PythonProjects\cv_study_project\data\ISIC2018_Task1-2_Training_Input\ISIC2018_Task1-2_Training_Input\ISIC_0012313.jpg,F:\PythonProjects\cv_study_project\data\ISIC2018_Task1_Training_GroundTruth\ISIC2018_Task1_Training_GroundTruth\ISIC_0012313_segmentation.png,256,256,0.027557,2000,3008,3,21.0,236.0,"[0, 255]",False,False,False,False
ISIC_0000056,train,F:\PythonProjects\cv_study_project\data\ISIC2018_Task1-2_Training_Input\ISIC2018_Task1-2_Training_Input\ISIC_0000056.jpg,F:\PythonProjects\cv_study_project\data\ISIC2018_Task1_Training_GroundTruth\ISIC2018_Task1_Training_GroundTruth\ISIC_0000056_segmentation.png,256,256,0.497223,1129,1504,3,0.0,209.0,"[0, 255]",False,False,False,False
ISIC_0000209,train,F:\PythonProjects\cv_study_project\data\ISIC2018_Task1-2_Training_Input\ISIC2018_Task1-2_Training_Input\ISIC_0000209.jpg,F:\PythonProjects\cv_study_project\data\ISIC2018_Task1_Training_GroundTruth\ISIC2018_Task1_Training_GroundTruth\ISIC_0000209_segmentation.png,256,256,0.595657,542,722,3,0.0,255.0,"[0, 255]",False,False,False,False
ISIC_0007796,train,F:\PythonProjects\cv_study_project\data\ISIC2018_Task1-2_Training_Input\ISIC2018_Task1-2_Training_Input\ISIC_0007796.jpg,F:\PythonProjects\cv_study_project\data\ISIC2018_Task1_Training_GroundTruth\ISIC2018_Task1_Training_GroundTruth\ISIC_0007796_segmentation.png,256,256,0.045975,2016,3024,3,1.0,216.0,"[0, 255]",False,False,False,False
ISIC_0012177,train,F:\PythonProjects\cv_study_project\data\ISIC2018_Task1-2_Training_Input\ISIC2018_Task1-2_Training_Input\ISIC_0012177.jpg,F:\PythonProjects\cv_study_project\data\ISIC2018_Task1_Training_GroundTruth\ISIC2018_Task1_Training_GroundTruth\ISIC_0012177_segmentation.png,256,256,0.031647,2000,3008,3,12.0,255.0,"[0, 255]",False,False,False,False
ISIC_0012702,train,F:\PythonProjects\cv_study_project\data\ISIC2018_Task1-2_Training_Input\ISIC2018_Task1-2_Training_Input\ISIC_0012702.jpg,F:\PythonProjects\cv_study_project\data\ISIC2018_Task1_Training_GroundTruth\ISIC2018_Task1_Training_GroundTruth\ISIC_0012702_segmentation.png,256,256,0.011139,2000,3008,3,0.0,240.0,"[0, 255]",False,False,False,False
ISIC_0001185,train,F:\PythonProjects\cv_study_project\data\ISIC2018_Task1-2_Training_Input\ISIC2018_Task1-2_Training_Input\ISIC_0001185.jpg,F:\PythonProjects\cv_study_project\data\ISIC2018_Task1_Training_GroundTruth\ISIC2018_Task1_Training_GroundTruth\ISIC_0001185_segmentation.png,256,256,0.041779,2848,4288,3,0.0,228.0,"[0, 255]",False,False,False,False
ISIC_0000339,train,F:\PythonProjects\cv_study_project\data\ISIC2018_Task1-2_Training_Input\ISIC2018_Task1-2_Training_Input\ISIC_0000339.jpg,F:\PythonProjects\cv_study_project\data\ISIC2018_Task1_Training_GroundTruth\ISIC2018_Task1_Training_GroundTruth\ISIC_0000339_segmentation.png,256,256,0.138565,576,767,3,0.0,255.0,"[0, 255]",False,False,False,False
ISIC_0011085,train,F:\PythonProjects\cv_study_project\data\ISIC2018_Task1-2_Training_Input\ISIC2018_Task1-2_Training_Input\ISIC_0011085.jpg,F:\PythonProjects\cv_study_project\data\ISIC2018_Task1_Training_GroundTruth\ISIC2018_Task1_Training_GroundTruth\ISIC_0011085_segmentation.png,256,256,0.116211,768,1024,3,15.0,214.0,"[0, 255]",False,False,False,False
ISIC_0000116,train,F:\PythonProjects\cv_study_project\data\ISIC2018_Task1-2_Training_Input\ISIC2018_Task1-2_Training_Input\ISIC_0000116.jpg,F:\PythonProjects\cv_study_project\data\ISIC2018_Task1_Training_GroundTruth\ISIC2018_Task1_Training_GroundTruth\ISIC_0000116_segmentation.png,256,256,0.361404,1536,2048,3,9.0,251.0,"[0, 255]",False,False,False,False
ISIC_0007038,train,F:\PythonProjects\cv_study_project\data\ISIC2018_Task1-2_Training_Input\ISIC2018_Task1-2_Training_Input\ISIC_0007038.jpg,F:\PythonProjects\cv_study_project\data\ISIC2018_Task1_Training_GroundTruth\ISIC2018_Task1_Training_GroundTruth\ISIC_0007038_segmentation.png,256,256,0.03334,2848,4288,3,7.0,255.0,"[0, 255]",False,False,False,False
ISIC_0012223,train,F:\PythonProjects\cv_study_project\data\ISIC2018_Task1-2_Training_Input\ISIC2018_Task1-2_Training_Input\ISIC_0012223.jpg,F:\PythonProjects\cv_study_project\data\ISIC2018_Task1_Training_GroundTruth\ISIC2018_Task1_Training_GroundTruth\ISIC_0012223_segmentation.png,256,256,0.574783,2848,4288,3,15.0,226.0,"[0, 255]",False,False,False,False
ISIC_0000348,train,F:\PythonProjects\cv_study_project\data\ISIC2018_Task1-2_Training_Input\ISIC2018_Task1-2_Training_Input\ISIC_0000348.jpg,F:\PythonProjects\cv_study_project\data\ISIC2018_Task1_Training_GroundTruth\ISIC2018_Task1_Training_GroundTruth\ISIC_0000348_segmentation.png,256,256,0.209763,576,767,3,0.0,255.0,"[0, 255]",False,False,False,False
ISIC_0000059,train,F:\PythonProjects\cv_study_project\data\ISIC2018_Task1-2_Training_Input\ISIC2018_Task1-2_Training_Input\ISIC_0000059.jpg,F:\PythonProjects\cv_study_project\data\ISIC2018_Task1_Training_GroundTruth\ISIC2018_Task1_Training_GroundTruth\ISIC_0000059_segmentation.png,256,256,0.427399,1129,1504,3,0.0,216.0,"[0, 255]",False,False,False,False
ISIC_0000050,train,F:\PythonProjects\cv_study_project\data\ISIC2018_Task1-2_Training_Input\ISIC2018_Task1-2_Training_Input\ISIC_0000050.jpg,F:\PythonProjects\cv_study_project\data\ISIC2018_Task1_Training_GroundTruth\ISIC2018_Task1_Training_GroundTruth\ISIC_0000050_segmentation.png,256,256,0.282135,1129,1504,3,0.0,206.0,"[0, 255]",False,False,False,False
ISIC_0000325,train,F:\PythonProjects\cv_study_project\data\ISIC2018_Task1-2_Training_Input\ISIC2018_Task1-2_Training_Input\ISIC_0000325.jpg,F:\PythonProjects\cv_study_project\data\ISIC2018_Task1_Training_GroundTruth\ISIC2018_Task1_Training_GroundTruth\ISIC_0000325_segmentation.png,256,256,0.282394,576,767,3,0.0,255.0,"[0, 255]",False,False,False,False
ISIC_0010244,train,F:\PythonProjects\cv_study_project\data\ISIC2018_Task1-2_Training_Input\ISIC2018_Task1-2_Training_Input\ISIC_0010244.jpg,F:\PythonProjects\cv_study_project\data\ISIC2018_Task1_Training_GroundTruth\ISIC2018_Task1_Training_GroundTruth\ISIC_0010244_segmentation.png,256,256,0.03952,768,1024,3,40.0,216.0,"[0, 255]",False,False,False,False
ISIC_0012384,train,F:\PythonProjects\cv_study_project\data\ISIC2018_Task1-2_Training_Input\ISIC2018_Task1-2_Training_Input\ISIC_0012384.jpg,F:\PythonProjects\cv_study_project\data\ISIC2018_Task1_Training_GroundTruth\ISIC2018_Task1_Training_GroundTruth\ISIC_0012384_segmentation.png,256,256,0.054092,2848,4288,3,38.0,255.0,"[0, 255]",False,False,False,False
ISIC_0000359,train,F:\PythonProjects\cv_study_project\data\ISIC2018_Task1-2_Training_Input\ISIC2018_Task1-2_Training_Input\ISIC_0000359.jpg,F:\PythonProjects\cv_study_project\data\ISIC2018_Task1_Training_GroundTruth\ISIC2018_Task1_Training_GroundTruth\ISIC_0000359_segmentation.png,256,256,0.679428,576,767,3,0.0,255.0,"[0, 255]",False,False,False,False
ISIC_0010853,train,F:\PythonProjects\cv_study_project\data\ISIC2018_Task1-2_Training_Input\ISIC2018_Task1-2_Training_Input\ISIC_0010853.jpg,F:\PythonProjects\cv_study_project\data\ISIC2018_Task1_Training_GroundTruth\ISIC2018_Task1_Training_GroundTruth\ISIC_0010853_segmentation.png,256,256,0.054733,768,1024,3,5.0,238.0,"[0, 255]",False,False,False,False
ISIC_0000451,train,F:\PythonProjects\cv_study_project\data\ISIC2018_Task1-2_Training_Input\ISIC2018_Task1-2_Training_Input\ISIC_0000451.jpg,F:\PythonProjects\cv_study_project\data\ISIC2018_Task1_Training_GroundTruth\ISIC2018_Task1_Training_GroundTruth\ISIC_0000451_segmentation.png,256,256,0.162582,2304,3072,3,16.0,220.0,"[0, 255]",False,False,False,False
ISIC_0000258,train,F:\PythonProjects\cv_study_project\data\ISIC2018_Task1-2_Training_Input\ISIC2018_Task1-2_Training_Input\ISIC_0000258.jpg,F:\PythonProjects\cv_study_project\data\ISIC2018_Task1_Training_GroundTruth\ISIC2018_Task1_Training_GroundTruth\ISIC_0000258_segmentation.png,256,256,0.533173,768,1024,3,0.0,212.0,"[0, 255]",False,False,False,False
ISIC_0011140,train,F:\PythonProjects\cv_study_project\data\ISIC2018_Task1-2_Training_Input\ISIC2018_Task1-2_Training_Input\ISIC_0011140.jpg,F:\PythonProjects\cv_study_project\data\ISIC2018_Task1_Training_GroundTruth\ISIC2018_Task1_Training_GroundTruth\ISIC_0011140_segmentation.png,256,256,0.104996,768,1024,3,11.0,224.0,"[0, 255]",False,False,False,False
ISIC_0012105,train,F:\PythonProjects\cv_study_project\data\ISIC2018_Task1-2_Training_Input\ISIC2018_Task1-2_Training_Input\ISIC_0012105.jpg,F:\PythonProjects\cv_study_project\data\ISIC2018_Task1_Training_GroundTruth\ISIC2018_Task1_Training_GroundTruth\ISIC_0012105_segmentation.png,256,256,0.029846,2000,3008,3,4.0,232.0,"[0, 255]",False,False,False,False
ISIC_0011317,train,F:\PythonProjects\cv_study_project\data\ISIC2018_Task1-2_Training_Input\ISIC2018_Task1-2_Training_Input\ISIC_0011317.jpg,F:\PythonProjects\cv_study_project\data\ISIC2018_Task1_Training_GroundTruth\ISIC2018_Task1_Training_GroundTruth\ISIC_0011317_segmentation.png,256,256,0.047546,768,1024,3,0.0,225.0,"[0, 255]",False,False,False,False
ISIC_0000337,train,F:\PythonProjects\cv_study_project\data\ISIC2018_Task1-2_Training_Input\ISIC2018_Task1-2_Training_Input\ISIC_0000337.jpg,F:\PythonProjects\cv_study_project\data\ISIC2018_Task1_Training_GroundTruth\ISIC2018_Task1_Training_GroundTruth\ISIC_0000337_segmentation.png,256,256,0.537262,576,767,3,0.0,255.0,"[0, 255]",False,False,False,False
ISIC_0002885,train,F:\PythonProjects\cv_study_project\data\ISIC2018_Task1-2_Training_Input\ISIC2018_Task1-2_Training_Input\ISIC_0002885.jpg,F:\PythonProjects\cv_study_project\data\ISIC2018_Task1_Training_GroundTruth\ISIC2018_Task1_Training_GroundTruth\ISIC_0002885_segmentation.png,256,256,0.075043,2848,4288,3,13.0,244.0,"[0, 255]",False,False,False,False
ISIC_0010059,train,F:\PythonProjects\cv_study_project\data\ISIC2018_Task1-2_Training_Input\ISIC2018_Task1-2_Training_Input\ISIC_0010059.jpg,F:\PythonProjects\cv_study_project\data\ISIC2018_Task1_Training_GroundTruth\ISIC2018_Task1_Training_GroundTruth\ISIC_0010059_segmentation.png,256,256,0.081482,768,1024,3,0.0,242.0,"[0, 255]",False,False,False,False
ISIC_0008879,train,F:\PythonProjects\cv_study_project\data\ISIC2018_Task1-2_Training_Input\ISIC2018_Task1-2_Training_Input\ISIC_0008879.jpg,F:\PythonProjects\cv_study_project\data\ISIC2018_Task1_Training_GroundTruth\ISIC2018_Task1_Training_GroundTruth\ISIC_0008879_segmentation.png,256,256,0.031738,2848,4288,3,11.0,255.0,"[0, 255]",False,False,False,False
ISIC_0000245,train,F:\PythonProjects\cv_study_project\data\ISIC2018_Task1-2_Training_Input\ISIC2018_Task1-2_Training_Input\ISIC_0000245.jpg,F:\PythonProjects\cv_study_project\data\ISIC2018_Task1_Training_GroundTruth\ISIC2018_Task1_Training_GroundTruth\ISIC_0000245_segmentation.png,256,256,0.49855,768,1024,3,22.0,183.0,"[0, 255]",False,False,False,False
ISIC_0010342,train,F:\PythonProjects\cv_study_project\data\ISIC2018_Task1-2_Training_Input\ISIC2018_Task1-2_Training_Input\ISIC_0010342.jpg,F:\PythonProjects\cv_study_project\data\ISIC2018_Task1_Training_GroundTruth\ISIC2018_Task1_Training_GroundTruth\ISIC_0010342_segmentation.png,256,256,0.505402,768,1024,3,48.0,255.0,"[0, 255]",False,False,False,False
ISIC_0012149,train,F:\PythonProjects\cv_study_project\data\ISIC2018_Task1-2_Training_Input\ISIC2018_Task1-2_Training_Input\ISIC_0012149.jpg,F:\PythonProjects\cv_study_project\data\ISIC2018_Task1_Training_GroundTruth\ISIC2018_Task1_Training_GroundTruth\ISIC_0012149_segmentation.png,256,256,0.052109,2000,3008,3,13.0,255.0,"[0, 255]",False,False,False,False
ISIC_0012448,train,F:\PythonProjects\cv_study_project\data\ISIC2018_Task1-2_Training_Input\ISIC2018_Task1-2_Training_Input\ISIC_0012448.jpg,F:\PythonProjects\cv_study_project\data\ISIC2018_Task1_Training_GroundTruth\ISIC2018_Task1_Training_GroundTruth\ISIC_0012448_segmentation.png,256,256,0.017517,2000,3008,3,9.0,255.0,"[0, 255]",False,False,False,False
ISIC_0000135,train,F:\PythonProjects\cv_study_project\data\ISIC2018_Task1-2_Training_Input\ISIC2018_Task1-2_Training_Input\ISIC_0000135.jpg,F:\PythonProjects\cv_study_project\data\ISIC2018_Task1_Training_GroundTruth\ISIC2018_Task1_Training_GroundTruth\ISIC_0000135_segmentation.png,256,256,0.100998,1704,2272,3,3.0,250.0,"[0, 255]",False,False,False,False
ISIC_0011166,train,F:\PythonProjects\cv_study_project\data\ISIC2018_Task1-2_Training_Input\ISIC2018_Task1-2_Training_Input\ISIC_0011166.jpg,F:\PythonProjects\cv_study_project\data\ISIC2018_Task1_Training_GroundTruth\ISIC2018_Task1_Training_GroundTruth\ISIC_0011166_segmentation.png,256,256,0.101578,768,1024,3,1.0,254.0,"[0, 255]",False,False,False,False
ISIC_0010568,train,F:\PythonProjects\cv_study_project\data\ISIC2018_Task1-2_Training_Input\ISIC2018_Task1-2_Training_Input\ISIC_0010568.jpg,F:\PythonProjects\cv_study_project\data\ISIC2018_Task1_Training_GroundTruth\ISIC2018_Task1_Training_GroundTruth\ISIC_0010568_segmentation.png,256,256,0.518234,768,1024,3,22.0,199.0,"[0, 255]",False,False,False,False
ISIC_0009800,train,F:\PythonProjects\cv_study_project\data\ISIC2018_Task1-2_Training_Input\ISIC2018_Task1-2_Training_Input\ISIC_0009800.jpg,F:\PythonProjects\cv_study_project\data\ISIC2018_Task1_Training_GroundTruth\ISIC2018_Task1_Training_GroundTruth\ISIC_0009800_segmentation.png,256,256,0.054855,2848,4288,3,0.0,239.0,"[0, 255]",False,False,False,False
ISIC_0012208,train,F:\PythonProjects\cv_study_project\data\ISIC2018_Task1-2_Training_Input\ISIC2018_Task1-2_Training_Input\ISIC_0012208.jpg,F:\PythonProjects\cv_study_project\data\ISIC2018_Task1_Training_GroundTruth\ISIC2018_Task1_Training_GroundTruth\ISIC_0012208_segmentation.png,256,256,0.046265,2000,3008,3,23.0,210.0,"[0, 255]",False,False,False,False
ISIC_0012232,train,F:\PythonProjects\cv_study_project\data\ISIC2018_Task1-2_Training_Input\ISIC2018_Task1-2_Training_Input\ISIC_0012232.jpg,F:\PythonProjects\cv_study_project\data\ISIC2018_Task1_Training_GroundTruth\ISIC2018_Task1_Training_GroundTruth\ISIC_0012232_segmentation.png,256,256,0.041565,2848,4288,3,41.0,227.0,"[0, 255]",False,False,False,False
ISIC_0010185,train,F:\PythonProjects\cv_study_project\data\ISIC2018_Task1-2_Training_Input\ISIC2018_Task1-2_Training_Input\ISIC_0010185.jpg,F:\PythonProjects\cv_study_project\data\ISIC2018_Task1_Training_GroundTruth\ISIC2018_Task1_Training_GroundTruth\ISIC_0010185_segmentation.png,256,256,0.086044,768,1024,3,2.0,170.0,"[0, 255]",False,False,False,False
ISIC_0000322,train,F:\PythonProjects\cv_study_project\data\ISIC2018_Task1-2_Training_Input\ISIC2018_Task1-2_Training_Input\ISIC_0000322.jpg,F:\PythonProjects\cv_study_project\data\ISIC2018_Task1_Training_GroundTruth\ISIC2018_Task1_Training_GroundTruth\ISIC_0000322_segmentation.png,256,256,0.295303,576,767,3,0.0,255.0,"[0, 255]",False,False,False,False
ISIC_0001105,train,F:\PythonProjects\cv_study_project\data\ISIC2018_Task1-2_Training_Input\ISIC2018_Task1-2_Training_Input\ISIC_0001105.jpg,F:\PythonProjects\cv_study_project\data\ISIC2018_Task1_Training_GroundTruth\ISIC2018_Task1_Training_GroundTruth\ISIC_0001105_segmentation.png,256,256,0.144028,2304,3072,3,10.0,184.0,"[0, 255]",False,False,False,False
ISIC_0012653,train,F:\PythonProjects\cv_study_project\data\ISIC2018_Task1-2_Training_Input\ISIC2018_Task1-2_Training_Input\ISIC_0012653.jpg,F:\PythonProjects\cv_study_project\data\ISIC2018_Task1_Training_GroundTruth\ISIC2018_Task1_Training_GroundTruth\ISIC_0012653_segmentation.png,256,256,0.042786,1536,2304,3,0.0,240.0,"[0, 255]",False,False,False,False
ISIC_0010018,train,F:\PythonProjects\cv_study_project\data\ISIC2018_Task1-2_Training_Input\ISIC2018_Task1-2_Training_Input\ISIC_0010018.jpg,F:\PythonProjects\cv_study_project\data\ISIC2018_Task1_Training_GroundTruth\ISIC2018_Task1_Training_GroundTruth\ISIC_0010018_segmentation.png,256,256,0.136749,768,1024,3,7.0,254.0,"[0, 255]",False,False,False,False
ISIC_0012737,train,F:\PythonProjects\cv_study_project\data\ISIC2018_Task1-2_Training_Input\ISIC2018_Task1-2_Training_Input\ISIC_0012737.jpg,F:\PythonProjects\cv_study_project\data\ISIC2018_Task1_Training_GroundTruth\ISIC2018_Task1_Training_GroundTruth\ISIC_0012737_segmentation.png,256,256,0.060974,2000,3008,3,38.0,255.0,"[0, 255]",False,False,False,False
ISIC_0010176,train,F:\PythonProjects\cv_study_project\data\ISIC2018_Task1-2_Training_Input\ISIC2018_Task1-2_Training_Input\ISIC_0010176.jpg,F:\PythonProjects\cv_study_project\data\ISIC2018_Task1_Training_GroundTruth\ISIC2018_Task1_Training_GroundTruth\ISIC_0010176_segmentation.png,256,256,0.08075,768,1024,3,0.0,255.0,"[0, 255]",False,False,False,False
ISIC_0000420,train,F:\PythonProjects\cv_study_project\data\ISIC2018_Task1-2_Training_Input\ISIC2018_Task1-2_Training_Input\ISIC_0000420.jpg,F:\PythonProjects\cv_study_project\data\ISIC2018_Task1_Training_GroundTruth\ISIC2018_Task1_Training_GroundTruth\ISIC_0000420_segmentation.png,256,256,0.227081,2304,3072,3,19.0,226.0,"[0, 255]",False,False,False,False
ISIC_0010090,train,F:\PythonProjects\cv_study_project\data\ISIC2018_Task1-2_Training_Input\ISIC2018_Task1-2_Training_Input\ISIC_0010090.jpg,F:\PythonProjects\cv_study_project\data\ISIC2018_Task1_Training_GroundTruth\ISIC2018_Task1_Training_GroundTruth\ISIC_0010090_segmentation.png,256,256,0.043808,768,1024,3,54.0,249.0,"[0, 255]",False,False,False,False
ISIC_0011130,train,F:\PythonProjects\cv_study_project\data\ISIC2018_Task1-2_Training_Input\ISIC2018_Task1-2_Training_Input\ISIC_0011130.jpg,F:\PythonProjects\cv_study_project\data\ISIC2018_Task1_Training_GroundTruth\ISIC2018_Task1_Training_GroundTruth\ISIC_0011130_segmentation.png,256,256,0.1194,768,1024,3,24.0,206.0,"[0, 255]",False,False,False,False
ISIC_0009914,train,F:\PythonProjects\cv_study_project\data\ISIC2018_Task1-2_Training_Input\ISIC2018_Task1-2_Training_Input\ISIC_0009914.jpg,F:\PythonProjects\cv_study_project\data\ISIC2018_Task1_Training_GroundTruth\ISIC2018_Task1_Training_GroundTruth\ISIC_0009914_segmentation.png,256,256,0.197998,768,1024,3,25.0,238.0,"[0, 255]",False,False,False,False
ISIC_0010092,train,F:\PythonProjects\cv_study_project\data\ISIC2018_Task1-2_Training_Input\ISIC2018_Task1-2_Training_Input\ISIC_0010092.jpg,F:\PythonProjects\cv_study_project\data\ISIC2018_Task1_Training_GroundTruth\ISIC2018_Task1_Training_GroundTruth\ISIC_0010092_segmentation.png,256,256,0.14064,768,1024,3,4.0,216.0,"[0, 255]",False,False,False,False
ISIC_0012281,train,F:\PythonProjects\cv_study_project\data\ISIC2018_Task1-2_Training_Input\ISIC2018_Task1-2_Training_Input\ISIC_0012281.jpg,F:\PythonProjects\cv_study_project\data\ISIC2018_Task1_Training_GroundTruth\ISIC2018_Task1_Training_GroundTruth\ISIC_0012281_segmentation.png,256,256,0.019577,2848,4288,3,46.0,230.0,"[0, 255]",False,False,False,False
ISIC_0008507,train,F:\PythonProjects\cv_study_project\data\ISIC2018_Task1-2_Training_Input\ISIC2018_Task1-2_Training_Input\ISIC_0008507.jpg,F:\PythonProjects\cv_study_project\data\ISIC2018_Task1_Training_GroundTruth\ISIC2018_Task1_Training_GroundTruth\ISIC_0008507_segmentation.png,256,256,0.049438,2848,4288,3,12.0,255.0,"[0, 255]",False,False,False,False
ISIC_0009972,train,F:\PythonProjects\cv_study_project\data\ISIC2018_Task1-2_Training_Input\ISIC2018_Task1-2_Training_Input\ISIC_0009972.jpg,F:\PythonProjects\cv_study_project\data\ISIC2018_Task1_Training_GroundTruth\ISIC2018_Task1_Training_GroundTruth\ISIC_0009972_segmentation.png,256,256,0.103928,768,1024,3,14.0,248.0,"[0, 255]",False,False,False,False
ISIC_0000251,train,F:\PythonProjects\cv_study_project\data\ISIC2018_Task1-2_Training_Input\ISIC2018_Task1-2_Training_Input\ISIC_0000251.jpg,F:\PythonProjects\cv_study_project\data\ISIC2018_Task1_Training_GroundTruth\ISIC2018_Task1_Training_GroundTruth\ISIC_0000251_segmentation.png,256,256,0.107178,768,1024,3,0.0,212.0,"[0, 255]",False,False,False,False
ISIC_0000350,train,F:\PythonProjects\cv_study_project\data\ISIC2018_Task1-2_Training_Input\ISIC2018_Task1-2_Training_Input\ISIC_0000350.jpg,F:\PythonProjects\cv_study_project\data\ISIC2018_Task1_Training_GroundTruth\ISIC2018_Task1_Training_GroundTruth\ISIC_0000350_segmentation.png,256,256,0.190659,576,767,3,0.0,255.0,"[0, 255]",False,False,False,False
ISIC_0010234,train,F:\PythonProjects\cv_study_project\data\ISIC2018_Task1-2_Training_Input\ISIC2018_Task1-2_Training_Input\ISIC_0010234.jpg,F:\PythonProjects\cv_study_project\data\ISIC2018_Task1_Training_GroundTruth\ISIC2018_Task1_Training_GroundTruth\ISIC_0010234_segmentation.png,256,256,0.071594,768,1024,3,5.0,247.0,"[0, 255]",False,False,False,False
ISIC_0000020,train,F:\PythonProjects\cv_study_project\data\ISIC2018_Task1-2_Training_Input\ISIC2018_Task1-2_Training_Input\ISIC_0000020.jpg,F:\PythonProjects\cv_study_project\data\ISIC2018_Task1_Training_GroundTruth\ISIC2018_Task1_Training_GroundTruth\ISIC_0000020_segmentation.png,256,256,0.23938,1129,1504,3,0.0,216.0,"[0, 255]",False,False,False,False
ISIC_0000882,train,F:\PythonProjects\cv_study_project\data\ISIC2018_Task1-2_Training_Input\ISIC2018_Task1-2_Training_Input\ISIC_0000882.jpg,F:\PythonProjects\cv_study_project\data\ISIC2018_Task1_Training_GroundTruth\ISIC2018_Task1_Training_GroundTruth\ISIC_0000882_segmentation.png,256,256,0.092361,2016,3024,3,0.0,255.0,"[0, 255]",False,False,False,False
ISIC_0001374,train,F:\PythonProjects\cv_study_project\data\ISIC2018_Task1-2_Training_Input\ISIC2018_Task1-2_Training_Input\ISIC_0001374.jpg,F:\PythonProjects\cv_study_project\data\ISIC2018_Task1_Training_GroundTruth\ISIC2018_Task1_Training_GroundTruth\ISIC_0001374_segmentation.png,256,256,0.072449,2016,3024,3,2.0,249.0,"[0, 255]",False,False,False,False
ISIC_0012148,train,F:\PythonProjects\cv_study_project\data\ISIC2018_Task1-2_Training_Input\ISIC2018_Task1-2_Training_Input\ISIC_0012148.jpg,F:\PythonProjects\cv_study_project\data\ISIC2018_Task1_Training_GroundTruth\ISIC2018_Task1_Training_GroundTruth\ISIC_0012148_segmentation.png,256,256,0.048828,2000,3008,3,23.0,255.0,"[0, 255]",False,False,False,False
ISIC_0000277,train,F:\PythonProjects\cv_study_project\data\ISIC2018_Task1-2_Training_Input\ISIC2018_Task1-2_Training_Input\ISIC_0000277.jpg,F:\PythonProjects\cv_study_project\data\ISIC2018_Task1_Training_GroundTruth\ISIC2018_Task1_Training_GroundTruth\ISIC_0000277_segmentation.png,256,256,0.455307,768,1024,3,0.0,235.0,"[0, 255]",False,False,False,False
ISIC_0005666,train,F:\PythonProjects\cv_study_project\data\ISIC2018_Task1-2_Training_Input\ISIC2018_Task1-2_Training_Input\ISIC_0005666.jpg,F:\PythonProjects\cv_study_project\data\ISIC2018_Task1_Training_GroundTruth\ISIC2018_Task1_Training_GroundTruth\ISIC_0005666_segmentation.png,256,256,0.083435,2016,3024,3,0.0,255.0,"[0, 255]",False,False,False,False
ISIC_0011169,train,F:\PythonProjects\cv_study_project\data\ISIC2018_Task1-2_Training_Input\ISIC2018_Task1-2_Training_Input\ISIC_0011169.jpg,F:\PythonProjects\cv_study_project\data\ISIC2018_Task1_Training_GroundTruth\ISIC2018_Task1_Training_GroundTruth\ISIC_0011169_segmentation.png,256,256,0.225891,768,1024,3,9.0,233.0,"[0, 255]",False,False,False,False
ISIC_0011144,train,F:\PythonProjects\cv_study_project\data\ISIC2018_Task1-2_Training_Input\ISIC2018_Task1-2_Training_Input\ISIC_0011144.jpg,F:\PythonProjects\cv_study_project\data\ISIC2018_Task1_Training_GroundTruth\ISIC2018_Task1_Training_GroundTruth\ISIC_0011144_segmentation.png,256,256,0.276031,768,1024,3,0.0,255.0,"[0, 255]",False,False,False,False
ISIC_0012683,train,F:\PythonProjects\cv_study_project\data\ISIC2018_Task1-2_Training_Input\ISIC2018_Task1-2_Training_Input\ISIC_0012683.jpg,F:\PythonProjects\cv_study_project\data\ISIC2018_Task1_Training_GroundTruth\ISIC2018_Task1_Training_GroundTruth\ISIC_0012683_segmentation.png,256,256,0.006073,2000,3008,3,14.0,250.0,"[0, 255]",False,False,False,False
ISIC_0000096,train,F:\PythonProjects\cv_study_project\data\ISIC2018_Task1-2_Training_Input\ISIC2018_Task1-2_Training_Input\ISIC_0000096.jpg,F:\PythonProjects\cv_study_project\data\ISIC2018_Task1_Training_GroundTruth\ISIC2018_Task1_Training_GroundTruth\ISIC_0000096_segmentation.png,256,256,0.27533,1536,2048,3,0.0,238.0,"[0, 255]",False,False,False,False
ISIC_0000216,train,F:\PythonProjects\cv_study_project\data\ISIC2018_Task1-2_Training_Input\ISIC2018_Task1-2_Training_Input\ISIC_0000216.jpg,F:\PythonProjects\cv_study_project\data\ISIC2018_Task1_Training_GroundTruth\ISIC2018_Task1_Training_GroundTruth\ISIC_0000216_segmentation.png,256,256,0.45784,626,949,3,37.0,246.0,"[0, 255]",False,False,False,False
ISIC_0002647,train,F:\PythonProjects\cv_study_project\data\ISIC2018_Task1-2_Training_Input\ISIC2018_Task1-2_Training_Input\ISIC_0002647.jpg,F:\PythonProjects\cv_study_project\data\ISIC2018_Task1_Training_GroundTruth\ISIC2018_Task1_Training_GroundTruth\ISIC_0002647_segmentation.png,256,256,0.040802,2848,4288,3,16.0,254.0,"[0, 255]",False,False,False,False
ISIC_0000013,train,F:\PythonProjects\cv_study_project\data\ISIC2018_Task1-2_Training_Input\ISIC2018_Task1-2_Training_Input\ISIC_0000013.jpg,F:\PythonProjects\cv_study_project\data\ISIC2018_Task1_Training_GroundTruth\ISIC2018_Task1_Training_GroundTruth\ISIC_0000013_segmentation.png,256,256,0.275574,767,1022,3,15.0,247.0,"[0, 255]",False,False,False,False
ISIC_0012523,train,F:\PythonProjects\cv_study_project\data\ISIC2018_Task1-2_Training_Input\ISIC2018_Task1-2_Training_Input\ISIC_0012523.jpg,F:\PythonProjects\cv_study_project\data\ISIC2018_Task1_Training_GroundTruth\ISIC2018_Task1_Training_GroundTruth\ISIC_0012523_segmentation.png,256,256,0.005814,2848,4288,3,11.0,195.0,"[0, 255]",False,False,False,False
ISIC_0000327,train,F:\PythonProjects\cv_study_project\data\ISIC2018_Task1-2_Training_Input\ISIC2018_Task1-2_Training_Input\ISIC_0000327.jpg,F:\PythonProjects\cv_study_project\data\ISIC2018_Task1_Training_GroundTruth\ISIC2018_Task1_Training_GroundTruth\ISIC_0000327_segmentation.png,256,256,0.162125,576,767,3,0.0,255.0,"[0, 255]",False,False,False,False
ISIC_0000331,train,F:\PythonProjects\cv_study_project\data\ISIC2018_Task1-2_Training_Input\ISIC2018_Task1-2_Training_Input\ISIC_0000331.jpg,F:\PythonProjects\cv_study_project\data\ISIC2018_Task1_Training_GroundTruth\ISIC2018_Task1_Training_GroundTruth\ISIC_0000331_segmentation.png,256,256,0.296158,576,767,3,0.0,255.0,"[0, 255]",False,False,False,False
ISIC_0000415,train,F:\PythonProjects\cv_study_project\data\ISIC2018_Task1-2_Training_Input\ISIC2018_Task1-2_Training_Input\ISIC_0000415.jpg,F:\PythonProjects\cv_study_project\data\ISIC2018_Task1_Training_GroundTruth\ISIC2018_Task1_Training_GroundTruth\ISIC_0000415_segmentation.png,256,256,0.507401,2304,3072,3,21.0,235.0,"[0, 255]",False,False,False,False
ISIC_0000303,train,F:\PythonProjects\cv_study_project\data\ISIC2018_Task1-2_Training_Input\ISIC2018_Task1-2_Training_Input\ISIC_0000303.jpg,F:\PythonProjects\cv_study_project\data\ISIC2018_Task1_Training_GroundTruth\ISIC2018_Task1_Training_GroundTruth\ISIC_0000303_segmentation.png,256,256,0.909622,576,767,3,0.0,239.0,"[0, 255]",False,False,True,True
ISIC_0000442,train,F:\PythonProjects\cv_study_project\data\ISIC2018_Task1-2_Training_Input\ISIC2018_Task1-2_Training_Input\ISIC_0000442.jpg,F:\PythonProjects\cv_study_project\data\ISIC2018_Task1_Training_GroundTruth\ISIC2018_Task1_Training_GroundTruth\ISIC_0000442_segmentation.png,256,256,0.198105,2304,3072,3,3.0,243.0,"[0, 255]",False,False,False,False
ISIC_0012288,train,F:\PythonProjects\cv_study_project\data\ISIC2018_Task1-2_Training_Input\ISIC2018_Task1-2_Training_Input\ISIC_0012288.jpg,F:\PythonProjects\cv_study_project\data\ISIC2018_Task1_Training_GroundTruth\ISIC2018_Task1_Training_GroundTruth\ISIC_0012288_segmentation.png,256,256,0.029755,2848,4288,3,22.0,248.0,"[0, 255]",False,False,False,False
ISIC_0011098,train,F:\PythonProjects\cv_study_project\data\ISIC2018_Task1-2_Training_Input\ISIC2018_Task1-2_Training_Input\ISIC_0011098.jpg,F:\PythonProjects\cv_study_project\data\ISIC2018_Task1_Training_GroundTruth\ISIC2018_Task1_Training_GroundTruth\ISIC_0011098_segmentation.png,256,256,0.100571,768,1024,3,0.0,251.0,"[0, 255]",False,False,False,False
ISIC_0009950,train,F:\PythonProjects\cv_study_project\data\ISIC2018_Task1-2_Training_Input\ISIC2018_Task1-2_Training_Input\ISIC_0009950.jpg,F:\PythonProjects\cv_study_project\data\ISIC2018_Task1_Training_GroundTruth\ISIC2018_Task1_Training_GroundTruth\ISIC_0009950_segmentation.png,256,256,0.25499,768,1024,3,4.0,255.0,"[0, 255]",False,False,False,False
ISIC_0000387,train,F:\PythonProjects\cv_study_project\data\ISIC2018_Task1-2_Training_Input\ISIC2018_Task1-2_Training_Input\ISIC_0000387.jpg,F:\PythonProjects\cv_study_project\data\ISIC2018_Task1_Training_GroundTruth\ISIC2018_Task1_Training_GroundTruth\ISIC_0000387_segmentation.png,256,256,0.102325,2304,3072,3,14.0,255.0,"[0, 255]",False,False,False,False
ISIC_0010190,train,F:\PythonProjects\cv_study_project\data\ISIC2018_Task1-2_Training_Input\ISIC2018_Task1-2_Training_Input\ISIC_0010190.jpg,F:\PythonProjects\cv_study_project\data\ISIC2018_Task1_Training_GroundTruth\ISIC2018_Task1_Training_GroundTruth\ISIC_0010190_segmentation.png,256,256,0.846603,768,1024,3,28.0,239.0,"[0, 255]",False,False,False,False
ISIC_0012512,train,F:\PythonProjects\cv_study_project\data\ISIC2018_Task1-2_Training_Input\ISIC2018_Task1-2_Training_Input\ISIC_0012512.jpg,F:\PythonProjects\cv_study_project\data\ISIC2018_Task1_Training_GroundTruth\ISIC2018_Task1_Training_GroundTruth\ISIC_0012512_segmentation.png,256,256,0.096863,2848,4288,3,9.0,199.0,"[0, 255]",False,False,False,False
ISIC_0012521,train,F:\PythonProjects\cv_study_project\data\ISIC2018_Task1-2_Training_Input\ISIC2018_Task1-2_Training_Input\ISIC_0012521.jpg,F:\PythonProjects\cv_study_project\data\ISIC2018_Task1_Training_GroundTruth\ISIC2018_Task1_Training_GroundTruth\ISIC_0012521_segmentation.png,256,256,0.068481,2848,4288,3,13.0,176.0,"[0, 255]",False,False,False,False
ISIC_0012318,train,F:\PythonProjects\cv_study_project\data\ISIC2018_Task1-2_Training_Input\ISIC2018_Task1-2_Training_Input\ISIC_0012318.jpg,F:\PythonProjects\cv_study_project\data\ISIC2018_Task1_Training_GroundTruth\ISIC2018_Task1_Training_GroundTruth\ISIC_0012318_segmentation.png,256,256,0.042755,2000,3008,3,6.0,255.0,"[0, 255]",False,False,False,False
ISIC_0011167,train,F:\PythonProjects\cv_study_project\data\ISIC2018_Task1-2_Training_Input\ISIC2018_Task1-2_Training_Input\ISIC_0011167.jpg,F:\PythonProjects\cv_study_project\data\ISIC2018_Task1_Training_GroundTruth\ISIC2018_Task1_Training_GroundTruth\ISIC_0011167_segmentation.png,256,256,0.786789,768,1024,3,58.0,205.0,"[0, 255]",False,False,False,False
ISIC_0010319,train,F:\PythonProjects\cv_study_project\data\ISIC2018_Task1-2_Training_Input\ISIC2018_Task1-2_Training_Input\ISIC_0010319.jpg,F:\PythonProjects\cv_study_project\data\ISIC2018_Task1_Training_GroundTruth\ISIC2018_Task1_Training_GroundTruth\ISIC_0010319_segmentation.png,256,256,0.493439,768,1024,3,20.0,251.0,"[0, 255]",False,False,False,False
ISIC_0010226,train,F:\PythonProjects\cv_study_project\data\ISIC2018_Task1-2_Training_Input\ISIC2018_Task1-2_Training_Input\ISIC_0010226.jpg,F:\PythonProjects\cv_study_project\data\ISIC2018_Task1_Training_GroundTruth\ISIC2018_Task1_Training_GroundTruth\ISIC_0010226_segmentation.png,256,256,0.151169,768,1024,3,20.0,230.0,"[0, 255]",False,False,False,False
ISIC_0001100,train,F:\PythonProjects\cv_study_project\data\ISIC2018_Task1-2_Training_Input\ISIC2018_Task1-2_Training_Input\ISIC_0001100.jpg,F:\PythonProjects\cv_study_project\data\ISIC2018_Task1_Training_GroundTruth\ISIC2018_Task1_Training_GroundTruth\ISIC_0001100_segmentation.png,256,256,0.15329,2304,3072,3,3.0,255.0,"[0, 255]",False,False,False,False
ISIC_0010554,train,F:\PythonProjects\cv_study_project\data\ISIC2018_Task1-2_Training_Input\ISIC2018_Task1-2_Training_Input\ISIC_0010554.jpg,F:\PythonProjects\cv_study_project\data\ISIC2018_Task1_Training_GroundTruth\ISIC2018_Task1_Training_GroundTruth\ISIC_0010554_segmentation.png,256,256,0.138168,768,1024,3,4.0,255.0,"[0, 255]",False,False,False,False
ISIC_0012663,train,F:\PythonProjects\cv_study_project\data\ISIC2018_Task1-2_Training_Input\ISIC2018_Task1-2_Training_Input\ISIC_0012663.jpg,F:\PythonProjects\cv_study_project\data\ISIC2018_Task1_Training_GroundTruth\ISIC2018_Task1_Training_GroundTruth\ISIC_0012663_segmentation.png,256,256,0.025757,2000,3008,3,16.0,242.0,"[0, 255]",False,False,False,False
ISIC_0000283,train,F:\PythonProjects\cv_study_project\data\ISIC2018_Task1-2_Training_Input\ISIC2018_Task1-2_Training_Input\ISIC_0000283.jpg,F:\PythonProjects\cv_study_project\data\ISIC2018_Task1_Training_GroundTruth\ISIC2018_Task1_Training_GroundTruth\ISIC_0000283_segmentation.png,256,256,0.142929,768,1024,3,0.0,243.0,"[0, 255]",False,False,False,False
ISIC_0011121,train,F:\PythonProjects\cv_study_project\data\ISIC2018_Task1-2_Training_Input\ISIC2018_Task1-2_Training_Input\ISIC_0011121.jpg,F:\PythonProjects\cv_study_project\data\ISIC2018_Task1_Training_GroundTruth\ISIC2018_Task1_Training_GroundTruth\ISIC_0011121_segmentation.png,256,256,0.937973,768,1024,3,30.0,255.0,"[0, 255]",False,False,True,True
ISIC_0000319,train,F:\PythonProjects\cv_study_project\data\ISIC2018_Task1-2_Training_Input\ISIC2018_Task1-2_Training_Input\ISIC_0000319.jpg,F:\PythonProjects\cv_study_project\data\ISIC2018_Task1_Training_GroundTruth\ISIC2018_Task1_Training_GroundTruth\ISIC_0000319_segmentation.png,256,256,0.157104,576,767,3,0.0,255.0,"[0, 255]",False,False,False,False
ISIC_0009875,train,F:\PythonProjects\cv_study_project\data\ISIC2018_Task1-2_Training_Input\ISIC2018_Task1-2_Training_Input\ISIC_0009875.jpg,F:\PythonProjects\cv_study_project\data\ISIC2018_Task1_Training_GroundTruth\ISIC2018_Task1_Training_GroundTruth\ISIC_0009875_segmentation.png,256,256,0.331619,768,1024,3,10.0,255.0,"[0, 255]",False,False,False,False
ISIC_0009979,train,F:\PythonProjects\cv_study_project\data\ISIC2018_Task1-2_Training_Input\ISIC2018_Task1-2_Training_Input\ISIC_0009979.jpg,F:\PythonProjects\cv_study_project\data\ISIC2018_Task1_Training_GroundTruth\ISIC2018_Task1_Training_GroundTruth\ISIC_0009979_segmentation.png,256,256,0.103317,768,1024,3,0.0,255.0,"[0, 255]",False,False,False,False
ISIC_0009904,train,F:\PythonProjects\cv_study_project\data\ISIC2018_Task1-2_Training_Input\ISIC2018_Task1-2_Training_Input\ISIC_0009904.jpg,F:\PythonProjects\cv_study_project\data\ISIC2018_Task1_Training_GroundTruth\ISIC2018_Task1_Training_GroundTruth\ISIC_0009904_segmentation.png,256,256,0.458099,768,1024,3,10.0,235.0,"[0, 255]",False,False,False,False
ISIC_0001286,train,F:\PythonProjects\cv_study_project\data\ISIC2018_Task1-2_Training_Input\ISIC2018_Task1-2_Training_Input\ISIC_0001286.jpg,F:\PythonProjects\cv_study_project\data\ISIC2018_Task1_Training_GroundTruth\ISIC2018_Task1_Training_GroundTruth\ISIC_0001286_segmentation.png,256,256,0.059982,2016,3024,3,0.0,255.0,"[0, 255]",False,False,False,False
ISIC_0010075,train,F:\PythonProjects\cv_study_project\data\ISIC2018_Task1-2_Training_Input\ISIC2018_Task1-2_Training_Input\ISIC_0010075.jpg,F:\PythonProjects\cv_study_project\data\ISIC2018_Task1_Training_GroundTruth\ISIC2018_Task1_Training_GroundTruth\ISIC_0010075_segmentation.png,256,256,0.624161,768,1024,3,0.0,206.0,"[0, 255]",False,False,False,False
ISIC_0000321,train,F:\PythonProjects\cv_study_project\data\ISIC2018_Task1-2_Training_Input\ISIC2018_Task1-2_Training_Input\ISIC_0000321.jpg,F:\PythonProjects\cv_study_project\data\ISIC2018_Task1_Training_GroundTruth\ISIC2018_Task1_Training_GroundTruth\ISIC_0000321_segmentation.png,256,256,0.43782,576,767,3,0.0,255.0,"[0, 255]",False,False,False,False
ISIC_0011223,train,F:\PythonProjects\cv_study_project\data\ISIC2018_Task1-2_Training_Input\ISIC2018_Task1-2_Training_Input\ISIC_0011223.jpg,F:\PythonProjects\cv_study_project\data\ISIC2018_Task1_Training_GroundTruth\ISIC2018_Task1_Training_GroundTruth\ISIC_0011223_segmentation.png,256,256,0.100113,768,1024,3,36.0,255.0,"[0, 255]",False,False,False,False
ISIC_0010574,train,F:\PythonProjects\cv_study_project\data\ISIC2018_Task1-2_Training_Input\ISIC2018_Task1-2_Training_Input\ISIC_0010574.jpg,F:\PythonProjects\cv_study_project\data\ISIC2018_Task1_Training_GroundTruth\ISIC2018_Task1_Training_GroundTruth\ISIC_0010574_segmentation.png,256,256,0.138092,768,1024,3,11.0,254.0,"[0, 255]",False,False,False,False
ISIC_0011328,train,F:\PythonProjects\cv_study_project\data\ISIC2018_Task1-2_Training_Input\ISIC2018_Task1-2_Training_Input\ISIC_0011328.jpg,F:\PythonProjects\cv_study_project\data\ISIC2018_Task1_Training_GroundTruth\ISIC2018_Task1_Training_GroundTruth\ISIC_0011328_segmentation.png,256,256,0.246933,768,1024,3,0.0,228.0,"[0, 255]",False,False,False,False
ISIC_0012155,train,F:\PythonProjects\cv_study_project\data\ISIC2018_Task1-2_Training_Input\ISIC2018_Task1-2_Training_Input\ISIC_0012155.jpg,F:\PythonProjects\cv_study_project\data\ISIC2018_Task1_Training_GroundTruth\ISIC2018_Task1_Training_GroundTruth\ISIC_0012155_segmentation.png,256,256,0.038788,2000,3008,3,19.0,255.0,"[0, 255]",False,False,False,False
ISIC_0001131,train,F:\PythonProjects\cv_study_project\data\ISIC2018_Task1-2_Training_Input\ISIC2018_Task1-2_Training_Input\ISIC_0001131.jpg,F:\PythonProjects\cv_study_project\data\ISIC2018_Task1_Training_GroundTruth\ISIC2018_Task1_Training_GroundTruth\ISIC_0001131_segmentation.png,256,256,0.343018,2304,3072,3,0.0,255.0,"[0, 255]",False,False,False,False
ISIC_0000453,train,F:\PythonProjects\cv_study_project\data\ISIC2018_Task1-2_Training_Input\ISIC2018_Task1-2_Training_Input\ISIC_0000453.jpg,F:\PythonProjects\cv_study_project\data\ISIC2018_Task1_Training_GroundTruth\ISIC2018_Task1_Training_GroundTruth\ISIC_0000453_segmentation.png,256,256,0.231903,2304,3072,3,28.0,187.0,"[0, 255]",False,False,False,False
ISIC_0000540,train,F:\PythonProjects\cv_study_project\data\ISIC2018_Task1-2_Training_Input\ISIC2018_Task1-2_Training_Input\ISIC_0000540.jpg,F:\PythonProjects\cv_study_project\data\ISIC2018_Task1_Training_GroundTruth\ISIC2018_Task1_Training_GroundTruth\ISIC_0000540_segmentation.png,256,256,0.513,719,824,3,0.0,255.0,"[0, 255]",False,False,False,False
ISIC_0000120,train,F:\PythonProjects\cv_study_project\data\ISIC2018_Task1-2_Training_Input\ISIC2018_Task1-2_Training_Input\ISIC_0000120.jpg,F:\PythonProjects\cv_study_project\data\ISIC2018_Task1_Training_GroundTruth\ISIC2018_Task1_Training_GroundTruth\ISIC_0000120_segmentation.png,256,256,0.421387,1536,2048,3,7.0,248.0,"[0, 255]",False,False,False,False
ISIC_0012494,train,F:\PythonProjects\cv_study_project\data\ISIC2018_Task1-2_Training_Input\ISIC2018_Task1-2_Training_Input\ISIC_0012494.jpg,F:\PythonProjects\cv_study_project\data\ISIC2018_Task1_Training_GroundTruth\ISIC2018_Task1_Training_GroundTruth\ISIC_0012494_segmentation.png,256,256,0.083298,2848,4288,3,8.0,204.0,"[0, 255]",False,False,False,False
ISIC_0010011,train,F:\PythonProjects\cv_study_project\data\ISIC2018_Task1-2_Training_Input\ISIC2018_Task1-2_Training_Input\ISIC_0010011.jpg,F:\PythonProjects\cv_study_project\data\ISIC2018_Task1_Training_GroundTruth\ISIC2018_Task1_Training_GroundTruth\ISIC_0010011_segmentation.png,256,256,0.257309,768,1024,3,42.0,230.0,"[0, 255]",False,False,False,False
ISIC_0000015,train,F:\PythonProjects\cv_study_project\data\ISIC2018_Task1-2_Training_Input\ISIC2018_Task1-2_Training_Input\ISIC_0000015.jpg,F:\PythonProjects\cv_study_project\data\ISIC2018_Task1_Training_GroundTruth\ISIC2018_Task1_Training_GroundTruth\ISIC_0000015_segmentation.png,256,256,0.227615,767,1022,3,0.0,232.0,"[0, 255]",False,False,False,False
ISIC_0000416,train,F:\PythonProjects\cv_study_project\data\ISIC2018_Task1-2_Training_Input\ISIC2018_Task1-2_Training_Input\ISIC_0000416.jpg,F:\PythonProjects\cv_study_project\data\ISIC2018_Task1_Training_GroundTruth\ISIC2018_Task1_Training_GroundTruth\ISIC_0000416_segmentation.png,256,256,0.132278,2304,3072,3,22.0,194.0,"[0, 255]",False,False,False,False
ISIC_0002353,train,F:\PythonProjects\cv_study_project\data\ISIC2018_Task1-2_Training_Input\ISIC2018_Task1-2_Training_Input\ISIC_0002353.jpg,F:\PythonProjects\cv_study_project\data\ISIC2018_Task1_Training_GroundTruth\ISIC2018_Task1_Training_GroundTruth\ISIC_0002353_segmentation.png,256,256,0.069351,2016,3024,3,0.0,255.0,"[0, 255]",False,False,False,False
ISIC_0011090,train,F:\PythonProjects\cv_study_project\data\ISIC2018_Task1-2_Training_Input\ISIC2018_Task1-2_Training_Input\ISIC_0011090.jpg,F:\PythonProjects\cv_study_project\data\ISIC2018_Task1_Training_GroundTruth\ISIC2018_Task1_Training_GroundTruth\ISIC_0011090_segmentation.png,256,256,0.354767,768,1024,3,24.0,212.0,"[0, 255]",False,False,False,False
ISIC_0000466,train,F:\PythonProjects\cv_study_project\data\ISIC2018_Task1-2_Training_Input\ISIC2018_Task1-2_Training_Input\ISIC_0000466.jpg,F:\PythonProjects\cv_study_project\data\ISIC2018_Task1_Training_GroundTruth\ISIC2018_Task1_Training_GroundTruth\ISIC_0000466_segmentation.png,256,256,0.345276,802,919,3,5.0,223.0,"[0, 255]",False,False,False,False
ISIC_0009954,train,F:\PythonProjects\cv_study_project\data\ISIC2018_Task1-2_Training_Input\ISIC2018_Task1-2_Training_Input\ISIC_0009954.jpg,F:\PythonProjects\cv_study_project\data\ISIC2018_Task1_Training_GroundTruth\ISIC2018_Task1_Training_GroundTruth\ISIC_0009954_segmentation.png,256,256,0.130203,768,1024,3,50.0,255.0,"[0, 255]",False,False,False,False
ISIC_0003346,train,F:\PythonProjects\cv_study_project\data\ISIC2018_Task1-2_Training_Input\ISIC2018_Task1-2_Training_Input\ISIC_0003346.jpg,F:\PythonProjects\cv_study_project\data\ISIC2018_Task1_Training_GroundTruth\ISIC2018_Task1_Training_GroundTruth\ISIC_0003346_segmentation.png,256,256,0.02919,2848,4288,3,7.0,255.0,"[0, 255]",False,False,False,False
ISIC_0000425,train,F:\PythonProjects\cv_study_project\data\ISIC2018_Task1-2_Training_Input\ISIC2018_Task1-2_Training_Input\ISIC_0000425.jpg,F:\PythonProjects\cv_study_project\data\ISIC2018_Task1_Training_GroundTruth\ISIC2018_Task1_Training_GroundTruth\ISIC_0000425_segmentation.png,256,256,0.425262,2304,3072,3,29.0,244.0,"[0, 255]",False,False,False,False
ISIC_0000046,train,F:\PythonProjects\cv_study_project\data\ISIC2018_Task1-2_Training_Input\ISIC2018_Task1-2_Training_Input\ISIC_0000046.jpg,F:\PythonProjects\cv_study_project\data\ISIC2018_Task1_Training_GroundTruth\ISIC2018_Task1_Training_GroundTruth\ISIC_0000046_segmentation.png,256,256,0.380569,1129,1504,3,0.0,255.0,"[0, 255]",False,False,False,False
ISIC_0006795,train,F:\PythonProjects\cv_study_project\data\ISIC2018_Task1-2_Training_Input\ISIC2018_Task1-2_Training_Input\ISIC_0006795.jpg,F:\PythonProjects\cv_study_project\data\ISIC2018_Task1_Training_GroundTruth\ISIC2018_Task1_Training_GroundTruth\ISIC_0006795_segmentation.png,256,256,0.059143,2848,4288,3,0.0,232.0,"[0, 255]",False,False,False,False
ISIC_0000136,train,F:\PythonProjects\cv_study_project\data\ISIC2018_Task1-2_Training_Input\ISIC2018_Task1-2_Training_Input\ISIC_0000136.jpg,F:\PythonProjects\cv_study_project\data\ISIC2018_Task1_Training_GroundTruth\ISIC2018_Task1_Training_GroundTruth\ISIC_0000136_segmentation.png,256,256,0.514236,1536,2048,3,25.0,255.0,"[0, 255]",False,False,False,False
ISIC_0012233,train,F:\PythonProjects\cv_study_project\data\ISIC2018_Task1-2_Training_Input\ISIC2018_Task1-2_Training_Input\ISIC_0012233.jpg,F:\PythonProjects\cv_study_project\data\ISIC2018_Task1_Training_GroundTruth\ISIC2018_Task1_Training_GroundTruth\ISIC_0012233_segmentation.png,256,256,0.037689,2848,4288,3,42.0,241.0,"[0, 255]",False,False,False,False
ISIC_0010562,train,F:\PythonProjects\cv_study_project\data\ISIC2018_Task1-2_Training_Input\ISIC2018_Task1-2_Training_Input\ISIC_0010562.jpg,F:\PythonProjects\cv_study_project\data\ISIC2018_Task1_Training_GroundTruth\ISIC2018_Task1_Training_GroundTruth\ISIC_0010562_segmentation.png,256,256,0.130585,768,1024,3,15.0,255.0,"[0, 255]",False,False,False,False
ISIC_0011135,train,F:\PythonProjects\cv_study_project\data\ISIC2018_Task1-2_Training_Input\ISIC2018_Task1-2_Training_Input\ISIC_0011135.jpg,F:\PythonProjects\cv_study_project\data\ISIC2018_Task1_Training_GroundTruth\ISIC2018_Task1_Training_GroundTruth\ISIC_0011135_segmentation.png,256,256,0.179245,768,1024,3,0.0,242.0,"[0, 255]",False,False,False,False
ISIC_0000279,train,F:\PythonProjects\cv_study_project\data\ISIC2018_Task1-2_Training_Input\ISIC2018_Task1-2_Training_Input\ISIC_0000279.jpg,F:\PythonProjects\cv_study_project\data\ISIC2018_Task1_Training_GroundTruth\ISIC2018_Task1_Training_GroundTruth\ISIC_0000279_segmentation.png,256,256,0.570892,768,1024,3,0.0,255.0,"[0, 255]",False,False,False,False
ISIC_0011323,train,F:\PythonProjects\cv_study_project\data\ISIC2018_Task1-2_Training_Input\ISIC2018_Task1-2_Training_Input\ISIC_0011323.jpg,F:\PythonProjects\cv_study_project\data\ISIC2018_Task1_Training_GroundTruth\ISIC2018_Task1_Training_GroundTruth\ISIC_0011323_segmentation.png,256,256,0.138947,768,1024,3,29.0,211.0,"[0, 255]",False,False,False,False
ISIC_0011171,train,F:\PythonProjects\cv_study_project\data\ISIC2018_Task1-2_Training_Input\ISIC2018_Task1-2_Training_Input\ISIC_0011171.jpg,F:\PythonProjects\cv_study_project\data\ISIC2018_Task1_Training_GroundTruth\ISIC2018_Task1_Training_GroundTruth\ISIC_0011171_segmentation.png,256,256,0.087219,768,1024,3,32.0,255.0,"[0, 255]",False,False,False,False
ISIC_0000085,train,F:\PythonProjects\cv_study_project\data\ISIC2018_Task1-2_Training_Input\ISIC2018_Task1-2_Training_Input\ISIC_0000085.jpg,F:\PythonProjects\cv_study_project\data\ISIC2018_Task1_Training_GroundTruth\ISIC2018_Task1_Training_GroundTruth\ISIC_0000085_segmentation.png,256,256,0.128723,1536,2048,3,0.0,221.0,"[0, 255]",False,False,False,False
ISIC_0010225,train,F:\PythonProjects\cv_study_project\data\ISIC2018_Task1-2_Training_Input\ISIC2018_Task1-2_Training_Input\ISIC_0010225.jpg,F:\PythonProjects\cv_study_project\data\ISIC2018_Task1_Training_GroundTruth\ISIC2018_Task1_Training_GroundTruth\ISIC_0010225_segmentation.png,256,256,0.132339,768,1024,3,18.0,226.0,"[0, 255]",False,False,False,False
ISIC_0000499,train,F:\PythonProjects\cv_study_project\data\ISIC2018_Task1-2_Training_Input\ISIC2018_Task1-2_Training_Input\ISIC_0000499.jpg,F:\PythonProjects\cv_study_project\data\ISIC2018_Task1_Training_GroundTruth\ISIC2018_Task1_Training_GroundTruth\ISIC_0000499_segmentation.png,256,256,0.155624,802,919,3,0.0,250.0,"[0, 255]",False,False,False,False
ISIC_0000474,train,F:\PythonProjects\cv_study_project\data\ISIC2018_Task1-2_Training_Input\ISIC2018_Task1-2_Training_Input\ISIC_0000474.jpg,F:\PythonProjects\cv_study_project\data\ISIC2018_Task1_Training_GroundTruth\ISIC2018_Task1_Training_GroundTruth\ISIC_0000474_segmentation.png,256,256,0.488953,802,919,3,5.0,189.0,"[0, 255]",False,False,False,False
ISIC_0010003,train,F:\PythonProjects\cv_study_project\data\ISIC2018_Task1-2_Training_Input\ISIC2018_Task1-2_Training_Input\ISIC_0010003.jpg,F:\PythonProjects\cv_study_project\data\ISIC2018_Task1_Training_GroundTruth\ISIC2018_Task1_Training_GroundTruth\ISIC_0010003_segmentation.png,256,256,0.055984,768,1024,3,0.0,229.0,"[0, 255]",False,False,False,False
ISIC_0000372,train,F:\PythonProjects\cv_study_project\data\ISIC2018_Task1-2_Training_Input\ISIC2018_Task1-2_Training_Input\ISIC_0000372.jpg,F:\PythonProjects\cv_study_project\data\ISIC2018_Task1_Training_GroundTruth\ISIC2018_Task1_Training_GroundTruth\ISIC_0000372_segmentation.png,256,256,0.281921,576,767,3,0.0,255.0,"[0, 255]",False,False,False,False
ISIC_0000029,train,F:\PythonProjects\cv_study_project\data\ISIC2018_Task1-2_Training_Input\ISIC2018_Task1-2_Training_Input\ISIC_0000029.jpg,F:\PythonProjects\cv_study_project\data\ISIC2018_Task1_Training_GroundTruth\ISIC2018_Task1_Training_GroundTruth\ISIC_0000029_segmentation.png,256,256,0.387833,1129,1504,3,0.0,243.0,"[0, 255]",False,False,False,False
ISIC_0012544,train,F:\PythonProjects\cv_study_project\data\ISIC2018_Task1-2_Training_Input\ISIC2018_Task1-2_Training_Input\ISIC_0012544.jpg,F:\PythonProjects\cv_study_project\data\ISIC2018_Task1_Training_GroundTruth\ISIC2018_Task1_Training_GroundTruth\ISIC_0012544_segmentation.png,256,256,0.00531,2848,4288,3,14.0,214.0,"[0, 255]",False,False,False,False
ISIC_0010597,train,F:\PythonProjects\cv_study_project\data\ISIC2018_Task1-2_Training_Input\ISIC2018_Task1-2_Training_Input\ISIC_0010597.jpg,F:\PythonProjects\cv_study_project\data\ISIC2018_Task1_Training_GroundTruth\ISIC2018_Task1_Training_GroundTruth\ISIC_0010597_segmentation.png,256,256,0.333817,768,1024,3,23.0,229.0,"[0, 255]",False,False,False,False
ISIC_0011155,train,F:\PythonProjects\cv_study_project\data\ISIC2018_Task1-2_Training_Input\ISIC2018_Task1-2_Training_Input\ISIC_0011155.jpg,F:\PythonProjects\cv_study_project\data\ISIC2018_Task1_Training_GroundTruth\ISIC2018_Task1_Training_GroundTruth\ISIC_0011155_segmentation.png,256,256,0.394455,768,1024,3,1.0,207.0,"[0, 255]",False,False,False,False
ISIC_0011228,train,F:\PythonProjects\cv_study_project\data\ISIC2018_Task1-2_Training_Input\ISIC2018_Task1-2_Training_Input\ISIC_0011228.jpg,F:\PythonProjects\cv_study_project\data\ISIC2018_Task1_Training_GroundTruth\ISIC2018_Task1_Training_GroundTruth\ISIC_0011228_segmentation.png,256,256,0.31337,768,1024,3,20.0,227.0,"[0, 255]",False,False,False,False
ISIC_0009910,train,F:\PythonProjects\cv_study_project\data\ISIC2018_Task1-2_Training_Input\ISIC2018_Task1-2_Training_Input\ISIC_0009910.jpg,F:\PythonProjects\cv_study_project\data\ISIC2018_Task1_Training_GroundTruth\ISIC2018_Task1_Training_GroundTruth\ISIC_0009910_segmentation.png,256,256,0.395813,768,1024,3,6.0,255.0,"[0, 255]",False,False,False,False
ISIC_0010317,train,F:\PythonProjects\cv_study_project\data\ISIC2018_Task1-2_Training_Input\ISIC2018_Task1-2_Training_Input\ISIC_0010317.jpg,F:\PythonProjects\cv_study_project\data\ISIC2018_Task1_Training_GroundTruth\ISIC2018_Task1_Training_GroundTruth\ISIC_0010317_segmentation.png,256,256,0.062866,768,1024,3,0.0,190.0,"[0, 255]",False,False,False,False
ISIC_0010465,train,F:\PythonProjects\cv_study_project\data\ISIC2018_Task1-2_Training_Input\ISIC2018_Task1-2_Training_Input\ISIC_0010465.jpg,F:\PythonProjects\cv_study_project\data\ISIC2018_Task1_Training_GroundTruth\ISIC2018_Task1_Training_GroundTruth\ISIC_0010465_segmentation.png,256,256,0.191635,768,1024,3,0.0,251.0,"[0, 255]",False,False,False,False
ISIC_0000190,train,F:\PythonProjects\cv_study_project\data\ISIC2018_Task1-2_Training_Input\ISIC2018_Task1-2_Training_Input\ISIC_0000190.jpg,F:\PythonProjects\cv_study_project\data\ISIC2018_Task1_Training_GroundTruth\ISIC2018_Task1_Training_GroundTruth\ISIC_0000190_segmentation.png,256,256,0.602097,543,722,3,0.0,255.0,"[0, 255]",False,False,False,False
ISIC_0000463,train,F:\PythonProjects\cv_study_project\data\ISIC2018_Task1-2_Training_Input\ISIC2018_Task1-2_Training_Input\ISIC_0000463.jpg,F:\PythonProjects\cv_study_project\data\ISIC2018_Task1_Training_GroundTruth\ISIC2018_Task1_Training_GroundTruth\ISIC_0000463_segmentation.png,256,256,0.290939,2000,3008,3,6.0,233.0,"[0, 255]",False,False,False,False
ISIC_0012230,train,F:\PythonProjects\cv_study_project\data\ISIC2018_Task1-2_Training_Input\ISIC2018_Task1-2_Training_Input\ISIC_0012230.jpg,F:\PythonProjects\cv_study_project\data\ISIC2018_Task1_Training_GroundTruth\ISIC2018_Task1_Training_GroundTruth\ISIC_0012230_segmentation.png,256,256,0.019836,2848,4288,3,16.0,238.0,"[0, 255]",False,False,False,False
ISIC_0010264,train,F:\PythonProjects\cv_study_project\data\ISIC2018_Task1-2_Training_Input\ISIC2018_Task1-2_Training_Input\ISIC_0010264.jpg,F:\PythonProjects\cv_study_project\data\ISIC2018_Task1_Training_GroundTruth\ISIC2018_Task1_Training_GroundTruth\ISIC_0010264_segmentation.png,256,256,0.558243,768,1024,3,44.0,217.0,"[0, 255]",False,False,False,False
ISIC_0011398,train,F:\PythonProjects\cv_study_project\data\ISIC2018_Task1-2_Training_Input\ISIC2018_Task1-2_Training_Input\ISIC_0011398.jpg,F:\PythonProjects\cv_study_project\data\ISIC2018_Task1_Training_GroundTruth\ISIC2018_Task1_Training_GroundTruth\ISIC_0011398_segmentation.png,256,256,0.392776,768,1024,3,6.0,237.0,"[0, 255]",False,False,False,False
ISIC_0010192,train,F:\PythonProjects\cv_study_project\data\ISIC2018_Task1-2_Training_Input\ISIC2018_Task1-2_Training_Input\ISIC_0010192.jpg,F:\PythonProjects\cv_study_project\data\ISIC2018_Task1_Training_GroundTruth\ISIC2018_Task1_Training_GroundTruth\ISIC_0010192_segmentation.png,256,256,0.189575,768,1024,3,16.0,203.0,"[0, 255]",False,False,False,False
ISIC_0011322,train,F:\PythonProjects\cv_study_project\data\ISIC2018_Task1-2_Training_Input\ISIC2018_Task1-2_Training_Input\ISIC_0011322.jpg,F:\PythonProjects\cv_study_project\data\ISIC2018_Task1_Training_GroundTruth\ISIC2018_Task1_Training_GroundTruth\ISIC_0011322_segmentation.png,256,256,0.40564,768,1024,3,0.0,230.0,"[0, 255]",False,False,False,False
ISIC_0012679,train,F:\PythonProjects\cv_study_project\data\ISIC2018_Task1-2_Training_Input\ISIC2018_Task1-2_Training_Input\ISIC_0012679.jpg,F:\PythonProjects\cv_study_project\data\ISIC2018_Task1_Training_GroundTruth\ISIC2018_Task1_Training_GroundTruth\ISIC_0012679_segmentation.png,256,256,0.012177,2000,3008,3,9.0,213.0,"[0, 255]",False,False,False,False
ISIC_0000142,train,F:\PythonProjects\cv_study_project\data\ISIC2018_Task1-2_Training_Input\ISIC2018_Task1-2_Training_Input\ISIC_0000142.jpg,F:\PythonProjects\cv_study_project\data\ISIC2018_Task1_Training_GroundTruth\ISIC2018_Task1_Training_GroundTruth\ISIC_0000142_segmentation.png,256,256,0.362274,1536,2048,3,0.0,255.0,"[0, 255]",False,False,False,False
ISIC_0012526,train,F:\PythonProjects\cv_study_project\data\ISIC2018_Task1-2_Training_Input\ISIC2018_Task1-2_Training_Input\ISIC_0012526.jpg,F:\PythonProjects\cv_study_project\data\ISIC2018_Task1_Training_GroundTruth\ISIC2018_Task1_Training_GroundTruth\ISIC_0012526_segmentation.png,256,256,0.051254,2848,4288,3,3.0,168.0,"[0, 255]",False,False,False,False
ISIC_0010067,train,F:\PythonProjects\cv_study_project\data\ISIC2018_Task1-2_Training_Input\ISIC2018_Task1-2_Training_Input\ISIC_0010067.jpg,F:\PythonProjects\cv_study_project\data\ISIC2018_Task1_Training_GroundTruth\ISIC2018_Task1_Training_GroundTruth\ISIC_0010067_segmentation.png,256,256,0.212677,768,1024,3,26.0,255.0,"[0, 255]",False,False,False,False
ISIC_0009298,train,F:\PythonProjects\cv_study_project\data\ISIC2018_Task1-2_Training_Input\ISIC2018_Task1-2_Training_Input\ISIC_0009298.jpg,F:\PythonProjects\cv_study_project\data\ISIC2018_Task1_Training_GroundTruth\ISIC2018_Task1_Training_GroundTruth\ISIC_0009298_segmentation.png,256,256,0.071579,2848,4288,3,6.0,255.0,"[0, 255]",False,False,False,False
ISIC_0010005,train,F:\PythonProjects\cv_study_project\data\ISIC2018_Task1-2_Training_Input\ISIC2018_Task1-2_Training_Input\ISIC_0010005.jpg,F:\PythonProjects\cv_study_project\data\ISIC2018_Task1_Training_GroundTruth\ISIC2018_Task1_Training_GroundTruth\ISIC_0010005_segmentation.png,256,256,0.560303,768,1024,3,0.0,255.0,"[0, 255]",False,False,False,False
ISIC_0010589,train,F:\PythonProjects\cv_study_project\data\ISIC2018_Task1-2_Training_Input\ISIC2018_Task1-2_Training_Input\ISIC_0010589.jpg,F:\PythonProjects\cv_study_project\data\ISIC2018_Task1_Training_GroundTruth\ISIC2018_Task1_Training_GroundTruth\ISIC_0010589_segmentation.png,256,256,0.557373,768,1024,3,5.0,216.0,"[0, 255]",False,False,False,False
ISIC_0010061,train,F:\PythonProjects\cv_study_project\data\ISIC2018_Task1-2_Training_Input\ISIC2018_Task1-2_Training_Input\ISIC_0010061.jpg,F:\PythonProjects\cv_study_project\data\ISIC2018_Task1_Training_GroundTruth\ISIC2018_Task1_Training_GroundTruth\ISIC_0010061_segmentation.png,256,256,0.087433,768,1024,3,53.0,249.0,"[0, 255]",False,False,False,False
ISIC_0000035,train,F:\PythonProjects\cv_study_project\data\ISIC2018_Task1-2_Training_Input\ISIC2018_Task1-2_Training_Input\ISIC_0000035.jpg,F:\PythonProjects\cv_study_project\data\ISIC2018_Task1_Training_GroundTruth\ISIC2018_Task1_Training_GroundTruth\ISIC_0000035_segmentation.png,256,256,0.465775,1129,1504,3,0.0,255.0,"[0, 255]",False,False,False,False
ISIC_0000045,train,F:\PythonProjects\cv_study_project\data\ISIC2018_Task1-2_Training_Input\ISIC2018_Task1-2_Training_Input\ISIC_0000045.jpg,F:\PythonProjects\cv_study_project\data\ISIC2018_Task1_Training_GroundTruth\ISIC2018_Task1_Training_GroundTruth\ISIC_0000045_segmentation.png,256,256,0.32193,1129,1504,3,0.0,237.0,"[0, 255]",False,False,False,False
ISIC_0009901,train,F:\PythonProjects\cv_study_project\data\ISIC2018_Task1-2_Training_Input\ISIC2018_Task1-2_Training_Input\ISIC_0009901.jpg,F:\PythonProjects\cv_study_project\data\ISIC2018_Task1_Training_GroundTruth\ISIC2018_Task1_Training_GroundTruth\ISIC_0009901_segmentation.png,256,256,0.324615,768,1024,3,32.0,230.0,"[0, 255]",False,False,False,False
ISIC_0000075,train,F:\PythonProjects\cv_study_project\data\ISIC2018_Task1-2_Training_Input\ISIC2018_Task1-2_Training_Input\ISIC_0000075.jpg,F:\PythonProjects\cv_study_project\data\ISIC2018_Task1_Training_GroundTruth\ISIC2018_Task1_Training_GroundTruth\ISIC_0000075_segmentation.png,256,256,0.617233,767,1022,3,0.0,255.0,"[0, 255]",False,False,False,False
ISIC_0009898,train,F:\PythonProjects\cv_study_project\data\ISIC2018_Task1-2_Training_Input\ISIC2018_Task1-2_Training_Input\ISIC_0009898.jpg,F:\PythonProjects\cv_study_project\data\ISIC2018_Task1_Training_GroundTruth\ISIC2018_Task1_Training_GroundTruth\ISIC_0009898_segmentation.png,256,256,0.205765,768,1024,3,1.0,255.0,"[0, 255]",False,False,False,False
ISIC_0011301,train,F:\PythonProjects\cv_study_project\data\ISIC2018_Task1-2_Training_Input\ISIC2018_Task1-2_Training_Input\ISIC_0011301.jpg,F:\PythonProjects\cv_study_project\data\ISIC2018_Task1_Training_GroundTruth\ISIC2018_Task1_Training_GroundTruth\ISIC_0011301_segmentation.png,256,256,0.278671,768,1024,3,15.0,255.0,"[0, 255]",False,False,False,False
ISIC_0010584,train,F:\PythonProjects\cv_study_project\data\ISIC2018_Task1-2_Training_Input\ISIC2018_Task1-2_Training_Input\ISIC_0010584.jpg,F:\PythonProjects\cv_study_project\data\ISIC2018_Task1_Training_GroundTruth\ISIC2018_Task1_Training_GroundTruth\ISIC_0010584_segmentation.png,256,256,0.090973,768,1024,3,42.0,216.0,"[0, 255]",False,False,False,False
ISIC_0000057,train,F:\PythonProjects\cv_study_project\data\ISIC2018_Task1-2_Training_Input\ISIC2018_Task1-2_Training_Input\ISIC_0000057.jpg,F:\PythonProjects\cv_study_project\data\ISIC2018_Task1_Training_GroundTruth\ISIC2018_Task1_Training_GroundTruth\ISIC_0000057_segmentation.png,256,256,0.196136,1129,1504,3,0.0,219.0,"[0, 255]",False,False,False,False
ISIC_0012484,train,F:\PythonProjects\cv_study_project\data\ISIC2018_Task1-2_Training_Input\ISIC2018_Task1-2_Training_Input\ISIC_0012484.jpg,F:\PythonProjects\cv_study_project\data\ISIC2018_Task1_Training_GroundTruth\ISIC2018_Task1_Training_GroundTruth\ISIC_0012484_segmentation.png,256,256,0.119034,2848,4288,3,22.0,198.0,"[0, 255]",False,False,False,False
ISIC_0011118,train,F:\PythonProjects\cv_study_project\data\ISIC2018_Task1-2_Training_Input\ISIC2018_Task1-2_Training_Input\ISIC_0011118.jpg,F:\PythonProjects\cv_study_project\data\ISIC2018_Task1_Training_GroundTruth\ISIC2018_Task1_Training_GroundTruth\ISIC_0011118_segmentation.png,256,256,0.147278,768,1024,3,22.0,200.0,"[0, 255]",False,False,False,False
ISIC_0010591,train,F:\PythonProjects\cv_study_project\data\ISIC2018_Task1-2_Training_Input\ISIC2018_Task1-2_Training_Input\ISIC_0010591.jpg,F:\PythonProjects\cv_study_project\data\ISIC2018_Task1_Training_GroundTruth\ISIC2018_Task1_Training_GroundTruth\ISIC_0010591_segmentation.png,256,256,0.252243,768,1024,3,0.0,220.0,"[0, 255]",False,False,False,False
ISIC_0000092,train,F:\PythonProjects\cv_study_project\data\ISIC2018_Task1-2_Training_Input\ISIC2018_Task1-2_Training_Input\ISIC_0000092.jpg,F:\PythonProjects\cv_study_project\data\ISIC2018_Task1_Training_GroundTruth\ISIC2018_Task1_Training_GroundTruth\ISIC_0000092_segmentation.png,256,256,0.087265,1536,2048,3,46.0,197.0,"[0, 255]",False,False,False,False
ISIC_0000295,train,F:\PythonProjects\cv_study_project\data\ISIC2018_Task1-2_Training_Input\ISIC2018_Task1-2_Training_Input\ISIC_0000295.jpg,F:\PythonProjects\cv_study_project\data\ISIC2018_Task1_Training_GroundTruth\ISIC2018_Task1_Training_GroundTruth\ISIC_0000295_segmentation.png,256,256,0.698975,576,767,3,0.0,255.0,"[0, 255]",False,False,False,False
ISIC_0011149,train,F:\PythonProjects\cv_study_project\data\ISIC2018_Task1-2_Training_Input\ISIC2018_Task1-2_Training_Input\ISIC_0011149.jpg,F:\PythonProjects\cv_study_project\data\ISIC2018_Task1_Training_GroundTruth\ISIC2018_Task1_Training_GroundTruth\ISIC_0011149_segmentation.png,256,256,0.587189,768,1024,3,19.0,227.0,"[0, 255]",False,False,False,False
ISIC_0000329,train,F:\PythonProjects\cv_study_project\data\ISIC2018_Task1-2_Training_Input\ISIC2018_Task1-2_Training_Input\ISIC_0000329.jpg,F:\PythonProjects\cv_study_project\data\ISIC2018_Task1_Training_GroundTruth\ISIC2018_Task1_Training_GroundTruth\ISIC_0000329_segmentation.png,256,256,0.150482,576,767,3,0.0,255.0,"[0, 255]",False,False,False,False
ISIC_0012206,train,F:\PythonProjects\cv_study_project\data\ISIC2018_Task1-2_Training_Input\ISIC2018_Task1-2_Training_Input\ISIC_0012206.jpg,F:\PythonProjects\cv_study_project\data\ISIC2018_Task1_Training_GroundTruth\ISIC2018_Task1_Training_GroundTruth\ISIC_0012206_segmentation.png,256,256,0.104767,2000,3008,3,5.0,233.0,"[0, 255]",False,False,False,False
ISIC_0000410,train,F:\PythonProjects\cv_study_project\data\ISIC2018_Task1-2_Training_Input\ISIC2018_Task1-2_Training_Input\ISIC_0000410.jpg,F:\PythonProjects\cv_study_project\data\ISIC2018_Task1_Training_GroundTruth\ISIC2018_Task1_Training_GroundTruth\ISIC_0000410_segmentation.png,256,256,0.173172,1985,2313,3,13.0,192.0,"[0, 255]",False,False,False,False
ISIC_0010350,train,F:\PythonProjects\cv_study_project\data\ISIC2018_Task1-2_Training_Input\ISIC2018_Task1-2_Training_Input\ISIC_0010350.jpg,F:\PythonProjects\cv_study_project\data\ISIC2018_Task1_Training_GroundTruth\ISIC2018_Task1_Training_GroundTruth\ISIC_0010350_segmentation.png,256,256,0.289734,768,1024,3,0.0,216.0,"[0, 255]",False,False,False,False
ISIC_0001106,train,F:\PythonProjects\cv_study_project\data\ISIC2018_Task1-2_Training_Input\ISIC2018_Task1-2_Training_Input\ISIC_0001106.jpg,F:\PythonProjects\cv_study_project\data\ISIC2018_Task1_Training_GroundTruth\ISIC2018_Task1_Training_GroundTruth\ISIC_0001106_segmentation.png,256,256,0.248169,2592,3872,3,34.0,175.0,"[0, 255]",False,False,False,False
ISIC_0000239,train,F:\PythonProjects\cv_study_project\data\ISIC2018_Task1-2_Training_Input\ISIC2018_Task1-2_Training_Input\ISIC_0000239.jpg,F:\PythonProjects\cv_study_project\data\ISIC2018_Task1_Training_GroundTruth\ISIC2018_Task1_Training_GroundTruth\ISIC_0000239_segmentation.png,256,256,0.413086,768,1024,3,22.0,255.0,"[0, 255]",False,False,False,False
ISIC_0000391,train,F:\PythonProjects\cv_study_project\data\ISIC2018_Task1-2_Training_Input\ISIC2018_Task1-2_Training_Input\ISIC_0000391.jpg,F:\PythonProjects\cv_study_project\data\ISIC2018_Task1_Training_GroundTruth\ISIC2018_Task1_Training_GroundTruth\ISIC_0000391_segmentation.png,256,256,0.38063,2304,3072,3,24.0,246.0,"[0, 255]",False,False,False,False
ISIC_0010339,train,F:\PythonProjects\cv_study_project\data\ISIC2018_Task1-2_Training_Input\ISIC2018_Task1-2_Training_Input\ISIC_0010339.jpg,F:\PythonProjects\cv_study_project\data\ISIC2018_Task1_Training_GroundTruth\ISIC2018_Task1_Training_GroundTruth\ISIC_0010339_segmentation.png,256,256,0.116852,768,1024,3,17.0,255.0,"[0, 255]",False,False,False,False
ISIC_0000307,train,F:\PythonProjects\cv_study_project\data\ISIC2018_Task1-2_Training_Input\ISIC2018_Task1-2_Training_Input\ISIC_0000307.jpg,F:\PythonProjects\cv_study_project\data\ISIC2018_Task1_Training_GroundTruth\ISIC2018_Task1_Training_GroundTruth\ISIC_0000307_segmentation.png,256,256,0.764297,576,767,3,0.0,255.0,"[0, 255]",False,False,False,False
ISIC_0011213,train,F:\PythonProjects\cv_study_project\data\ISIC2018_Task1-2_Training_Input\ISIC2018_Task1-2_Training_Input\ISIC_0011213.jpg,F:\PythonProjects\cv_study_project\data\ISIC2018_Task1_Training_GroundTruth\ISIC2018_Task1_Training_GroundTruth\ISIC_0011213_segmentation.png,256,256,0.039444,768,1024,3,10.0,207.0,"[0, 255]",False,False,False,False
ISIC_0012363,train,F:\PythonProjects\cv_study_project\data\ISIC2018_Task1-2_Training_Input\ISIC2018_Task1-2_Training_Input\ISIC_0012363.jpg,F:\PythonProjects\cv_study_project\data\ISIC2018_Task1_Training_GroundTruth\ISIC2018_Task1_Training_GroundTruth\ISIC_0012363_segmentation.png,256,256,0.055237,2848,4288,3,7.0,194.0,"[0, 255]",False,False,False,False
ISIC_0001134,train,F:\PythonProjects\cv_study_project\data\ISIC2018_Task1-2_Training_Input\ISIC2018_Task1-2_Training_Input\ISIC_0001134.jpg,F:\PythonProjects\cv_study_project\data\ISIC2018_Task1_Training_GroundTruth\ISIC2018_Task1_Training_GroundTruth\ISIC_0001134_segmentation.png,256,256,0.081406,2304,3072,3,0.0,255.0,"[0, 255]",False,False,False,False
ISIC_0012159,train,F:\PythonProjects\cv_study_project\data\ISIC2018_Task1-2_Training_Input\ISIC2018_Task1-2_Training_Input\ISIC_0012159.jpg,F:\PythonProjects\cv_study_project\data\ISIC2018_Task1_Training_GroundTruth\ISIC2018_Task1_Training_GroundTruth\ISIC_0012159_segmentation.png,256,256,0.053024,2000,3008,3,52.0,239.0,"[0, 255]",False,False,False,False
ISIC_0012137,train,F:\PythonProjects\cv_study_project\data\ISIC2018_Task1-2_Training_Input\ISIC2018_Task1-2_Training_Input\ISIC_0012137.jpg,F:\PythonProjects\cv_study_project\data\ISIC2018_Task1_Training_GroundTruth\ISIC2018_Task1_Training_GroundTruth\ISIC_0012137_segmentation.png,256,256,0.048035,2000,3008,3,6.0,255.0,"[0, 255]",False,False,False,False
ISIC_0009885,train,F:\PythonProjects\cv_study_project\data\ISIC2018_Task1-2_Training_Input\ISIC2018_Task1-2_Training_Input\ISIC_0009885.jpg,F:\PythonProjects\cv_study_project\data\ISIC2018_Task1_Training_GroundTruth\ISIC2018_Task1_Training_GroundTruth\ISIC_0009885_segmentation.png,256,256,0.059814,768,1024,3,12.0,223.0,"[0, 255]",False,False,False,False
ISIC_0011104,train,F:\PythonProjects\cv_study_project\data\ISIC2018_Task1-2_Training_Input\ISIC2018_Task1-2_Training_Input\ISIC_0011104.jpg,F:\PythonProjects\cv_study_project\data\ISIC2018_Task1_Training_GroundTruth\ISIC2018_Task1_Training_GroundTruth\ISIC_0011104_segmentation.png,256,256,0.431107,768,1024,3,25.0,255.0,"[0, 255]",False,False,False,False
ISIC_0009965,train,F:\PythonProjects\cv_study_project\data\ISIC2018_Task1-2_Training_Input\ISIC2018_Task1-2_Training_Input\ISIC_0009965.jpg,F:\PythonProjects\cv_study_project\data\ISIC2018_Task1_Training_GroundTruth\ISIC2018_Task1_Training_GroundTruth\ISIC_0009965_segmentation.png,256,256,0.399155,768,1024,3,53.0,221.0,"[0, 255]",False,False,False,False
ISIC_0009920,train,F:\PythonProjects\cv_study_project\data\ISIC2018_Task1-2_Training_Input\ISIC2018_Task1-2_Training_Input\ISIC_0009920.jpg,F:\PythonProjects\cv_study_project\data\ISIC2018_Task1_Training_GroundTruth\ISIC2018_Task1_Training_GroundTruth\ISIC_0009920_segmentation.png,256,256,0.316589,768,1024,3,77.0,255.0,"[0, 255]",False,False,False,False
ISIC_0011150,train,F:\PythonProjects\cv_study_project\data\ISIC2018_Task1-2_Training_Input\ISIC2018_Task1-2_Training_Input\ISIC_0011150.jpg,F:\PythonProjects\cv_study_project\data\ISIC2018_Task1_Training_GroundTruth\ISIC2018_Task1_Training_GroundTruth\ISIC_0011150_segmentation.png,256,256,0.121185,768,1024,3,12.0,255.0,"[0, 255]",False,False,False,False
ISIC_0008280,train,F:\PythonProjects\cv_study_project\data\ISIC2018_Task1-2_Training_Input\ISIC2018_Task1-2_Training_Input\ISIC_0008280.jpg,F:\PythonProjects\cv_study_project\data\ISIC2018_Task1_Training_GroundTruth\ISIC2018_Task1_Training_GroundTruth\ISIC_0008280_segmentation.png,256,256,0.059433,2016,3024,3,0.0,255.0,"[0, 255]",False,False,False,False
ISIC_0000495,train,F:\PythonProjects\cv_study_project\data\ISIC2018_Task1-2_Training_Input\ISIC2018_Task1-2_Training_Input\ISIC_0000495.jpg,F:\PythonProjects\cv_study_project\data\ISIC2018_Task1_Training_GroundTruth\ISIC2018_Task1_Training_GroundTruth\ISIC_0000495_segmentation.png,256,256,0.208969,802,919,3,7.0,214.0,"[0, 255]",False,False,False,False
ISIC_0000030,train,F:\PythonProjects\cv_study_project\data\ISIC2018_Task1-2_Training_Input\ISIC2018_Task1-2_Training_Input\ISIC_0000030.jpg,F:\PythonProjects\cv_study_project\data\ISIC2018_Task1_Training_GroundTruth\ISIC2018_Task1_Training_GroundTruth\ISIC_0000030_segmentation.png,256,256,0.497726,1129,1503,3,0.0,228.0,"[0, 255]",False,False,False,False
ISIC_0012320,train,F:\PythonProjects\cv_study_project\data\ISIC2018_Task1-2_Training_Input\ISIC2018_Task1-2_Training_Input\ISIC_0012320.jpg,F:\PythonProjects\cv_study_project\data\ISIC2018_Task1_Training_GroundTruth\ISIC2018_Task1_Training_GroundTruth\ISIC_0012320_segmentation.png,256,256,0.041962,2000,3008,3,6.0,237.0,"[0, 255]",False,False,False,False
ISIC_0009344,train,F:\PythonProjects\cv_study_project\data\ISIC2018_Task1-2_Training_Input\ISIC2018_Task1-2_Training_Input\ISIC_0009344.jpg,F:\PythonProjects\cv_study_project\data\ISIC2018_Task1_Training_GroundTruth\ISIC2018_Task1_Training_GroundTruth\ISIC_0009344_segmentation.png,256,256,0.060165,2848,4288,3,0.0,231.0,"[0, 255]",False,False,False,False
ISIC_0010344,train,F:\PythonProjects\cv_study_project\data\ISIC2018_Task1-2_Training_Input\ISIC2018_Task1-2_Training_Input\ISIC_0010344.jpg,F:\PythonProjects\cv_study_project\data\ISIC2018_Task1_Training_GroundTruth\ISIC2018_Task1_Training_GroundTruth\ISIC_0010344_segmentation.png,256,256,0.223129,768,1024,3,39.0,255.0,"[0, 255]",False,False,False,False
ISIC_0001181,train,F:\PythonProjects\cv_study_project\data\ISIC2018_Task1-2_Training_Input\ISIC2018_Task1-2_Training_Input\ISIC_0001181.jpg,F:\PythonProjects\cv_study_project\data\ISIC2018_Task1_Training_GroundTruth\ISIC2018_Task1_Training_GroundTruth\ISIC_0001181_segmentation.png,256,256,0.031052,2848,4288,3,7.0,230.0,"[0, 255]",False,False,False,False
ISIC_0000188,train,F:\PythonProjects\cv_study_project\data\ISIC2018_Task1-2_Training_Input\ISIC2018_Task1-2_Training_Input\ISIC_0000188.jpg,F:\PythonProjects\cv_study_project\data\ISIC2018_Task1_Training_GroundTruth\ISIC2018_Task1_Training_GroundTruth\ISIC_0000188_segmentation.png,256,256,0.584061,1036,1502,3,0.0,255.0,"[0, 255]",False,False,False,False
ISIC_0000508,train,F:\PythonProjects\cv_study_project\data\ISIC2018_Task1-2_Training_Input\ISIC2018_Task1-2_Training_Input\ISIC_0000508.jpg,F:\PythonProjects\cv_study_project\data\ISIC2018_Task1_Training_GroundTruth\ISIC2018_Task1_Training_GroundTruth\ISIC_0000508_segmentation.png,256,256,0.192505,717,1019,3,37.0,255.0,"[0, 255]",False,False,False,False
ISIC_0010496,train,F:\PythonProjects\cv_study_project\data\ISIC2018_Task1-2_Training_Input\ISIC2018_Task1-2_Training_Input\ISIC_0010496.jpg,F:\PythonProjects\cv_study_project\data\ISIC2018_Task1_Training_GroundTruth\ISIC2018_Task1_Training_GroundTruth\ISIC_0010496_segmentation.png,256,256,0.360947,768,1024,3,35.0,229.0,"[0, 255]",False,False,False,False
ISIC_0009929,train,F:\PythonProjects\cv_study_project\data\ISIC2018_Task1-2_Training_Input\ISIC2018_Task1-2_Training_Input\ISIC_0009929.jpg,F:\PythonProjects\cv_study_project\data\ISIC2018_Task1_Training_GroundTruth\ISIC2018_Task1_Training_GroundTruth\ISIC_0009929_segmentation.png,256,256,0.021851,768,1024,3,0.0,232.0,"[0, 255]",False,False,False,False
ISIC_0000409,train,F:\PythonProjects\cv_study_project\data\ISIC2018_Task1-2_Training_Input\ISIC2018_Task1-2_Training_Input\ISIC_0000409.jpg,F:\PythonProjects\cv_study_project\data\ISIC2018_Task1_Training_GroundTruth\ISIC2018_Task1_Training_GroundTruth\ISIC_0000409_segmentation.png,256,256,0.089493,1909,2601,3,11.0,209.0,"[0, 255]",False,False,False,False
ISIC_0010010,train,F:\PythonProjects\cv_study_project\data\ISIC2018_Task1-2_Training_Input\ISIC2018_Task1-2_Training_Input\ISIC_0010010.jpg,F:\PythonProjects\cv_study_project\data\ISIC2018_Task1_Training_GroundTruth\ISIC2018_Task1_Training_GroundTruth\ISIC_0010010_segmentation.png,256,256,0.112564,768,1024,3,21.0,231.0,"[0, 255]",False,False,False,False
ISIC_0000032,train,F:\PythonProjects\cv_study_project\data\ISIC2018_Task1-2_Training_Input\ISIC2018_Task1-2_Training_Input\ISIC_0000032.jpg,F:\PythonProjects\cv_study_project\data\ISIC2018_Task1_Training_GroundTruth\ISIC2018_Task1_Training_GroundTruth\ISIC_0000032_segmentation.png,256,256,0.329254,1129,1504,3,0.0,200.0,"[0, 255]",False,False,False,False
ISIC_0012118,train,F:\PythonProjects\cv_study_project\data\ISIC2018_Task1-2_Training_Input\ISIC2018_Task1-2_Training_Input\ISIC_0012118.jpg,F:\PythonProjects\cv_study_project\data\ISIC2018_Task1_Training_GroundTruth\ISIC2018_Task1_Training_GroundTruth\ISIC_0012118_segmentation.png,256,256,0.04068,2000,3008,3,9.0,242.0,"[0, 255]",False,False,False,False
ISIC_0010449,train,F:\PythonProjects\cv_study_project\data\ISIC2018_Task1-2_Training_Input\ISIC2018_Task1-2_Training_Input\ISIC_0010449.jpg,F:\PythonProjects\cv_study_project\data\ISIC2018_Task1_Training_GroundTruth\ISIC2018_Task1_Training_GroundTruth\ISIC_0010449_segmentation.png,256,256,0.314148,768,1024,3,40.0,220.0,"[0, 255]",False,False,False,False
ISIC_0000324,train,F:\PythonProjects\cv_study_project\data\ISIC2018_Task1-2_Training_Input\ISIC2018_Task1-2_Training_Input\ISIC_0000324.jpg,F:\PythonProjects\cv_study_project\data\ISIC2018_Task1_Training_GroundTruth\ISIC2018_Task1_Training_GroundTruth\ISIC_0000324_segmentation.png,256,256,0.354477,576,767,3,0.0,255.0,"[0, 255]",False,False,False,False
ISIC_0012551,train,F:\PythonProjects\cv_study_project\data\ISIC2018_Task1-2_Training_Input\ISIC2018_Task1-2_Training_Input\ISIC_0012551.jpg,F:\PythonProjects\cv_study_project\data\ISIC2018_Task1_Training_GroundTruth\ISIC2018_Task1_Training_GroundTruth\ISIC_0012551_segmentation.png,256,256,0.032318,2848,4288,3,6.0,226.0,"[0, 255]",False,False,False,False
ISIC_0001306,train,F:\PythonProjects\cv_study_project\data\ISIC2018_Task1-2_Training_Input\ISIC2018_Task1-2_Training_Input\ISIC_0001306.jpg,F:\PythonProjects\cv_study_project\data\ISIC2018_Task1_Training_GroundTruth\ISIC2018_Task1_Training_GroundTruth\ISIC_0001306_segmentation.png,256,256,0.033752,2016,3024,3,3.0,255.0,"[0, 255]",False,False,False,False
ISIC_0000250,train,F:\PythonProjects\cv_study_project\data\ISIC2018_Task1-2_Training_Input\ISIC2018_Task1-2_Training_Input\ISIC_0000250.jpg,F:\PythonProjects\cv_study_project\data\ISIC2018_Task1_Training_GroundTruth\ISIC2018_Task1_Training_GroundTruth\ISIC_0000250_segmentation.png,256,256,0.312943,768,1024,3,0.0,251.0,"[0, 255]",False,False,False,False
ISIC_0008600,train,F:\PythonProjects\cv_study_project\data\ISIC2018_Task1-2_Training_Input\ISIC2018_Task1-2_Training_Input\ISIC_0008600.jpg,F:\PythonProjects\cv_study_project\data\ISIC2018_Task1_Training_GroundTruth\ISIC2018_Task1_Training_GroundTruth\ISIC_0008600_segmentation.png,256,256,0.136169,2016,3024,3,7.0,211.0,"[0, 255]",False,False,False,False
ISIC_0004715,train,F:\PythonProjects\cv_study_project\data\ISIC2018_Task1-2_Training_Input\ISIC2018_Task1-2_Training_Input\ISIC_0004715.jpg,F:\PythonProjects\cv_study_project\data\ISIC2018_Task1_Training_GroundTruth\ISIC2018_Task1_Training_GroundTruth\ISIC_0004715_segmentation.png,256,256,0.081009,2016,3024,3,17.0,242.0,"[0, 255]",False,False,False,False
ISIC_0010444,train,F:\PythonProjects\cv_study_project\data\ISIC2018_Task1-2_Training_Input\ISIC2018_Task1-2_Training_Input\ISIC_0010444.jpg,F:\PythonProjects\cv_study_project\data\ISIC2018_Task1_Training_GroundTruth\ISIC2018_Task1_Training_GroundTruth\ISIC_0010444_segmentation.png,256,256,0.040314,768,1024,3,17.0,171.0,"[0, 255]",False,False,False,False
ISIC_0012511,train,F:\PythonProjects\cv_study_project\data\ISIC2018_Task1-2_Training_Input\ISIC2018_Task1-2_Training_Input\ISIC_0012511.jpg,F:\PythonProjects\cv_study_project\data\ISIC2018_Task1_Training_GroundTruth\ISIC2018_Task1_Training_GroundTruth\ISIC_0012511_segmentation.png,256,256,0.052917,2848,4288,3,4.0,221.0,"[0, 255]",False,False,False,False
ISIC_0000491,train,F:\PythonProjects\cv_study_project\data\ISIC2018_Task1-2_Training_Input\ISIC2018_Task1-2_Training_Input\ISIC_0000491.jpg,F:\PythonProjects\cv_study_project\data\ISIC2018_Task1_Training_GroundTruth\ISIC2018_Task1_Training_GroundTruth\ISIC_0000491_segmentation.png,256,256,0.519821,802,919,3,7.0,158.0,"[0, 255]",False,False,False,False
ISIC_0011114,train,F:\PythonProjects\cv_study_project\data\ISIC2018_Task1-2_Training_Input\ISIC2018_Task1-2_Training_Input\ISIC_0011114.jpg,F:\PythonProjects\cv_study_project\data\ISIC2018_Task1_Training_GroundTruth\ISIC2018_Task1_Training_GroundTruth\ISIC_0011114_segmentation.png,256,256,0.162033,768,1024,3,5.0,220.0,"[0, 255]",False,False,False,False
ISIC_0000434,train,F:\PythonProjects\cv_study_project\data\ISIC2018_Task1-2_Training_Input\ISIC2018_Task1-2_Training_Input\ISIC_0000434.jpg,F:\PythonProjects\cv_study_project\data\ISIC2018_Task1_Training_GroundTruth\ISIC2018_Task1_Training_GroundTruth\ISIC_0000434_segmentation.png,256,256,0.28833,2304,3072,3,46.0,246.0,"[0, 255]",False,False,False,False
ISIC_0012306,train,F:\PythonProjects\cv_study_project\data\ISIC2018_Task1-2_Training_Input\ISIC2018_Task1-2_Training_Input\ISIC_0012306.jpg,F:\PythonProjects\cv_study_project\data\ISIC2018_Task1_Training_GroundTruth\ISIC2018_Task1_Training_GroundTruth\ISIC_0012306_segmentation.png,256,256,0.026276,2000,3008,3,12.0,233.0,"[0, 255]",False,False,False,False
ISIC_0011218,train,F:\PythonProjects\cv_study_project\data\ISIC2018_Task1-2_Training_Input\ISIC2018_Task1-2_Training_Input\ISIC_0011218.jpg,F:\PythonProjects\cv_study_project\data\ISIC2018_Task1_Training_GroundTruth\ISIC2018_Task1_Training_GroundTruth\ISIC_0011218_segmentation.png,256,256,0.088058,768,1024,3,0.0,206.0,"[0, 255]",False,False,False,False
ISIC_0011390,train,F:\PythonProjects\cv_study_project\data\ISIC2018_Task1-2_Training_Input\ISIC2018_Task1-2_Training_Input\ISIC_0011390.jpg,F:\PythonProjects\cv_study_project\data\ISIC2018_Task1_Training_GroundTruth\ISIC2018_Task1_Training_GroundTruth\ISIC_0011390_segmentation.png,256,256,0.763824,768,1024,3,76.0,237.0,"[0, 255]",False,False,False,False
ISIC_0011089,train,F:\PythonProjects\cv_study_project\data\ISIC2018_Task1-2_Training_Input\ISIC2018_Task1-2_Training_Input\ISIC_0011089.jpg,F:\PythonProjects\cv_study_project\data\ISIC2018_Task1_Training_GroundTruth\ISIC2018_Task1_Training_GroundTruth\ISIC_0011089_segmentation.png,256,256,0.238541,768,1024,3,73.0,220.0,"[0, 255]",False,False,False,False
ISIC_0000023,train,F:\PythonProjects\cv_study_project\data\ISIC2018_Task1-2_Training_Input\ISIC2018_Task1-2_Training_Input\ISIC_0000023.jpg,F:\PythonProjects\cv_study_project\data\ISIC2018_Task1_Training_GroundTruth\ISIC2018_Task1_Training_GroundTruth\ISIC_0000023_segmentation.png,256,256,0.176849,1129,1504,3,0.0,191.0,"[0, 255]",False,False,False,False
ISIC_0010173,train,F:\PythonProjects\cv_study_project\data\ISIC2018_Task1-2_Training_Input\ISIC2018_Task1-2_Training_Input\ISIC_0010173.jpg,F:\PythonProjects\cv_study_project\data\ISIC2018_Task1_Training_GroundTruth\ISIC2018_Task1_Training_GroundTruth\ISIC_0010173_segmentation.png,256,256,0.112732,768,1024,3,30.0,218.0,"[0, 255]",False,False,False,False
ISIC_0007788,train,F:\PythonProjects\cv_study_project\data\ISIC2018_Task1-2_Training_Input\ISIC2018_Task1-2_Training_Input\ISIC_0007788.jpg,F:\PythonProjects\cv_study_project\data\ISIC2018_Task1_Training_GroundTruth\ISIC2018_Task1_Training_GroundTruth\ISIC_0007788_segmentation.png,256,256,0.101669,2848,4288,3,1.0,206.0,"[0, 255]",False,False,False,False
ISIC_0000490,train,F:\PythonProjects\cv_study_project\data\ISIC2018_Task1-2_Training_Input\ISIC2018_Task1-2_Training_Input\ISIC_0000490.jpg,F:\PythonProjects\cv_study_project\data\ISIC2018_Task1_Training_GroundTruth\ISIC2018_Task1_Training_GroundTruth\ISIC_0000490_segmentation.png,256,256,0.297485,802,919,3,4.0,160.0,"[0, 255]",False,False,False,False
ISIC_0010595,train,F:\PythonProjects\cv_study_project\data\ISIC2018_Task1-2_Training_Input\ISIC2018_Task1-2_Training_Input\ISIC_0010595.jpg,F:\PythonProjects\cv_study_project\data\ISIC2018_Task1_Training_GroundTruth\ISIC2018_Task1_Training_GroundTruth\ISIC_0010595_segmentation.png,256,256,0.402298,768,1024,3,21.0,255.0,"[0, 255]",False,False,False,False
ISIC_0000232,train,F:\PythonProjects\cv_study_project\data\ISIC2018_Task1-2_Training_Input\ISIC2018_Task1-2_Training_Input\ISIC_0000232.jpg,F:\PythonProjects\cv_study_project\data\ISIC2018_Task1_Training_GroundTruth\ISIC2018_Task1_Training_GroundTruth\ISIC_0000232_segmentation.png,256,256,0.17926,645,960,3,0.0,255.0,"[0, 255]",False,False,False,False
ISIC_0000067,train,F:\PythonProjects\cv_study_project\data\ISIC2018_Task1-2_Training_Input\ISIC2018_Task1-2_Training_Input\ISIC_0000067.jpg,F:\PythonProjects\cv_study_project\data\ISIC2018_Task1_Training_GroundTruth\ISIC2018_Task1_Training_GroundTruth\ISIC_0000067_segmentation.png,256,256,0.276306,722,962,3,6.0,229.0,"[0, 255]",False,False,False,False
ISIC_0000521,train,F:\PythonProjects\cv_study_project\data\ISIC2018_Task1-2_Training_Input\ISIC2018_Task1-2_Training_Input\ISIC_0000521.jpg,F:\PythonProjects\cv_study_project\data\ISIC2018_Task1_Training_GroundTruth\ISIC2018_Task1_Training_GroundTruth\ISIC_0000521_segmentation.png,256,256,0.535751,2304,3072,3,14.0,229.0,"[0, 255]",False,False,False,False
ISIC_0001163,train,F:\PythonProjects\cv_study_project\data\ISIC2018_Task1-2_Training_Input\ISIC2018_Task1-2_Training_Input\ISIC_0001163.jpg,F:\PythonProjects\cv_study_project\data\ISIC2018_Task1_Training_GroundTruth\ISIC2018_Task1_Training_GroundTruth\ISIC_0001163_segmentation.png,256,256,0.097656,2016,3024,3,0.0,255.0,"[0, 255]",False,False,False,False
ISIC_0004168,train,F:\PythonProjects\cv_study_project\data\ISIC2018_Task1-2_Training_Input\ISIC2018_Task1-2_Training_Input\ISIC_0004168.jpg,F:\PythonProjects\cv_study_project\data\ISIC2018_Task1_Training_GroundTruth\ISIC2018_Task1_Training_GroundTruth\ISIC_0004168_segmentation.png,256,256,0.030914,2848,4288,3,10.0,255.0,"[0, 255]",False,False,False,False
ISIC_0010370,train,F:\PythonProjects\cv_study_project\data\ISIC2018_Task1-2_Training_Input\ISIC2018_Task1-2_Training_Input\ISIC_0010370.jpg,F:\PythonProjects\cv_study_project\data\ISIC2018_Task1_Training_GroundTruth\ISIC2018_Task1_Training_GroundTruth\ISIC_0010370_segmentation.png,256,256,0.334351,768,1024,3,47.0,255.0,"[0, 255]",False,False,False,False
ISIC_0000511,train,F:\PythonProjects\cv_study_project\data\ISIC2018_Task1-2_Training_Input\ISIC2018_Task1-2_Training_Input\ISIC_0000511.jpg,F:\PythonProjects\cv_study_project\data\ISIC2018_Task1_Training_GroundTruth\ISIC2018_Task1_Training_GroundTruth\ISIC_0000511_segmentation.png,256,256,0.508484,802,919,3,15.0,254.0,"[0, 255]",False,False,False,False
ISIC_0010205,train,F:\PythonProjects\cv_study_project\data\ISIC2018_Task1-2_Training_Input\ISIC2018_Task1-2_Training_Input\ISIC_0010205.jpg,F:\PythonProjects\cv_study_project\data\ISIC2018_Task1_Training_GroundTruth\ISIC2018_Task1_Training_GroundTruth\ISIC_0010205_segmentation.png,256,256,0.091461,768,1024,3,17.0,255.0,"[0, 255]",False,False,False,False
ISIC_0012455,train,F:\PythonProjects\cv_study_project\data\ISIC2018_Task1-2_Training_Input\ISIC2018_Task1-2_Training_Input\ISIC_0012455.jpg,F:\PythonProjects\cv_study_project\data\ISIC2018_Task1_Training_GroundTruth\ISIC2018_Task1_Training_GroundTruth\ISIC_0012455_segmentation.png,256,256,0.054474,2000,3008,3,8.0,202.0,"[0, 255]",False,False,False,False
ISIC_0011156,train,F:\PythonProjects\cv_study_project\data\ISIC2018_Task1-2_Training_Input\ISIC2018_Task1-2_Training_Input\ISIC_0011156.jpg,F:\PythonProjects\cv_study_project\data\ISIC2018_Task1_Training_GroundTruth\ISIC2018_Task1_Training_GroundTruth\ISIC_0011156_segmentation.png,256,256,0.501373,768,1024,3,12.0,222.0,"[0, 255]",False,False,False,False
ISIC_0009973,train,F:\PythonProjects\cv_study_project\data\ISIC2018_Task1-2_Training_Input\ISIC2018_Task1-2_Training_Input\ISIC_0009973.jpg,F:\PythonProjects\cv_study_project\data\ISIC2018_Task1_Training_GroundTruth\ISIC2018_Task1_Training_GroundTruth\ISIC_0009973_segmentation.png,256,256,0.270081,768,1024,3,22.0,254.0,"[0, 255]",False,False,False,False
ISIC_0000172,train,F:\PythonProjects\cv_study_project\data\ISIC2018_Task1-2_Training_Input\ISIC2018_Task1-2_Training_Input\ISIC_0000172.jpg,F:\PythonProjects\cv_study_project\data\ISIC2018_Task1_Training_GroundTruth\ISIC2018_Task1_Training_GroundTruth\ISIC_0000172_segmentation.png,256,256,0.358276,674,962,3,2.0,255.0,"[0, 255]",False,False,False,False
ISIC_0009956,train,F:\PythonProjects\cv_study_project\data\ISIC2018_Task1-2_Training_Input\ISIC2018_Task1-2_Training_Input\ISIC_0009956.jpg,F:\PythonProjects\cv_study_project\data\ISIC2018_Task1_Training_GroundTruth\ISIC2018_Task1_Training_GroundTruth\ISIC_0009956_segmentation.png,256,256,0.270813,768,1024,3,0.0,234.0,"[0, 255]",False,False,False,False
ISIC_0012248,train,F:\PythonProjects\cv_study_project\data\ISIC2018_Task1-2_Training_Input\ISIC2018_Task1-2_Training_Input\ISIC_0012248.jpg,F:\PythonProjects\cv_study_project\data\ISIC2018_Task1_Training_GroundTruth\ISIC2018_Task1_Training_GroundTruth\ISIC_0012248_segmentation.png,256,256,0.373688,2848,4288,3,31.0,251.0,"[0, 255]",False,False,False,False
ISIC_0011157,train,F:\PythonProjects\cv_study_project\data\ISIC2018_Task1-2_Training_Input\ISIC2018_Task1-2_Training_Input\ISIC_0011157.jpg,F:\PythonProjects\cv_study_project\data\ISIC2018_Task1_Training_GroundTruth\ISIC2018_Task1_Training_GroundTruth\ISIC_0011157_segmentation.png,256,256,0.152466,768,1024,3,41.0,254.0,"[0, 255]",False,False,False,False
ISIC_0012506,train,F:\PythonProjects\cv_study_project\data\ISIC2018_Task1-2_Training_Input\ISIC2018_Task1-2_Training_Input\ISIC_0012506.jpg,F:\PythonProjects\cv_study_project\data\ISIC2018_Task1_Training_GroundTruth\ISIC2018_Task1_Training_GroundTruth\ISIC_0012506_segmentation.png,256,256,0.017548,2848,4288,3,2.0,228.0,"[0, 255]",False,False,False,False
ISIC_0012235,train,F:\PythonProjects\cv_study_project\data\ISIC2018_Task1-2_Training_Input\ISIC2018_Task1-2_Training_Input\ISIC_0012235.jpg,F:\PythonProjects\cv_study_project\data\ISIC2018_Task1_Training_GroundTruth\ISIC2018_Task1_Training_GroundTruth\ISIC_0012235_segmentation.png,256,256,0.048645,2848,4288,3,12.0,228.0,"[0, 255]",False,False,False,False
ISIC_0000091,train,F:\PythonProjects\cv_study_project\data\ISIC2018_Task1-2_Training_Input\ISIC2018_Task1-2_Training_Input\ISIC_0000091.jpg,F:\PythonProjects\cv_study_project\data\ISIC2018_Task1_Training_GroundTruth\ISIC2018_Task1_Training_GroundTruth\ISIC_0000091_segmentation.png,256,256,0.137848,1536,2048,3,0.0,254.0,"[0, 255]",False,False,False,False
ISIC_0004110,train,F:\PythonProjects\cv_study_project\data\ISIC2018_Task1-2_Training_Input\ISIC2018_Task1-2_Training_Input\ISIC_0004110.jpg,F:\PythonProjects\cv_study_project\data\ISIC2018_Task1_Training_GroundTruth\ISIC2018_Task1_Training_GroundTruth\ISIC_0004110_segmentation.png,256,256,0.133087,2016,3024,3,7.0,255.0,"[0, 255]",False,False,False,False
ISIC_0012356,train,F:\PythonProjects\cv_study_project\data\ISIC2018_Task1-2_Training_Input\ISIC2018_Task1-2_Training_Input\ISIC_0012356.jpg,F:\PythonProjects\cv_study_project\data\ISIC2018_Task1_Training_GroundTruth\ISIC2018_Task1_Training_GroundTruth\ISIC_0012356_segmentation.png,256,256,0.497269,2000,3008,3,54.0,235.0,"[0, 255]",False,False,False,False
ISIC_0012102,train,F:\PythonProjects\cv_study_project\data\ISIC2018_Task1-2_Training_Input\ISIC2018_Task1-2_Training_Input\ISIC_0012102.jpg,F:\PythonProjects\cv_study_project\data\ISIC2018_Task1_Training_GroundTruth\ISIC2018_Task1_Training_GroundTruth\ISIC_0012102_segmentation.png,256,256,0.038483,2000,3008,3,3.0,212.0,"[0, 255]",False,False,False,False
ISIC_0000323,train,F:\PythonProjects\cv_study_project\data\ISIC2018_Task1-2_Training_Input\ISIC2018_Task1-2_Training_Input\ISIC_0000323.jpg,F:\PythonProjects\cv_study_project\data\ISIC2018_Task1_Training_GroundTruth\ISIC2018_Task1_Training_GroundTruth\ISIC_0000323_segmentation.png,256,256,0.085312,576,767,3,0.0,255.0,"[0, 255]",False,False,False,False
ISIC_0010231,train,F:\PythonProjects\cv_study_project\data\ISIC2018_Task1-2_Training_Input\ISIC2018_Task1-2_Training_Input\ISIC_0010231.jpg,F:\PythonProjects\cv_study_project\data\ISIC2018_Task1_Training_GroundTruth\ISIC2018_Task1_Training_GroundTruth\ISIC_0010231_segmentation.png,256,256,0.523193,768,1024,3,23.0,236.0,"[0, 255]",False,False,False,False
ISIC_0012415,train,F:\PythonProjects\cv_study_project\data\ISIC2018_Task1-2_Training_Input\ISIC2018_Task1-2_Training_Input\ISIC_0012415.jpg,F:\PythonProjects\cv_study_project\data\ISIC2018_Task1_Training_GroundTruth\ISIC2018_Task1_Training_GroundTruth\ISIC_0012415_segmentation.png,256,256,0.014847,2000,3008,3,8.0,253.0,"[0, 255]",False,False,False,False
ISIC_0009980,train,F:\PythonProjects\cv_study_project\data\ISIC2018_Task1-2_Training_Input\ISIC2018_Task1-2_Training_Input\ISIC_0009980.jpg,F:\PythonProjects\cv_study_project\data\ISIC2018_Task1_Training_GroundTruth\ISIC2018_Task1_Training_GroundTruth\ISIC_0009980_segmentation.png,256,256,0.878403,768,1024,3,35.0,255.0,"[0, 255]",False,False,True,True
ISIC_0000087,train,F:\PythonProjects\cv_study_project\data\ISIC2018_Task1-2_Training_Input\ISIC2018_Task1-2_Training_Input\ISIC_0000087.jpg,F:\PythonProjects\cv_study_project\data\ISIC2018_Task1_Training_GroundTruth\ISIC2018_Task1_Training_GroundTruth\ISIC_0000087_segmentation.png,256,256,0.387207,1536,2048,3,12.0,253.0,"[0, 255]",False,False,False,False
ISIC_0000547,train,F:\PythonProjects\cv_study_project\data\ISIC2018_Task1-2_Training_Input\ISIC2018_Task1-2_Training_Input\ISIC_0000547.jpg,F:\PythonProjects\cv_study_project\data\ISIC2018_Task1_Training_GroundTruth\ISIC2018_Task1_Training_GroundTruth\ISIC_0000547_segmentation.png,256,256,0.514374,719,824,3,0.0,255.0,"[0, 255]",False,False,False,False
ISIC_0000326,train,F:\PythonProjects\cv_study_project\data\ISIC2018_Task1-2_Training_Input\ISIC2018_Task1-2_Training_Input\ISIC_0000326.jpg,F:\PythonProjects\cv_study_project\data\ISIC2018_Task1_Training_GroundTruth\ISIC2018_Task1_Training_GroundTruth\ISIC_0000326_segmentation.png,256,256,0.153748,576,767,3,0.0,255.0,"[0, 255]",False,False,False,False
ISIC_0000275,train,F:\PythonProjects\cv_study_project\data\ISIC2018_Task1-2_Training_Input\ISIC2018_Task1-2_Training_Input\ISIC_0000275.jpg,F:\PythonProjects\cv_study_project\data\ISIC2018_Task1_Training_GroundTruth\ISIC2018_Task1_Training_GroundTruth\ISIC_0000275_segmentation.png,256,256,0.088699,768,1024,3,0.0,219.0,"[0, 255]",False,False,False,False
ISIC_0009564,train,F:\PythonProjects\cv_study_project\data\ISIC2018_Task1-2_Training_Input\ISIC2018_Task1-2_Training_Input\ISIC_0009564.jpg,F:\PythonProjects\cv_study_project\data\ISIC2018_Task1_Training_GroundTruth\ISIC2018_Task1_Training_GroundTruth\ISIC_0009564_segmentation.png,256,256,0.031189,2848,4288,3,15.0,255.0,"[0, 255]",False,False,False,False
ISIC_0001292,train,F:\PythonProjects\cv_study_project\data\ISIC2018_Task1-2_Training_Input\ISIC2018_Task1-2_Training_Input\ISIC_0001292.jpg,F:\PythonProjects\cv_study_project\data\ISIC2018_Task1_Training_GroundTruth\ISIC2018_Task1_Training_GroundTruth\ISIC_0001292_segmentation.png,256,256,0.054962,2016,3024,3,7.0,236.0,"[0, 255]",False,False,False,False
ISIC_0002829,train,F:\PythonProjects\cv_study_project\data\ISIC2018_Task1-2_Training_Input\ISIC2018_Task1-2_Training_Input\ISIC_0002829.jpg,F:\PythonProjects\cv_study_project\data\ISIC2018_Task1_Training_GroundTruth\ISIC2018_Task1_Training_GroundTruth\ISIC_0002829_segmentation.png,256,256,0.084686,2016,3024,3,0.0,255.0,"[0, 255]",False,False,False,False
ISIC_0012374,train,F:\PythonProjects\cv_study_project\data\ISIC2018_Task1-2_Training_Input\ISIC2018_Task1-2_Training_Input\ISIC_0012374.jpg,F:\PythonProjects\cv_study_project\data\ISIC2018_Task1_Training_GroundTruth\ISIC2018_Task1_Training_GroundTruth\ISIC_0012374_segmentation.png,256,256,0.041962,2000,3008,3,10.0,236.0,"[0, 255]",False,False,False,False
ISIC_0009877,train,F:\PythonProjects\cv_study_project\data\ISIC2018_Task1-2_Training_Input\ISIC2018_Task1-2_Training_Input\ISIC_0009877.jpg,F:\PythonProjects\cv_study_project\data\ISIC2018_Task1_Training_GroundTruth\ISIC2018_Task1_Training_GroundTruth\ISIC_0009877_segmentation.png,256,256,0.246124,768,1024,3,85.0,255.0,"[0, 255]",False,False,False,False
ISIC_0000288,train,F:\PythonProjects\cv_study_project\data\ISIC2018_Task1-2_Training_Input\ISIC2018_Task1-2_Training_Input\ISIC_0000288.jpg,F:\PythonProjects\cv_study_project\data\ISIC2018_Task1_Training_GroundTruth\ISIC2018_Task1_Training_GroundTruth\ISIC_0000288_segmentation.png,256,256,0.790802,768,1024,3,15.0,255.0,"[0, 255]",False,False,False,False
ISIC_0010232,train,F:\PythonProjects\cv_study_project\data\ISIC2018_Task1-2_Training_Input\ISIC2018_Task1-2_Training_Input\ISIC_0010232.jpg,F:\PythonProjects\cv_study_project\data\ISIC2018_Task1_Training_GroundTruth\ISIC2018_Task1_Training_GroundTruth\ISIC_0010232_segmentation.png,256,256,0.722778,768,1024,3,53.0,242.0,"[0, 255]",False,False,False,False
ISIC_0000306,train,F:\PythonProjects\cv_study_project\data\ISIC2018_Task1-2_Training_Input\ISIC2018_Task1-2_Training_Input\ISIC_0000306.jpg,F:\PythonProjects\cv_study_project\data\ISIC2018_Task1_Training_GroundTruth\ISIC2018_Task1_Training_GroundTruth\ISIC_0000306_segmentation.png,256,256,0.13887,576,767,3,0.0,255.0,"[0, 255]",False,False,False,False
ISIC_0012201,train,F:\PythonProjects\cv_study_project\data\ISIC2018_Task1-2_Training_Input\ISIC2018_Task1-2_Training_Input\ISIC_0012201.jpg,F:\PythonProjects\cv_study_project\data\ISIC2018_Task1_Training_GroundTruth\ISIC2018_Task1_Training_GroundTruth\ISIC_0012201_segmentation.png,256,256,0.06015,2000,3008,3,2.0,229.0,"[0, 255]",False,False,False,False
ISIC_0010215,train,F:\PythonProjects\cv_study_project\data\ISIC2018_Task1-2_Training_Input\ISIC2018_Task1-2_Training_Input\ISIC_0010215.jpg,F:\PythonProjects\cv_study_project\data\ISIC2018_Task1_Training_GroundTruth\ISIC2018_Task1_Training_GroundTruth\ISIC_0010215_segmentation.png,256,256,0.213425,768,1024,3,22.0,197.0,"[0, 255]",False,False,False,False
ISIC_0010024,train,F:\PythonProjects\cv_study_project\data\ISIC2018_Task1-2_Training_Input\ISIC2018_Task1-2_Training_Input\ISIC_0010024.jpg,F:\PythonProjects\cv_study_project\data\ISIC2018_Task1_Training_GroundTruth\ISIC2018_Task1_Training_GroundTruth\ISIC_0010024_segmentation.png,256,256,0.147156,768,1024,3,35.0,243.0,"[0, 255]",False,False,False,False
ISIC_0000181,train,F:\PythonProjects\cv_study_project\data\ISIC2018_Task1-2_Training_Input\ISIC2018_Task1-2_Training_Input\ISIC_0000181.jpg,F:\PythonProjects\cv_study_project\data\ISIC2018_Task1_Training_GroundTruth\ISIC2018_Task1_Training_GroundTruth\ISIC_0000181_segmentation.png,256,256,0.215393,1051,1502,3,0.0,255.0,"[0, 255]",False,False,False,False
ISIC_0000555,train,F:\PythonProjects\cv_study_project\data\ISIC2018_Task1-2_Training_Input\ISIC2018_Task1-2_Training_Input\ISIC_0000555.jpg,F:\PythonProjects\cv_study_project\data\ISIC2018_Task1_Training_GroundTruth\ISIC2018_Task1_Training_GroundTruth\ISIC_0000555_segmentation.png,256,256,0.194626,680,833,3,7.0,227.0,"[0, 255]",False,False,False,False
ISIC_0010329,train,F:\PythonProjects\cv_study_project\data\ISIC2018_Task1-2_Training_Input\ISIC2018_Task1-2_Training_Input\ISIC_0010329.jpg,F:\PythonProjects\cv_study_project\data\ISIC2018_Task1_Training_GroundTruth\ISIC2018_Task1_Training_GroundTruth\ISIC_0010329_segmentation.png,256,256,0.876282,768,1024,3,11.0,254.0,"[0, 255]",False,False,True,True
ISIC_0011199,train,F:\PythonProjects\cv_study_project\data\ISIC2018_Task1-2_Training_Input\ISIC2018_Task1-2_Training_Input\ISIC_0011199.jpg,F:\PythonProjects\cv_study_project\data\ISIC2018_Task1_Training_GroundTruth\ISIC2018_Task1_Training_GroundTruth\ISIC_0011199_segmentation.png,256,256,0.046753,768,1024,3,2.0,207.0,"[0, 255]",False,False,False,False
ISIC_0002251,train,F:\PythonProjects\cv_study_project\data\ISIC2018_Task1-2_Training_Input\ISIC2018_Task1-2_Training_Input\ISIC_0002251.jpg,F:\PythonProjects\cv_study_project\data\ISIC2018_Task1_Training_GroundTruth\ISIC2018_Task1_Training_GroundTruth\ISIC_0002251_segmentation.png,256,256,0.109756,2016,3024,3,0.0,255.0,"[0, 255]",False,False,False,False
ISIC_0010459,train,F:\PythonProjects\cv_study_project\data\ISIC2018_Task1-2_Training_Input\ISIC2018_Task1-2_Training_Input\ISIC_0010459.jpg,F:\PythonProjects\cv_study_project\data\ISIC2018_Task1_Training_GroundTruth\ISIC2018_Task1_Training_GroundTruth\ISIC_0010459_segmentation.png,256,256,0.6819,768,1024,3,48.0,229.0,"[0, 255]",False,False,False,False
ISIC_0009035,train,F:\PythonProjects\cv_study_project\data\ISIC2018_Task1-2_Training_Input\ISIC2018_Task1-2_Training_Input\ISIC_0009035.jpg,F:\PythonProjects\cv_study_project\data\ISIC2018_Task1_Training_GroundTruth\ISIC2018_Task1_Training_GroundTruth\ISIC_0009035_segmentation.png,256,256,0.116592,2848,4288,3,11.0,251.0,"[0, 255]",False,False,False,False
ISIC_0000550,train,F:\PythonProjects\cv_study_project\data\ISIC2018_Task1-2_Training_Input\ISIC2018_Task1-2_Training_Input\ISIC_0000550.jpg,F:\PythonProjects\cv_study_project\data\ISIC2018_Task1_Training_GroundTruth\ISIC2018_Task1_Training_GroundTruth\ISIC_0000550_segmentation.png,256,256,0.37352,719,824,3,0.0,255.0,"[0, 255]",False,False,False,False
ISIC_0010044,train,F:\PythonProjects\cv_study_project\data\ISIC2018_Task1-2_Training_Input\ISIC2018_Task1-2_Training_Input\ISIC_0010044.jpg,F:\PythonProjects\cv_study_project\data\ISIC2018_Task1_Training_GroundTruth\ISIC2018_Task1_Training_GroundTruth\ISIC_0010044_segmentation.png,256,256,0.164505,768,1024,3,0.0,199.0,"[0, 255]",False,False,False,False
ISIC_0000379,train,F:\PythonProjects\cv_study_project\data\ISIC2018_Task1-2_Training_Input\ISIC2018_Task1-2_Training_Input\ISIC_0000379.jpg,F:\PythonProjects\cv_study_project\data\ISIC2018_Task1_Training_GroundTruth\ISIC2018_Task1_Training_GroundTruth\ISIC_0000379_segmentation.png,256,256,0.390625,2304,3072,3,11.0,193.0,"[0, 255]",False,False,False,False
ISIC_0008396,train,F:\PythonProjects\cv_study_project\data\ISIC2018_Task1-2_Training_Input\ISIC2018_Task1-2_Training_Input\ISIC_0008396.jpg,F:\PythonProjects\cv_study_project\data\ISIC2018_Task1_Training_GroundTruth\ISIC2018_Task1_Training_GroundTruth\ISIC_0008396_segmentation.png,256,256,0.029831,2848,4288,3,9.0,255.0,"[0, 255]",False,False,False,False
ISIC_0006193,train,F:\PythonProjects\cv_study_project\data\ISIC2018_Task1-2_Training_Input\ISIC2018_Task1-2_Training_Input\ISIC_0006193.jpg,F:\PythonProjects\cv_study_project\data\ISIC2018_Task1_Training_GroundTruth\ISIC2018_Task1_Training_GroundTruth\ISIC_0006193_segmentation.png,256,256,0.061768,2016,3024,3,6.0,255.0,"[0, 255]",False,False,False,False
ISIC_0012222,train,F:\PythonProjects\cv_study_project\data\ISIC2018_Task1-2_Training_Input\ISIC2018_Task1-2_Training_Input\ISIC_0012222.jpg,F:\PythonProjects\cv_study_project\data\ISIC2018_Task1_Training_GroundTruth\ISIC2018_Task1_Training_GroundTruth\ISIC_0012222_segmentation.png,256,256,0.032471,2000,3008,3,15.0,238.0,"[0, 255]",False,False,False,False
ISIC_0011127,train,F:\PythonProjects\cv_study_project\data\ISIC2018_Task1-2_Training_Input\ISIC2018_Task1-2_Training_Input\ISIC_0011127.jpg,F:\PythonProjects\cv_study_project\data\ISIC2018_Task1_Training_GroundTruth\ISIC2018_Task1_Training_GroundTruth\ISIC_0011127_segmentation.png,256,256,0.12355,768,1024,3,33.0,255.0,"[0, 255]",False,False,False,False
ISIC_0010169,train,F:\PythonProjects\cv_study_project\data\ISIC2018_Task1-2_Training_Input\ISIC2018_Task1-2_Training_Input\ISIC_0010169.jpg,F:\PythonProjects\cv_study_project\data\ISIC2018_Task1_Training_GroundTruth\ISIC2018_Task1_Training_GroundTruth\ISIC_0010169_segmentation.png,256,256,0.837173,768,1024,3,27.0,233.0,"[0, 255]",False,False,False,False
ISIC_0000150,train,F:\PythonProjects\cv_study_project\data\ISIC2018_Task1-2_Training_Input\ISIC2018_Task1-2_Training_Input\ISIC_0000150.jpg,F:\PythonProjects\cv_study_project\data\ISIC2018_Task1_Training_GroundTruth\ISIC2018_Task1_Training_GroundTruth\ISIC_0000150_segmentation.png,256,256,0.323563,1536,2048,3,0.0,237.0,"[0, 255]",False,False,False,False
ISIC_0001119,train,F:\PythonProjects\cv_study_project\data\ISIC2018_Task1-2_Training_Input\ISIC2018_Task1-2_Training_Input\ISIC_0001119.jpg,F:\PythonProjects\cv_study_project\data\ISIC2018_Task1_Training_GroundTruth\ISIC2018_Task1_Training_GroundTruth\ISIC_0001119_segmentation.png,256,256,0.055283,2304,3072,3,5.0,255.0,"[0, 255]",False,False,False,False
ISIC_0011324,train,F:\PythonProjects\cv_study_project\data\ISIC2018_Task1-2_Training_Input\ISIC2018_Task1-2_Training_Input\ISIC_0011324.jpg,F:\PythonProjects\cv_study_project\data\ISIC2018_Task1_Training_GroundTruth\ISIC2018_Task1_Training_GroundTruth\ISIC_0011324_segmentation.png,256,256,0.151123,768,1024,3,0.0,203.0,"[0, 255]",False,False,False,False
ISIC_0012660,train,F:\PythonProjects\cv_study_project\data\ISIC2018_Task1-2_Training_Input\ISIC2018_Task1-2_Training_Input\ISIC_0012660.jpg,F:\PythonProjects\cv_study_project\data\ISIC2018_Task1_Training_GroundTruth\ISIC2018_Task1_Training_GroundTruth\ISIC_0012660_segmentation.png,256,256,0.05954,1536,2304,3,0.0,253.0,"[0, 255]",False,False,False,False
ISIC_0011382,train,F:\PythonProjects\cv_study_project\data\ISIC2018_Task1-2_Training_Input\ISIC2018_Task1-2_Training_Input\ISIC_0011382.jpg,F:\PythonProjects\cv_study_project\data\ISIC2018_Task1_Training_GroundTruth\ISIC2018_Task1_Training_GroundTruth\ISIC_0011382_segmentation.png,256,256,0.309402,768,1024,3,9.0,218.0,"[0, 255]",False,False,False,False
ISIC_0012739,train,F:\PythonProjects\cv_study_project\data\ISIC2018_Task1-2_Training_Input\ISIC2018_Task1-2_Training_Input\ISIC_0012739.jpg,F:\PythonProjects\cv_study_project\data\ISIC2018_Task1_Training_GroundTruth\ISIC2018_Task1_Training_GroundTruth\ISIC_0012739_segmentation.png,256,256,0.013519,2000,3008,3,0.0,225.0,"[0, 255]",False,False,False,False
ISIC_0001148,train,F:\PythonProjects\cv_study_project\data\ISIC2018_Task1-2_Training_Input\ISIC2018_Task1-2_Training_Input\ISIC_0001148.jpg,F:\PythonProjects\cv_study_project\data\ISIC2018_Task1_Training_GroundTruth\ISIC2018_Task1_Training_GroundTruth\ISIC_0001148_segmentation.png,256,256,0.287323,2304,3072,3,1.0,205.0,"[0, 255]",False,False,False,False
ISIC_0002673,train,F:\PythonProjects\cv_study_project\data\ISIC2018_Task1-2_Training_Input\ISIC2018_Task1-2_Training_Input\ISIC_0002673.jpg,F:\PythonProjects\cv_study_project\data\ISIC2018_Task1_Training_GroundTruth\ISIC2018_Task1_Training_GroundTruth\ISIC_0002673_segmentation.png,256,256,0.055695,2016,3024,3,7.0,210.0,"[0, 255]",False,False,False,False
ISIC_0009960,train,F:\PythonProjects\cv_study_project\data\ISIC2018_Task1-2_Training_Input\ISIC2018_Task1-2_Training_Input\ISIC_0009960.jpg,F:\PythonProjects\cv_study_project\data\ISIC2018_Task1_Training_GroundTruth\ISIC2018_Task1_Training_GroundTruth\ISIC_0009960_segmentation.png,256,256,0.036621,768,1024,3,14.0,255.0,"[0, 255]",False,False,False,False
ISIC_0000201,train,F:\PythonProjects\cv_study_project\data\ISIC2018_Task1-2_Training_Input\ISIC2018_Task1-2_Training_Input\ISIC_0000201.jpg,F:\PythonProjects\cv_study_project\data\ISIC2018_Task1_Training_GroundTruth\ISIC2018_Task1_Training_GroundTruth\ISIC_0000201_segmentation.png,256,256,0.167068,705,1043,3,0.0,255.0,"[0, 255]",False,False,False,False
ISIC_0012358,train,F:\PythonProjects\cv_study_project\data\ISIC2018_Task1-2_Training_Input\ISIC2018_Task1-2_Training_Input\ISIC_0012358.jpg,F:\PythonProjects\cv_study_project\data\ISIC2018_Task1_Training_GroundTruth\ISIC2018_Task1_Training_GroundTruth\ISIC_0012358_segmentation.png,256,256,0.071396,2000,3008,3,20.0,246.0,"[0, 255]",False,False,False,False
ISIC_0012434,train,F:\PythonProjects\cv_study_project\data\ISIC2018_Task1-2_Training_Input\ISIC2018_Task1-2_Training_Input\ISIC_0012434.jpg,F:\PythonProjects\cv_study_project\data\ISIC2018_Task1_Training_GroundTruth\ISIC2018_Task1_Training_GroundTruth\ISIC_0012434_segmentation.png,256,256,0.037628,2000,3008,3,38.0,255.0,"[0, 255]",False,False,False,False
ISIC_0010078,train,F:\PythonProjects\cv_study_project\data\ISIC2018_Task1-2_Training_Input\ISIC2018_Task1-2_Training_Input\ISIC_0010078.jpg,F:\PythonProjects\cv_study_project\data\ISIC2018_Task1_Training_GroundTruth\ISIC2018_Task1_Training_GroundTruth\ISIC_0010078_segmentation.png,256,256,0.468597,768,1024,3,12.0,215.0,"[0, 255]",False,False,False,False
ISIC_0000121,train,F:\PythonProjects\cv_study_project\data\ISIC2018_Task1-2_Training_Input\ISIC2018_Task1-2_Training_Input\ISIC_0000121.jpg,F:\PythonProjects\cv_study_project\data\ISIC2018_Task1_Training_GroundTruth\ISIC2018_Task1_Training_GroundTruth\ISIC_0000121_segmentation.png,256,256,0.275848,1536,2048,3,41.0,207.0,"[0, 255]",False,False,False,False
ISIC_0012338,train,F:\PythonProjects\cv_study_project\data\ISIC2018_Task1-2_Training_Input\ISIC2018_Task1-2_Training_Input\ISIC_0012338.jpg,F:\PythonProjects\cv_study_project\data\ISIC2018_Task1_Training_GroundTruth\ISIC2018_Task1_Training_GroundTruth\ISIC_0012338_segmentation.png,256,256,0.036102,2000,3008,3,16.0,239.0,"[0, 255]",False,False,False,False
ISIC_0010037,train,F:\PythonProjects\cv_study_project\data\ISIC2018_Task1-2_Training_Input\ISIC2018_Task1-2_Training_Input\ISIC_0010037.jpg,F:\PythonProjects\cv_study_project\data\ISIC2018_Task1_Training_GroundTruth\ISIC2018_Task1_Training_GroundTruth\ISIC_0010037_segmentation.png,256,256,0.828171,768,1024,3,48.0,233.0,"[0, 255]",False,False,False,False
ISIC_0000007,train,F:\PythonProjects\cv_study_project\data\ISIC2018_Task1-2_Training_Input\ISIC2018_Task1-2_Training_Input\ISIC_0000007.jpg,F:\PythonProjects\cv_study_project\data\ISIC2018_Task1_Training_GroundTruth\ISIC2018_Task1_Training_GroundTruth\ISIC_0000007_segmentation.png,256,256,0.08815,767,1022,3,0.0,248.0,"[0, 255]",False,False,False,False
ISIC_0012666,train,F:\PythonProjects\cv_study_project\data\ISIC2018_Task1-2_Training_Input\ISIC2018_Task1-2_Training_Input\ISIC_0012666.jpg,F:\PythonProjects\cv_study_project\data\ISIC2018_Task1_Training_GroundTruth\ISIC2018_Task1_Training_GroundTruth\ISIC_0012666_segmentation.png,256,256,0.013489,2000,3008,3,18.0,255.0,"[0, 255]",False,False,False,False
ISIC_0009909,train,F:\PythonProjects\cv_study_project\data\ISIC2018_Task1-2_Training_Input\ISIC2018_Task1-2_Training_Input\ISIC_0009909.jpg,F:\PythonProjects\cv_study_project\data\ISIC2018_Task1_Training_GroundTruth\ISIC2018_Task1_Training_GroundTruth\ISIC_0009909_segmentation.png,256,256,0.204636,768,1024,3,10.0,231.0,"[0, 255]",False,False,False,False
ISIC_0000166,train,F:\PythonProjects\cv_study_project\data\ISIC2018_Task1-2_Training_Input\ISIC2018_Task1-2_Training_Input\ISIC_0000166.jpg,F:\PythonProjects\cv_study_project\data\ISIC2018_Task1_Training_GroundTruth\ISIC2018_Task1_Training_GroundTruth\ISIC_0000166_segmentation.png,256,256,0.494431,542,722,3,2.0,255.0,"[0, 255]",False,False,False,False
ISIC_0000281,train,F:\PythonProjects\cv_study_project\data\ISIC2018_Task1-2_Training_Input\ISIC2018_Task1-2_Training_Input\ISIC_0000281.jpg,F:\PythonProjects\cv_study_project\data\ISIC2018_Task1_Training_GroundTruth\ISIC2018_Task1_Training_GroundTruth\ISIC_0000281_segmentation.png,256,256,0.278625,768,1024,3,0.0,243.0,"[0, 255]",False,False,False,False
ISIC_0012333,train,F:\PythonProjects\cv_study_project\data\ISIC2018_Task1-2_Training_Input\ISIC2018_Task1-2_Training_Input\ISIC_0012333.jpg,F:\PythonProjects\cv_study_project\data\ISIC2018_Task1_Training_GroundTruth\ISIC2018_Task1_Training_GroundTruth\ISIC_0012333_segmentation.png,256,256,0.017883,2000,3008,3,11.0,255.0,"[0, 255]",False,False,False,False
ISIC_0001442,train,F:\PythonProjects\cv_study_project\data\ISIC2018_Task1-2_Training_Input\ISIC2018_Task1-2_Training_Input\ISIC_0001442.jpg,F:\PythonProjects\cv_study_project\data\ISIC2018_Task1_Training_GroundTruth\ISIC2018_Task1_Training_GroundTruth\ISIC_0001442_segmentation.png,256,256,0.078918,2016,3024,3,3.0,210.0,"[0, 255]",False,False,False,False
ISIC_0012550,train,F:\PythonProjects\cv_study_project\data\ISIC2018_Task1-2_Training_Input\ISIC2018_Task1-2_Training_Input\ISIC_0012550.jpg,F:\PythonProjects\cv_study_project\data\ISIC2018_Task1_Training_GroundTruth\ISIC2018_Task1_Training_GroundTruth\ISIC_0012550_segmentation.png,256,256,0.04306,2848,4288,3,5.0,211.0,"[0, 255]",False,False,False,False
ISIC_0010487,train,F:\PythonProjects\cv_study_project\data\ISIC2018_Task1-2_Training_Input\ISIC2018_Task1-2_Training_Input\ISIC_0010487.jpg,F:\PythonProjects\cv_study_project\data\ISIC2018_Task1_Training_GroundTruth\ISIC2018_Task1_Training_GroundTruth\ISIC_0010487_segmentation.png,256,256,0.227875,768,1024,3,0.0,255.0,"[0, 255]",False,False,False,False
ISIC_0012669,train,F:\PythonProjects\cv_study_project\data\ISIC2018_Task1-2_Training_Input\ISIC2018_Task1-2_Training_Input\ISIC_0012669.jpg,F:\PythonProjects\cv_study_project\data\ISIC2018_Task1_Training_GroundTruth\ISIC2018_Task1_Training_GroundTruth\ISIC_0012669_segmentation.png,256,256,0.028229,2000,3008,3,55.0,255.0,"[0, 255]",False,False,False,False
ISIC_0000220,train,F:\PythonProjects\cv_study_project\data\ISIC2018_Task1-2_Training_Input\ISIC2018_Task1-2_Training_Input\ISIC_0000220.jpg,F:\PythonProjects\cv_study_project\data\ISIC2018_Task1_Training_GroundTruth\ISIC2018_Task1_Training_GroundTruth\ISIC_0000220_segmentation.png,256,256,0.127457,674,962,3,0.0,255.0,"[0, 255]",False,False,False,False
ISIC_0007241,train,F:\PythonProjects\cv_study_project\data\ISIC2018_Task1-2_Training_Input\ISIC2018_Task1-2_Training_Input\ISIC_0007241.jpg,F:\PythonProjects\cv_study_project\data\ISIC2018_Task1_Training_GroundTruth\ISIC2018_Task1_Training_GroundTruth\ISIC_0007241_segmentation.png,256,256,0.057022,2016,3024,3,0.0,254.0,"[0, 255]",False,False,False,False
ISIC_0012503,train,F:\PythonProjects\cv_study_project\data\ISIC2018_Task1-2_Training_Input\ISIC2018_Task1-2_Training_Input\ISIC_0012503.jpg,F:\PythonProjects\cv_study_project\data\ISIC2018_Task1_Training_GroundTruth\ISIC2018_Task1_Training_GroundTruth\ISIC_0012503_segmentation.png,256,256,0.047333,2848,4288,3,5.0,207.0,"[0, 255]",False,False,False,False
ISIC_0000520,train,F:\PythonProjects\cv_study_project\data\ISIC2018_Task1-2_Training_Input\ISIC2018_Task1-2_Training_Input\ISIC_0000520.jpg,F:\PythonProjects\cv_study_project\data\ISIC2018_Task1_Training_GroundTruth\ISIC2018_Task1_Training_GroundTruth\ISIC_0000520_segmentation.png,256,256,0.156189,2304,3072,3,24.0,255.0,"[0, 255]",False,False,False,False
ISIC_0012547,train,F:\PythonProjects\cv_study_project\data\ISIC2018_Task1-2_Training_Input\ISIC2018_Task1-2_Training_Input\ISIC_0012547.jpg,F:\PythonProjects\cv_study_project\data\ISIC2018_Task1_Training_GroundTruth\ISIC2018_Task1_Training_GroundTruth\ISIC_0012547_segmentation.png,256,256,0.047302,2848,4288,3,13.0,249.0,"[0, 255]",False,False,False,False
ISIC_0000080,train,F:\PythonProjects\cv_study_project\data\ISIC2018_Task1-2_Training_Input\ISIC2018_Task1-2_Training_Input\ISIC_0000080.jpg,F:\PythonProjects\cv_study_project\data\ISIC2018_Task1_Training_GroundTruth\ISIC2018_Task1_Training_GroundTruth\ISIC_0000080_segmentation.png,256,256,0.185379,1944,2592,3,0.0,232.0,"[0, 255]",False,False,False,False
ISIC_0010063,train,F:\PythonProjects\cv_study_project\data\ISIC2018_Task1-2_Training_Input\ISIC2018_Task1-2_Training_Input\ISIC_0010063.jpg,F:\PythonProjects\cv_study_project\data\ISIC2018_Task1_Training_GroundTruth\ISIC2018_Task1_Training_GroundTruth\ISIC_0010063_segmentation.png,256,256,0.880081,768,1024,3,6.0,255.0,"[0, 255]",False,False,True,True
ISIC_0008993,train,F:\PythonProjects\cv_study_project\data\ISIC2018_Task1-2_Training_Input\ISIC2018_Task1-2_Training_Input\ISIC_0008993.jpg,F:\PythonProjects\cv_study_project\data\ISIC2018_Task1_Training_GroundTruth\ISIC2018_Task1_Training_GroundTruth\ISIC_0008993_segmentation.png,256,256,0.071198,2016,3024,3,24.0,234.0,"[0, 255]",False,False,False,False
ISIC_0001212,train,F:\PythonProjects\cv_study_project\data\ISIC2018_Task1-2_Training_Input\ISIC2018_Task1-2_Training_Input\ISIC_0001212.jpg,F:\PythonProjects\cv_study_project\data\ISIC2018_Task1_Training_GroundTruth\ISIC2018_Task1_Training_GroundTruth\ISIC_0001212_segmentation.png,256,256,0.106094,2848,4288,3,10.0,235.0,"[0, 255]",False,False,False,False
ISIC_0000282,train,F:\PythonProjects\cv_study_project\data\ISIC2018_Task1-2_Training_Input\ISIC2018_Task1-2_Training_Input\ISIC_0000282.jpg,F:\PythonProjects\cv_study_project\data\ISIC2018_Task1_Training_GroundTruth\ISIC2018_Task1_Training_GroundTruth\ISIC_0000282_segmentation.png,256,256,0.428024,768,1024,3,0.0,207.0,"[0, 255]",False,False,False,False
ISIC_0000051,train,F:\PythonProjects\cv_study_project\data\ISIC2018_Task1-2_Training_Input\ISIC2018_Task1-2_Training_Input\ISIC_0000051.jpg,F:\PythonProjects\cv_study_project\data\ISIC2018_Task1_Training_GroundTruth\ISIC2018_Task1_Training_GroundTruth\ISIC_0000051_segmentation.png,256,256,0.287048,1129,1504,3,0.0,222.0,"[0, 255]",False,False,False,False
ISIC_0010854,train,F:\PythonProjects\cv_study_project\data\ISIC2018_Task1-2_Training_Input\ISIC2018_Task1-2_Training_Input\ISIC_0010854.jpg,F:\PythonProjects\cv_study_project\data\ISIC2018_Task1_Training_GroundTruth\ISIC2018_Task1_Training_GroundTruth\ISIC_0010854_segmentation.png,256,256,0.121841,768,1024,3,54.0,194.0,"[0, 255]",False,False,False,False
ISIC_0012332,train,F:\PythonProjects\cv_study_project\data\ISIC2018_Task1-2_Training_Input\ISIC2018_Task1-2_Training_Input\ISIC_0012332.jpg,F:\PythonProjects\cv_study_project\data\ISIC2018_Task1_Training_GroundTruth\ISIC2018_Task1_Training_GroundTruth\ISIC_0012332_segmentation.png,256,256,0.070953,2000,3008,3,13.0,226.0,"[0, 255]",False,False,False,False
ISIC_0000224,train,F:\PythonProjects\cv_study_project\data\ISIC2018_Task1-2_Training_Input\ISIC2018_Task1-2_Training_Input\ISIC_0000224.jpg,F:\PythonProjects\cv_study_project\data\ISIC2018_Task1_Training_GroundTruth\ISIC2018_Task1_Training_GroundTruth\ISIC_0000224_segmentation.png,256,256,0.61496,640,957,3,0.0,255.0,"[0, 255]",False,False,False,False
ISIC_0012205,train,F:\PythonProjects\cv_study_project\data\ISIC2018_Task1-2_Training_Input\ISIC2018_Task1-2_Training_Input\ISIC_0012205.jpg,F:\PythonProjects\cv_study_project\data\ISIC2018_Task1_Training_GroundTruth\ISIC2018_Task1_Training_GroundTruth\ISIC_0012205_segmentation.png,256,256,0.03891,2000,3008,3,11.0,216.0,"[0, 255]",False,False,False,False
ISIC_0000255,train,F:\PythonProjects\cv_study_project\data\ISIC2018_Task1-2_Training_Input\ISIC2018_Task1-2_Training_Input\ISIC_0000255.jpg,F:\PythonProjects\cv_study_project\data\ISIC2018_Task1_Training_GroundTruth\ISIC2018_Task1_Training_GroundTruth\ISIC_0000255_segmentation.png,256,256,0.199768,768,1024,3,0.0,192.0,"[0, 255]",False,False,False,False
ISIC_0011333,train,F:\PythonProjects\cv_study_project\data\ISIC2018_Task1-2_Training_Input\ISIC2018_Task1-2_Training_Input\ISIC_0011333.jpg,F:\PythonProjects\cv_study_project\data\ISIC2018_Task1_Training_GroundTruth\ISIC2018_Task1_Training_GroundTruth\ISIC_0011333_segmentation.png,256,256,0.345795,768,1024,3,20.0,248.0,"[0, 255]",False,False,False,False
ISIC_0009933,train,F:\PythonProjects\cv_study_project\data\ISIC2018_Task1-2_Training_Input\ISIC2018_Task1-2_Training_Input\ISIC_0009933.jpg,F:\PythonProjects\cv_study_project\data\ISIC2018_Task1_Training_GroundTruth\ISIC2018_Task1_Training_GroundTruth\ISIC_0009933_segmentation.png,256,256,0.19577,768,1024,3,1.0,250.0,"[0, 255]",False,False,False,False
ISIC_0000268,train,F:\PythonProjects\cv_study_project\data\ISIC2018_Task1-2_Training_Input\ISIC2018_Task1-2_Training_Input\ISIC_0000268.jpg,F:\PythonProjects\cv_study_project\data\ISIC2018_Task1_Training_GroundTruth\ISIC2018_Task1_Training_GroundTruth\ISIC_0000268_segmentation.png,256,256,0.556519,768,1024,3,20.0,186.0,"[0, 255]",False,False,False,False
ISIC_0010038,train,F:\PythonProjects\cv_study_project\data\ISIC2018_Task1-2_Training_Input\ISIC2018_Task1-2_Training_Input\ISIC_0010038.jpg,F:\PythonProjects\cv_study_project\data\ISIC2018_Task1_Training_GroundTruth\ISIC2018_Task1_Training_GroundTruth\ISIC_0010038_segmentation.png,256,256,0.536957,768,1024,3,72.0,221.0,"[0, 255]",False,False,False,False
ISIC_0010213,train,F:\PythonProjects\cv_study_project\data\ISIC2018_Task1-2_Training_Input\ISIC2018_Task1-2_Training_Input\ISIC_0010213.jpg,F:\PythonProjects\cv_study_project\data\ISIC2018_Task1_Training_GroundTruth\ISIC2018_Task1_Training_GroundTruth\ISIC_0010213_segmentation.png,256,256,0.25647,768,1024,3,24.0,255.0,"[0, 255]",False,False,False,False
ISIC_0000104,train,F:\PythonProjects\cv_study_project\data\ISIC2018_Task1-2_Training_Input\ISIC2018_Task1-2_Training_Input\ISIC_0000104.jpg,F:\PythonProjects\cv_study_project\data\ISIC2018_Task1_Training_GroundTruth\ISIC2018_Task1_Training_GroundTruth\ISIC_0000104_segmentation.png,256,256,0.237305,1536,2048,3,0.0,255.0,"[0, 255]",False,False,False,False
ISIC_0000408,train,F:\PythonProjects\cv_study_project\data\ISIC2018_Task1-2_Training_Input\ISIC2018_Task1-2_Training_Input\ISIC_0000408.jpg,F:\PythonProjects\cv_study_project\data\ISIC2018_Task1_Training_GroundTruth\ISIC2018_Task1_Training_GroundTruth\ISIC_0000408_segmentation.png,256,256,0.674332,2304,3072,3,16.0,211.0,"[0, 255]",False,False,False,False
ISIC_0009252,train,F:\PythonProjects\cv_study_project\data\ISIC2018_Task1-2_Training_Input\ISIC2018_Task1-2_Training_Input\ISIC_0009252.jpg,F:\PythonProjects\cv_study_project\data\ISIC2018_Task1_Training_GroundTruth\ISIC2018_Task1_Training_GroundTruth\ISIC_0009252_segmentation.png,256,256,0.061417,2016,3024,3,4.0,255.0,"[0, 255]",False,False,False,False
ISIC_0009869,train,F:\PythonProjects\cv_study_project\data\ISIC2018_Task1-2_Training_Input\ISIC2018_Task1-2_Training_Input\ISIC_0009869.jpg,F:\PythonProjects\cv_study_project\data\ISIC2018_Task1_Training_GroundTruth\ISIC2018_Task1_Training_GroundTruth\ISIC_0009869_segmentation.png,256,256,0.057816,768,1024,3,0.0,213.0,"[0, 255]",False,False,False,False
ISIC_0010365,train,F:\PythonProjects\cv_study_project\data\ISIC2018_Task1-2_Training_Input\ISIC2018_Task1-2_Training_Input\ISIC_0010365.jpg,F:\PythonProjects\cv_study_project\data\ISIC2018_Task1_Training_GroundTruth\ISIC2018_Task1_Training_GroundTruth\ISIC_0010365_segmentation.png,256,256,0.157837,768,1024,3,16.0,229.0,"[0, 255]",False,False,False,False
ISIC_0002489,train,F:\PythonProjects\cv_study_project\data\ISIC2018_Task1-2_Training_Input\ISIC2018_Task1-2_Training_Input\ISIC_0002489.jpg,F:\PythonProjects\cv_study_project\data\ISIC2018_Task1_Training_GroundTruth\ISIC2018_Task1_Training_GroundTruth\ISIC_0002489_segmentation.png,256,256,0.08432,2016,3024,3,0.0,230.0,"[0, 255]",False,False,False,False
ISIC_0000338,train,F:\PythonProjects\cv_study_project\data\ISIC2018_Task1-2_Training_Input\ISIC2018_Task1-2_Training_Input\ISIC_0000338.jpg,F:\PythonProjects\cv_study_project\data\ISIC2018_Task1_Training_GroundTruth\ISIC2018_Task1_Training_GroundTruth\ISIC_0000338_segmentation.png,256,256,0.150925,576,767,3,0.0,255.0,"[0, 255]",False,False,False,False
ISIC_0000095,train,F:\PythonProjects\cv_study_project\data\ISIC2018_Task1-2_Training_Input\ISIC2018_Task1-2_Training_Input\ISIC_0000095.jpg,F:\PythonProjects\cv_study_project\data\ISIC2018_Task1_Training_GroundTruth\ISIC2018_Task1_Training_GroundTruth\ISIC_0000095_segmentation.png,256,256,0.078003,1536,2048,3,0.0,229.0,"[0, 255]",False,False,False,False
ISIC_0009915,train,F:\PythonProjects\cv_study_project\data\ISIC2018_Task1-2_Training_Input\ISIC2018_Task1-2_Training_Input\ISIC_0009915.jpg,F:\PythonProjects\cv_study_project\data\ISIC2018_Task1_Training_GroundTruth\ISIC2018_Task1_Training_GroundTruth\ISIC_0009915_segmentation.png,256,256,0.369537,768,1024,3,49.0,255.0,"[0, 255]",False,False,False,False
ISIC_0000192,train,F:\PythonProjects\cv_study_project\data\ISIC2018_Task1-2_Training_Input\ISIC2018_Task1-2_Training_Input\ISIC_0000192.jpg,F:\PythonProjects\cv_study_project\data\ISIC2018_Task1_Training_GroundTruth\ISIC2018_Task1_Training_GroundTruth\ISIC_0000192_segmentation.png,256,256,0.527893,1051,1502,3,0.0,255.0,"[0, 255]",False,False,False,False
ISIC_0010016,train,F:\PythonProjects\cv_study_project\data\ISIC2018_Task1-2_Training_Input\ISIC2018_Task1-2_Training_Input\ISIC_0010016.jpg,F:\PythonProjects\cv_study_project\data\ISIC2018_Task1_Training_GroundTruth\ISIC2018_Task1_Training_GroundTruth\ISIC_0010016_segmentation.png,256,256,0.064346,768,1024,3,0.0,230.0,"[0, 255]",False,False,False,False
ISIC_0010175,train,F:\PythonProjects\cv_study_project\data\ISIC2018_Task1-2_Training_Input\ISIC2018_Task1-2_Training_Input\ISIC_0010175.jpg,F:\PythonProjects\cv_study_project\data\ISIC2018_Task1_Training_GroundTruth\ISIC2018_Task1_Training_GroundTruth\ISIC_0010175_segmentation.png,256,256,0.667709,768,1024,3,29.0,231.0,"[0, 255]",False,False,False,False
ISIC_0010171,train,F:\PythonProjects\cv_study_project\data\ISIC2018_Task1-2_Training_Input\ISIC2018_Task1-2_Training_Input\ISIC_0010171.jpg,F:\PythonProjects\cv_study_project\data\ISIC2018_Task1_Training_GroundTruth\ISIC2018_Task1_Training_GroundTruth\ISIC_0010171_segmentation.png,256,256,0.302643,768,1024,3,0.0,227.0,"[0, 255]",False,False,False,False
ISIC_0011359,train,F:\PythonProjects\cv_study_project\data\ISIC2018_Task1-2_Training_Input\ISIC2018_Task1-2_Training_Input\ISIC_0011359.jpg,F:\PythonProjects\cv_study_project\data\ISIC2018_Task1_Training_GroundTruth\ISIC2018_Task1_Training_GroundTruth\ISIC_0011359_segmentation.png,256,256,0.179031,768,1024,3,0.0,204.0,"[0, 255]",False,False,False,False
ISIC_0011210,train,F:\PythonProjects\cv_study_project\data\ISIC2018_Task1-2_Training_Input\ISIC2018_Task1-2_Training_Input\ISIC_0011210.jpg,F:\PythonProjects\cv_study_project\data\ISIC2018_Task1_Training_GroundTruth\ISIC2018_Task1_Training_GroundTruth\ISIC_0011210_segmentation.png,256,256,0.042877,768,1024,3,0.0,224.0,"[0, 255]",False,False,False,False
ISIC_0000242,train,F:\PythonProjects\cv_study_project\data\ISIC2018_Task1-2_Training_Input\ISIC2018_Task1-2_Training_Input\ISIC_0000242.jpg,F:\PythonProjects\cv_study_project\data\ISIC2018_Task1_Training_GroundTruth\ISIC2018_Task1_Training_GroundTruth\ISIC_0000242_segmentation.png,256,256,0.361938,768,1024,3,0.0,223.0,"[0, 255]",False,False,False,False
ISIC_0009936,train,F:\PythonProjects\cv_study_project\data\ISIC2018_Task1-2_Training_Input\ISIC2018_Task1-2_Training_Input\ISIC_0009936.jpg,F:\PythonProjects\cv_study_project\data\ISIC2018_Task1_Training_GroundTruth\ISIC2018_Task1_Training_GroundTruth\ISIC_0009936_segmentation.png,256,256,0.036514,768,1024,3,22.0,182.0,"[0, 255]",False,False,False,False
ISIC_0010263,train,F:\PythonProjects\cv_study_project\data\ISIC2018_Task1-2_Training_Input\ISIC2018_Task1-2_Training_Input\ISIC_0010263.jpg,F:\PythonProjects\cv_study_project\data\ISIC2018_Task1_Training_GroundTruth\ISIC2018_Task1_Training_GroundTruth\ISIC_0010263_segmentation.png,256,256,0.035278,768,1024,3,0.0,255.0,"[0, 255]",False,False,False,False
ISIC_0000549,train,F:\PythonProjects\cv_study_project\data\ISIC2018_Task1-2_Training_Input\ISIC2018_Task1-2_Training_Input\ISIC_0000549.jpg,F:\PythonProjects\cv_study_project\data\ISIC2018_Task1_Training_GroundTruth\ISIC2018_Task1_Training_GroundTruth\ISIC_0000549_segmentation.png,256,256,0.531967,719,824,3,0.0,226.0,"[0, 255]",False,False,False,False
ISIC_0012538,train,F:\PythonProjects\cv_study_project\data\ISIC2018_Task1-2_Training_Input\ISIC2018_Task1-2_Training_Input\ISIC_0012538.jpg,F:\PythonProjects\cv_study_project\data\ISIC2018_Task1_Training_GroundTruth\ISIC2018_Task1_Training_GroundTruth\ISIC_0012538_segmentation.png,256,256,0.022583,2848,4288,3,6.0,188.0,"[0, 255]",False,False,False,False
ISIC_0000384,train,F:\PythonProjects\cv_study_project\data\ISIC2018_Task1-2_Training_Input\ISIC2018_Task1-2_Training_Input\ISIC_0000384.jpg,F:\PythonProjects\cv_study_project\data\ISIC2018_Task1_Training_GroundTruth\ISIC2018_Task1_Training_GroundTruth\ISIC_0000384_segmentation.png,256,256,0.066681,2096,2583,3,26.0,185.0,"[0, 255]",False,False,False,False
ISIC_0009906,train,F:\PythonProjects\cv_study_project\data\ISIC2018_Task1-2_Training_Input\ISIC2018_Task1-2_Training_Input\ISIC_0009906.jpg,F:\PythonProjects\cv_study_project\data\ISIC2018_Task1_Training_GroundTruth\ISIC2018_Task1_Training_GroundTruth\ISIC_0009906_segmentation.png,256,256,0.315933,768,1024,3,51.0,183.0,"[0, 255]",False,False,False,False
ISIC_0008807,train,F:\PythonProjects\cv_study_project\data\ISIC2018_Task1-2_Training_Input\ISIC2018_Task1-2_Training_Input\ISIC_0008807.jpg,F:\PythonProjects\cv_study_project\data\ISIC2018_Task1_Training_GroundTruth\ISIC2018_Task1_Training_GroundTruth\ISIC_0008807_segmentation.png,256,256,0.0392,2848,4288,3,11.0,246.0,"[0, 255]",False,False,False,False
ISIC_0007475,train,F:\PythonProjects\cv_study_project\data\ISIC2018_Task1-2_Training_Input\ISIC2018_Task1-2_Training_Input\ISIC_0007475.jpg,F:\PythonProjects\cv_study_project\data\ISIC2018_Task1_Training_GroundTruth\ISIC2018_Task1_Training_GroundTruth\ISIC_0007475_segmentation.png,256,256,0.128922,2016,3024,3,0.0,253.0,"[0, 255]",False,False,False,False
ISIC_0010093,train,F:\PythonProjects\cv_study_project\data\ISIC2018_Task1-2_Training_Input\ISIC2018_Task1-2_Training_Input\ISIC_0010093.jpg,F:\PythonProjects\cv_study_project\data\ISIC2018_Task1_Training_GroundTruth\ISIC2018_Task1_Training_GroundTruth\ISIC_0010093_segmentation.png,256,256,0.634796,768,1024,3,11.0,218.0,"[0, 255]",False,False,False,False
ISIC_0012675,train,F:\PythonProjects\cv_study_project\data\ISIC2018_Task1-2_Training_Input\ISIC2018_Task1-2_Training_Input\ISIC_0012675.jpg,F:\PythonProjects\cv_study_project\data\ISIC2018_Task1_Training_GroundTruth\ISIC2018_Task1_Training_GroundTruth\ISIC_0012675_segmentation.png,256,256,0.022705,2000,3008,3,17.0,235.0,"[0, 255]",False,False,False,False
ISIC_0000236,train,F:\PythonProjects\cv_study_project\data\ISIC2018_Task1-2_Training_Input\ISIC2018_Task1-2_Training_Input\ISIC_0000236.jpg,F:\PythonProjects\cv_study_project\data\ISIC2018_Task1_Training_GroundTruth\ISIC2018_Task1_Training_GroundTruth\ISIC_0000236_segmentation.png,256,256,0.490845,768,1024,3,29.0,248.0,"[0, 255]",False,False,False,False
ISIC_0000341,train,F:\PythonProjects\cv_study_project\data\ISIC2018_Task1-2_Training_Input\ISIC2018_Task1-2_Training_Input\ISIC_0000341.jpg,F:\PythonProjects\cv_study_project\data\ISIC2018_Task1_Training_GroundTruth\ISIC2018_Task1_Training_GroundTruth\ISIC_0000341_segmentation.png,256,256,0.232117,576,767,3,0.0,255.0,"[0, 255]",False,False,False,False
ISIC_0000361,train,F:\PythonProjects\cv_study_project\data\ISIC2018_Task1-2_Training_Input\ISIC2018_Task1-2_Training_Input\ISIC_0000361.jpg,F:\PythonProjects\cv_study_project\data\ISIC2018_Task1_Training_GroundTruth\ISIC2018_Task1_Training_GroundTruth\ISIC_0000361_segmentation.png,256,256,0.338593,576,767,3,0.0,255.0,"[0, 255]",False,False,False,False
ISIC_0000000,train,F:\PythonProjects\cv_study_project\data\ISIC2018_Task1-2_Training_Input\ISIC2018_Task1-2_Training_Input\ISIC_0000000.jpg,F:\PythonProjects\cv_study_project\data\ISIC2018_Task1_Training_GroundTruth\ISIC2018_Task1_Training_GroundTruth\ISIC_0000000_segmentation.png,256,256,0.469696,767,1022,3,16.0,255.0,"[0, 255]",False,False,False,False
ISIC_0010235,train,F:\PythonProjects\cv_study_project\data\ISIC2018_Task1-2_Training_Input\ISIC2018_Task1-2_Training_Input\ISIC_0010235.jpg,F:\PythonProjects\cv_study_project\data\ISIC2018_Task1_Training_GroundTruth\ISIC2018_Task1_Training_GroundTruth\ISIC_0010235_segmentation.png,256,256,0.844666,768,1024,3,47.0,213.0,"[0, 255]",False,False,False,False
ISIC_0005000,train,F:\PythonProjects\cv_study_project\data\ISIC2018_Task1-2_Training_Input\ISIC2018_Task1-2_Training_Input\ISIC_0005000.jpg,F:\PythonProjects\cv_study_project\data\ISIC2018_Task1_Training_GroundTruth\ISIC2018_Task1_Training_GroundTruth\ISIC_0005000_segmentation.png,256,256,0.032761,2848,4256,3,0.0,255.0,"[0, 255]",False,False,False,False
ISIC_0000509,train,F:\PythonProjects\cv_study_project\data\ISIC2018_Task1-2_Training_Input\ISIC2018_Task1-2_Training_Input\ISIC_0000509.jpg,F:\PythonProjects\cv_study_project\data\ISIC2018_Task1_Training_GroundTruth\ISIC2018_Task1_Training_GroundTruth\ISIC_0000509_segmentation.png,256,256,0.299622,802,919,3,18.0,223.0,"[0, 255]",False,False,False,False
ISIC_0000358,train,F:\PythonProjects\cv_study_project\data\ISIC2018_Task1-2_Training_Input\ISIC2018_Task1-2_Training_Input\ISIC_0000358.jpg,F:\PythonProjects\cv_study_project\data\ISIC2018_Task1_Training_GroundTruth\ISIC2018_Task1_Training_GroundTruth\ISIC_0000358_segmentation.png,256,256,0.175003,576,767,3,0.0,255.0,"[0, 255]",False,False,False,False
ISIC_0006914,train,F:\PythonProjects\cv_study_project\data\ISIC2018_Task1-2_Training_Input\ISIC2018_Task1-2_Training_Input\ISIC_0006914.jpg,F:\PythonProjects\cv_study_project\data\ISIC2018_Task1_Training_GroundTruth\ISIC2018_Task1_Training_GroundTruth\ISIC_0006914_segmentation.png,256,256,0.11438,2016,3024,3,20.0,221.0,"[0, 255]",False,False,False,False
ISIC_0009160,train,F:\PythonProjects\cv_study_project\data\ISIC2018_Task1-2_Training_Input\ISIC2018_Task1-2_Training_Input\ISIC_0009160.jpg,F:\PythonProjects\cv_study_project\data\ISIC2018_Task1_Training_GroundTruth\ISIC2018_Task1_Training_GroundTruth\ISIC_0009160_segmentation.png,256,256,0.069031,2016,3024,3,3.0,238.0,"[0, 255]",False,False,False,False
ISIC_0012719,train,F:\PythonProjects\cv_study_project\data\ISIC2018_Task1-2_Training_Input\ISIC2018_Task1-2_Training_Input\ISIC_0012719.jpg,F:\PythonProjects\cv_study_project\data\ISIC2018_Task1_Training_GroundTruth\ISIC2018_Task1_Training_GroundTruth\ISIC_0012719_segmentation.png,256,256,0.09201,2000,3008,3,0.0,190.0,"[0, 255]",False,False,False,False
ISIC_0010034,train,F:\PythonProjects\cv_study_project\data\ISIC2018_Task1-2_Training_Input\ISIC2018_Task1-2_Training_Input\ISIC_0010034.jpg,F:\PythonProjects\cv_study_project\data\ISIC2018_Task1_Training_GroundTruth\ISIC2018_Task1_Training_GroundTruth\ISIC_0010034_segmentation.png,256,256,0.362213,768,1024,3,30.0,181.0,"[0, 255]",False,False,False,False
ISIC_0009938,train,F:\PythonProjects\cv_study_project\data\ISIC2018_Task1-2_Training_Input\ISIC2018_Task1-2_Training_Input\ISIC_0009938.jpg,F:\PythonProjects\cv_study_project\data\ISIC2018_Task1_Training_GroundTruth\ISIC2018_Task1_Training_GroundTruth\ISIC_0009938_segmentation.png,256,256,0.251617,768,1024,3,0.0,213.0,"[0, 255]",False,False,False,False
ISIC_0012334,train,F:\PythonProjects\cv_study_project\data\ISIC2018_Task1-2_Training_Input\ISIC2018_Task1-2_Training_Input\ISIC_0012334.jpg,F:\PythonProjects\cv_study_project\data\ISIC2018_Task1_Training_GroundTruth\ISIC2018_Task1_Training_GroundTruth\ISIC_0012334_segmentation.png,256,256,0.046478,2000,3008,3,23.0,249.0,"[0, 255]",False,False,False,False
ISIC_0010372,train,F:\PythonProjects\cv_study_project\data\ISIC2018_Task1-2_Training_Input\ISIC2018_Task1-2_Training_Input\ISIC_0010372.jpg,F:\PythonProjects\cv_study_project\data\ISIC2018_Task1_Training_GroundTruth\ISIC2018_Task1_Training_GroundTruth\ISIC_0010372_segmentation.png,256,256,0.211487,768,1024,3,6.0,211.0,"[0, 255]",False,False,False,False
ISIC_0011097,train,F:\PythonProjects\cv_study_project\data\ISIC2018_Task1-2_Training_Input\ISIC2018_Task1-2_Training_Input\ISIC_0011097.jpg,F:\PythonProjects\cv_study_project\data\ISIC2018_Task1_Training_GroundTruth\ISIC2018_Task1_Training_GroundTruth\ISIC_0011097_segmentation.png,256,256,0.130646,768,1024,3,9.0,248.0,"[0, 255]",False,False,False,False
ISIC_0000217,train,F:\PythonProjects\cv_study_project\data\ISIC2018_Task1-2_Training_Input\ISIC2018_Task1-2_Training_Input\ISIC_0000217.jpg,F:\PythonProjects\cv_study_project\data\ISIC2018_Task1_Training_GroundTruth\ISIC2018_Task1_Training_GroundTruth\ISIC_0000217_segmentation.png,256,256,0.584778,638,959,3,0.0,255.0,"[0, 255]",False,False,False,False
ISIC_0012342,train,F:\PythonProjects\cv_study_project\data\ISIC2018_Task1-2_Training_Input\ISIC2018_Task1-2_Training_Input\ISIC_0012342.jpg,F:\PythonProjects\cv_study_project\data\ISIC2018_Task1_Training_GroundTruth\ISIC2018_Task1_Training_GroundTruth\ISIC_0012342_segmentation.png,256,256,0.115509,2848,4288,3,18.0,244.0,"[0, 255]",False,False,False,False
ISIC_0005639,train,F:\PythonProjects\cv_study_project\data\ISIC2018_Task1-2_Training_Input\ISIC2018_Task1-2_Training_Input\ISIC_0005639.jpg,F:\PythonProjects\cv_study_project\data\ISIC2018_Task1_Training_GroundTruth\ISIC2018_Task1_Training_GroundTruth\ISIC_0005639_segmentation.png,256,256,0.186844,2016,3024,3,1.0,255.0,"[0, 255]",False,False,False,False
ISIC_0000351,train,F:\PythonProjects\cv_study_project\data\ISIC2018_Task1-2_Training_Input\ISIC2018_Task1-2_Training_Input\ISIC_0000351.jpg,F:\PythonProjects\cv_study_project\data\ISIC2018_Task1_Training_GroundTruth\ISIC2018_Task1_Training_GroundTruth\ISIC_0000351_segmentation.png,256,256,0.128479,576,767,3,0.0,255.0,"[0, 255]",False,False,False,False
ISIC_0009961,train,F:\PythonProjects\cv_study_project\data\ISIC2018_Task1-2_Training_Input\ISIC2018_Task1-2_Training_Input\ISIC_0009961.jpg,F:\PythonProjects\cv_study_project\data\ISIC2018_Task1_Training_GroundTruth\ISIC2018_Task1_Training_GroundTruth\ISIC_0009961_segmentation.png,256,256,0.381485,768,1024,3,13.0,248.0,"[0, 255]",False,False,False,False
ISIC_0000506,train,F:\PythonProjects\cv_study_project\data\ISIC2018_Task1-2_Training_Input\ISIC2018_Task1-2_Training_Input\ISIC_0000506.jpg,F:\PythonProjects\cv_study_project\data\ISIC2018_Task1_Training_GroundTruth\ISIC2018_Task1_Training_GroundTruth\ISIC_0000506_segmentation.png,256,256,0.102371,802,919,3,32.0,244.0,"[0, 255]",False,False,False,False
ISIC_0012493,train,F:\PythonProjects\cv_study_project\data\ISIC2018_Task1-2_Training_Input\ISIC2018_Task1-2_Training_Input\ISIC_0012493.jpg,F:\PythonProjects\cv_study_project\data\ISIC2018_Task1_Training_GroundTruth\ISIC2018_Task1_Training_GroundTruth\ISIC_0012493_segmentation.png,256,256,0.072647,2848,4288,3,10.0,185.0,"[0, 255]",False,False,False,False
ISIC_0011220,train,F:\PythonProjects\cv_study_project\data\ISIC2018_Task1-2_Training_Input\ISIC2018_Task1-2_Training_Input\ISIC_0011220.jpg,F:\PythonProjects\cv_study_project\data\ISIC2018_Task1_Training_GroundTruth\ISIC2018_Task1_Training_GroundTruth\ISIC_0011220_segmentation.png,256,256,0.037567,768,1024,3,40.0,255.0,"[0, 255]",False,False,False,False
ISIC_0009927,train,F:\PythonProjects\cv_study_project\data\ISIC2018_Task1-2_Training_Input\ISIC2018_Task1-2_Training_Input\ISIC_0009927.jpg,F:\PythonProjects\cv_study_project\data\ISIC2018_Task1_Training_GroundTruth\ISIC2018_Task1_Training_GroundTruth\ISIC_0009927_segmentation.png,256,256,0.153564,768,1024,3,0.0,232.0,"[0, 255]",False,False,False,False
ISIC_0000367,train,F:\PythonProjects\cv_study_project\data\ISIC2018_Task1-2_Training_Input\ISIC2018_Task1-2_Training_Input\ISIC_0000367.jpg,F:\PythonProjects\cv_study_project\data\ISIC2018_Task1_Training_GroundTruth\ISIC2018_Task1_Training_GroundTruth\ISIC_0000367_segmentation.png,256,256,0.362106,576,767,3,0.0,255.0,"[0, 255]",False,False,False,False
ISIC_0002374,train,F:\PythonProjects\cv_study_project\data\ISIC2018_Task1-2_Training_Input\ISIC2018_Task1-2_Training_Input\ISIC_0002374.jpg,F:\PythonProjects\cv_study_project\data\ISIC2018_Task1_Training_GroundTruth\ISIC2018_Task1_Training_GroundTruth\ISIC_0002374_segmentation.png,256,256,0.051544,2016,3024,3,0.0,255.0,"[0, 255]",False,False,False,False
ISIC_0000357,train,F:\PythonProjects\cv_study_project\data\ISIC2018_Task1-2_Training_Input\ISIC2018_Task1-2_Training_Input\ISIC_0000357.jpg,F:\PythonProjects\cv_study_project\data\ISIC2018_Task1_Training_GroundTruth\ISIC2018_Task1_Training_GroundTruth\ISIC_0000357_segmentation.png,256,256,0.089279,576,767,3,0.0,255.0,"[0, 255]",False,False,False,False
ISIC_0009992,train,F:\PythonProjects\cv_study_project\data\ISIC2018_Task1-2_Training_Input\ISIC2018_Task1-2_Training_Input\ISIC_0009992.jpg,F:\PythonProjects\cv_study_project\data\ISIC2018_Task1_Training_GroundTruth\ISIC2018_Task1_Training_GroundTruth\ISIC_0009992_segmentation.png,256,256,0.515976,768,1024,3,0.0,240.0,"[0, 255]",False,False,False,False
ISIC_0000140,train,F:\PythonProjects\cv_study_project\data\ISIC2018_Task1-2_Training_Input\ISIC2018_Task1-2_Training_Input\ISIC_0000140.jpg,F:\PythonProjects\cv_study_project\data\ISIC2018_Task1_Training_GroundTruth\ISIC2018_Task1_Training_GroundTruth\ISIC_0000140_segmentation.png,256,256,0.347931,2112,2816,3,0.0,252.0,"[0, 255]",False,False,False,False
ISIC_0010257,train,F:\PythonProjects\cv_study_project\data\ISIC2018_Task1-2_Training_Input\ISIC2018_Task1-2_Training_Input\ISIC_0010257.jpg,F:\PythonProjects\cv_study_project\data\ISIC2018_Task1_Training_GroundTruth\ISIC2018_Task1_Training_GroundTruth\ISIC_0010257_segmentation.png,256,256,0.709167,768,1024,3,43.0,232.0,"[0, 255]",False,False,False,False
ISIC_0009921,train,F:\PythonProjects\cv_study_project\data\ISIC2018_Task1-2_Training_Input\ISIC2018_Task1-2_Training_Input\ISIC_0009921.jpg,F:\PythonProjects\cv_study_project\data\ISIC2018_Task1_Training_GroundTruth\ISIC2018_Task1_Training_GroundTruth\ISIC_0009921_segmentation.png,256,256,0.649307,768,1024,3,54.0,255.0,"[0, 255]",False,False,False,False
ISIC_0012417,train,F:\PythonProjects\cv_study_project\data\ISIC2018_Task1-2_Training_Input\ISIC2018_Task1-2_Training_Input\ISIC_0012417.jpg,F:\PythonProjects\cv_study_project\data\ISIC2018_Task1_Training_GroundTruth\ISIC2018_Task1_Training_GroundTruth\ISIC_0012417_segmentation.png,256,256,0.48262,2848,4288,3,46.0,213.0,"[0, 255]",False,False,False,False
ISIC_0012211,train,F:\PythonProjects\cv_study_project\data\ISIC2018_Task1-2_Training_Input\ISIC2018_Task1-2_Training_Input\ISIC_0012211.jpg,F:\PythonProjects\cv_study_project\data\ISIC2018_Task1_Training_GroundTruth\ISIC2018_Task1_Training_GroundTruth\ISIC_0012211_segmentation.png,256,256,0.078644,2000,3008,3,23.0,199.0,"[0, 255]",False,False,False,False
ISIC_0012224,train,F:\PythonProjects\cv_study_project\data\ISIC2018_Task1-2_Training_Input\ISIC2018_Task1-2_Training_Input\ISIC_0012224.jpg,F:\PythonProjects\cv_study_project\data\ISIC2018_Task1_Training_GroundTruth\ISIC2018_Task1_Training_GroundTruth\ISIC_0012224_segmentation.png,256,256,0.082718,2848,4288,3,14.0,210.0,"[0, 255]",False,False,False,False
ISIC_0009923,train,F:\PythonProjects\cv_study_project\data\ISIC2018_Task1-2_Training_Input\ISIC2018_Task1-2_Training_Input\ISIC_0009923.jpg,F:\PythonProjects\cv_study_project\data\ISIC2018_Task1_Training_GroundTruth\ISIC2018_Task1_Training_GroundTruth\ISIC_0009923_segmentation.png,256,256,0.292877,768,1024,3,33.0,234.0,"[0, 255]",False,False,False,False
ISIC_0010558,train,F:\PythonProjects\cv_study_project\data\ISIC2018_Task1-2_Training_Input\ISIC2018_Task1-2_Training_Input\ISIC_0010558.jpg,F:\PythonProjects\cv_study_project\data\ISIC2018_Task1_Training_GroundTruth\ISIC2018_Task1_Training_GroundTruth\ISIC_0010558_segmentation.png,256,256,0.441559,768,1024,3,12.0,219.0,"[0, 255]",False,False,False,False
ISIC_0000538,train,F:\PythonProjects\cv_study_project\data\ISIC2018_Task1-2_Training_Input\ISIC2018_Task1-2_Training_Input\ISIC_0000538.jpg,F:\PythonProjects\cv_study_project\data\ISIC2018_Task1_Training_GroundTruth\ISIC2018_Task1_Training_GroundTruth\ISIC_0000538_segmentation.png,256,256,0.171646,719,824,3,0.0,216.0,"[0, 255]",False,False,False,False
ISIC_0000456,train,F:\PythonProjects\cv_study_project\data\ISIC2018_Task1-2_Training_Input\ISIC2018_Task1-2_Training_Input\ISIC_0000456.jpg,F:\PythonProjects\cv_study_project\data\ISIC2018_Task1_Training_GroundTruth\ISIC2018_Task1_Training_GroundTruth\ISIC_0000456_segmentation.png,256,256,0.26062,2304,3072,3,9.0,177.0,"[0, 255]",False,False,False,False
ISIC_0012090,train,F:\PythonProjects\cv_study_project\data\ISIC2018_Task1-2_Training_Input\ISIC2018_Task1-2_Training_Input\ISIC_0012090.jpg,F:\PythonProjects\cv_study_project\data\ISIC2018_Task1_Training_GroundTruth\ISIC2018_Task1_Training_GroundTruth\ISIC_0012090_segmentation.png,256,256,0.188309,2848,4288,3,3.0,190.0,"[0, 255]",False,False,False,False
ISIC_0009931,train,F:\PythonProjects\cv_study_project\data\ISIC2018_Task1-2_Training_Input\ISIC2018_Task1-2_Training_Input\ISIC_0009931.jpg,F:\PythonProjects\cv_study_project\data\ISIC2018_Task1_Training_GroundTruth\ISIC2018_Task1_Training_GroundTruth\ISIC_0009931_segmentation.png,256,256,0.313324,768,1024,3,1.0,219.0,"[0, 255]",False,False,False,False
ISIC_0010852,train,F:\PythonProjects\cv_study_project\data\ISIC2018_Task1-2_Training_Input\ISIC2018_Task1-2_Training_Input\ISIC_0010852.jpg,F:\PythonProjects\cv_study_project\data\ISIC2018_Task1_Training_GroundTruth\ISIC2018_Task1_Training_GroundTruth\ISIC_0010852_segmentation.png,256,256,0.080246,768,1024,3,0.0,200.0,"[0, 255]",False,False,False,False
ISIC_0010022,train,F:\PythonProjects\cv_study_project\data\ISIC2018_Task1-2_Training_Input\ISIC2018_Task1-2_Training_Input\ISIC_0010022.jpg,F:\PythonProjects\cv_study_project\data\ISIC2018_Task1_Training_GroundTruth\ISIC2018_Task1_Training_GroundTruth\ISIC_0010022_segmentation.png,256,256,0.546326,768,1024,3,14.0,227.0,"[0, 255]",False,False,False,False
ISIC_0009991,train,F:\PythonProjects\cv_study_project\data\ISIC2018_Task1-2_Training_Input\ISIC2018_Task1-2_Training_Input\ISIC_0009991.jpg,F:\PythonProjects\cv_study_project\data\ISIC2018_Task1_Training_GroundTruth\ISIC2018_Task1_Training_GroundTruth\ISIC_0009991_segmentation.png,256,256,0.265976,768,1024,3,11.0,226.0,"[0, 255]",False,False,False,False
ISIC_0009948,train,F:\PythonProjects\cv_study_project\data\ISIC2018_Task1-2_Training_Input\ISIC2018_Task1-2_Training_Input\ISIC_0009948.jpg,F:\PythonProjects\cv_study_project\data\ISIC2018_Task1_Training_GroundTruth\ISIC2018_Task1_Training_GroundTruth\ISIC_0009948_segmentation.png,256,256,0.50177,768,1024,3,1.0,219.0,"[0, 255]",False,False,False,False
ISIC_0003728,train,F:\PythonProjects\cv_study_project\data\ISIC2018_Task1-2_Training_Input\ISIC2018_Task1-2_Training_Input\ISIC_0003728.jpg,F:\PythonProjects\cv_study_project\data\ISIC2018_Task1_Training_GroundTruth\ISIC2018_Task1_Training_GroundTruth\ISIC_0003728_segmentation.png,256,256,0.050735,2016,3024,3,0.0,255.0,"[0, 255]",False,False,False,False
ISIC_0010187,train,F:\PythonProjects\cv_study_project\data\ISIC2018_Task1-2_Training_Input\ISIC2018_Task1-2_Training_Input\ISIC_0010187.jpg,F:\PythonProjects\cv_study_project\data\ISIC2018_Task1_Training_GroundTruth\ISIC2018_Task1_Training_GroundTruth\ISIC_0010187_segmentation.png,256,256,0.378479,768,1024,3,14.0,222.0,"[0, 255]",False,False,False,False
ISIC_0002806,train,F:\PythonProjects\cv_study_project\data\ISIC2018_Task1-2_Training_Input\ISIC2018_Task1-2_Training_Input\ISIC_0002806.jpg,F:\PythonProjects\cv_study_project\data\ISIC2018_Task1_Training_GroundTruth\ISIC2018_Task1_Training_GroundTruth\ISIC_0002806_segmentation.png,256,256,0.128769,2848,4288,3,0.0,243.0,"[0, 255]",False,False,False,False
ISIC_0012268,train,F:\PythonProjects\cv_study_project\data\ISIC2018_Task1-2_Training_Input\ISIC2018_Task1-2_Training_Input\ISIC_0012268.jpg,F:\PythonProjects\cv_study_project\data\ISIC2018_Task1_Training_GroundTruth\ISIC2018_Task1_Training_GroundTruth\ISIC_0012268_segmentation.png,256,256,0.033249,2848,4288,3,16.0,249.0,"[0, 255]",False,False,False,False
ISIC_0011204,train,F:\PythonProjects\cv_study_project\data\ISIC2018_Task1-2_Training_Input\ISIC2018_Task1-2_Training_Input\ISIC_0011204.jpg,F:\PythonProjects\cv_study_project\data\ISIC2018_Task1_Training_GroundTruth\ISIC2018_Task1_Training_GroundTruth\ISIC_0011204_segmentation.png,256,256,0.18074,768,1024,3,0.0,202.0,"[0, 255]",False,False,False,False
ISIC_0012099,train,F:\PythonProjects\cv_study_project\data\ISIC2018_Task1-2_Training_Input\ISIC2018_Task1-2_Training_Input\ISIC_0012099.jpg,F:\PythonProjects\cv_study_project\data\ISIC2018_Task1_Training_GroundTruth\ISIC2018_Task1_Training_GroundTruth\ISIC_0012099_segmentation.png,256,256,0.014709,2000,3008,3,12.0,215.0,"[0, 255]",False,False,False,False
ISIC_0000049,train,F:\PythonProjects\cv_study_project\data\ISIC2018_Task1-2_Training_Input\ISIC2018_Task1-2_Training_Input\ISIC_0000049.jpg,F:\PythonProjects\cv_study_project\data\ISIC2018_Task1_Training_GroundTruth\ISIC2018_Task1_Training_GroundTruth\ISIC_0000049_segmentation.png,256,256,0.656509,1129,1504,3,0.0,225.0,"[0, 255]",False,False,False,False
ISIC_0000298,train,F:\PythonProjects\cv_study_project\data\ISIC2018_Task1-2_Training_Input\ISIC2018_Task1-2_Training_Input\ISIC_0000298.jpg,F:\PythonProjects\cv_study_project\data\ISIC2018_Task1_Training_GroundTruth\ISIC2018_Task1_Training_GroundTruth\ISIC_0000298_segmentation.png,256,256,0.113815,576,767,3,0.0,255.0,"[0, 255]",False,False,False,False
ISIC_0000215,train,F:\PythonProjects\cv_study_project\data\ISIC2018_Task1-2_Training_Input\ISIC2018_Task1-2_Training_Input\ISIC_0000215.jpg,F:\PythonProjects\cv_study_project\data\ISIC2018_Task1_Training_GroundTruth\ISIC2018_Task1_Training_GroundTruth\ISIC_0000215_segmentation.png,256,256,0.734009,674,962,3,0.0,255.0,"[0, 255]",False,False,False,False
ISIC_0007322,train,F:\PythonProjects\cv_study_project\data\ISIC2018_Task1-2_Training_Input\ISIC2018_Task1-2_Training_Input\ISIC_0007322.jpg,F:\PythonProjects\cv_study_project\data\ISIC2018_Task1_Training_GroundTruth\ISIC2018_Task1_Training_GroundTruth\ISIC_0007322_segmentation.png,256,256,0.06514,2848,4288,3,0.0,255.0,"[0, 255]",False,False,False,False
ISIC_0010442,train,F:\PythonProjects\cv_study_project\data\ISIC2018_Task1-2_Training_Input\ISIC2018_Task1-2_Training_Input\ISIC_0010442.jpg,F:\PythonProjects\cv_study_project\data\ISIC2018_Task1_Training_GroundTruth\ISIC2018_Task1_Training_GroundTruth\ISIC_0010442_segmentation.png,256,256,0.309036,768,1024,3,59.0,236.0,"[0, 255]",False,False,False,False
ISIC_0000486,train,F:\PythonProjects\cv_study_project\data\ISIC2018_Task1-2_Training_Input\ISIC2018_Task1-2_Training_Input\ISIC_0000486.jpg,F:\PythonProjects\cv_study_project\data\ISIC2018_Task1_Training_GroundTruth\ISIC2018_Task1_Training_GroundTruth\ISIC_0000486_segmentation.png,256,256,0.183456,802,919,3,3.0,189.0,"[0, 255]",False,False,False,False
ISIC_0011081,train,F:\PythonProjects\cv_study_project\data\ISIC2018_Task1-2_Training_Input\ISIC2018_Task1-2_Training_Input\ISIC_0011081.jpg,F:\PythonProjects\cv_study_project\data\ISIC2018_Task1_Training_GroundTruth\ISIC2018_Task1_Training_GroundTruth\ISIC_0011081_segmentation.png,256,256,0.335373,768,1024,3,29.0,214.0,"[0, 255]",False,False,False,False
ISIC_0002459,train,F:\PythonProjects\cv_study_project\data\ISIC2018_Task1-2_Training_Input\ISIC2018_Task1-2_Training_Input\ISIC_0002459.jpg,F:\PythonProjects\cv_study_project\data\ISIC2018_Task1_Training_GroundTruth\ISIC2018_Task1_Training_GroundTruth\ISIC_0002459_segmentation.png,256,256,0.087769,2016,3024,3,0.0,255.0,"[0, 255]",False,False,False,False
ISIC_0008785,train,F:\PythonProjects\cv_study_project\data\ISIC2018_Task1-2_Training_Input\ISIC2018_Task1-2_Training_Input\ISIC_0008785.jpg,F:\PythonProjects\cv_study_project\data\ISIC2018_Task1_Training_GroundTruth\ISIC2018_Task1_Training_GroundTruth\ISIC_0008785_segmentation.png,256,256,0.095535,2016,3024,3,11.0,255.0,"[0, 255]",False,False,False,False
ISIC_0000543,train,F:\PythonProjects\cv_study_project\data\ISIC2018_Task1-2_Training_Input\ISIC2018_Task1-2_Training_Input\ISIC_0000543.jpg,F:\PythonProjects\cv_study_project\data\ISIC2018_Task1_Training_GroundTruth\ISIC2018_Task1_Training_GroundTruth\ISIC_0000543_segmentation.png,256,256,0.287735,680,853,3,10.0,204.0,"[0, 255]",False,False,False,False
ISIC_0000376,train,F:\PythonProjects\cv_study_project\data\ISIC2018_Task1-2_Training_Input\ISIC2018_Task1-2_Training_Input\ISIC_0000376.jpg,F:\PythonProjects\cv_study_project\data\ISIC2018_Task1_Training_GroundTruth\ISIC2018_Task1_Training_GroundTruth\ISIC_0000376_segmentation.png,256,256,0.232162,2082,2725,3,19.0,209.0,"[0, 255]",False,False,False,False
ISIC_0010094,train,F:\PythonProjects\cv_study_project\data\ISIC2018_Task1-2_Training_Input\ISIC2018_Task1-2_Training_Input\ISIC_0010094.jpg,F:\PythonProjects\cv_study_project\data\ISIC2018_Task1_Training_GroundTruth\ISIC2018_Task1_Training_GroundTruth\ISIC_0010094_segmentation.png,256,256,0.202484,768,1024,3,18.0,233.0,"[0, 255]",False,False,False,False
ISIC_0011101,train,F:\PythonProjects\cv_study_project\data\ISIC2018_Task1-2_Training_Input\ISIC2018_Task1-2_Training_Input\ISIC_0011101.jpg,F:\PythonProjects\cv_study_project\data\ISIC2018_Task1_Training_GroundTruth\ISIC2018_Task1_Training_GroundTruth\ISIC_0011101_segmentation.png,256,256,0.223572,768,1024,3,23.0,255.0,"[0, 255]",False,False,False,False
ISIC_0000421,train,F:\PythonProjects\cv_study_project\data\ISIC2018_Task1-2_Training_Input\ISIC2018_Task1-2_Training_Input\ISIC_0000421.jpg,F:\PythonProjects\cv_study_project\data\ISIC2018_Task1_Training_GroundTruth\ISIC2018_Task1_Training_GroundTruth\ISIC_0000421_segmentation.png,256,256,0.177475,2304,3072,3,10.0,189.0,"[0, 255]",False,False,False,False
ISIC_0000541,train,F:\PythonProjects\cv_study_project\data\ISIC2018_Task1-2_Training_Input\ISIC2018_Task1-2_Training_Input\ISIC_0000541.jpg,F:\PythonProjects\cv_study_project\data\ISIC2018_Task1_Training_GroundTruth\ISIC2018_Task1_Training_GroundTruth\ISIC_0000541_segmentation.png,256,256,0.315674,719,824,3,0.0,255.0,"[0, 255]",False,False,False,False
ISIC_0008403,train,F:\PythonProjects\cv_study_project\data\ISIC2018_Task1-2_Training_Input\ISIC2018_Task1-2_Training_Input\ISIC_0008403.jpg,F:\PythonProjects\cv_study_project\data\ISIC2018_Task1_Training_GroundTruth\ISIC2018_Task1_Training_GroundTruth\ISIC_0008403_segmentation.png,256,256,0.093796,2016,3024,3,0.0,255.0,"[0, 255]",False,False,False,False
ISIC_0000123,train,F:\PythonProjects\cv_study_project\data\ISIC2018_Task1-2_Training_Input\ISIC2018_Task1-2_Training_Input\ISIC_0000123.jpg,F:\PythonProjects\cv_study_project\data\ISIC2018_Task1_Training_GroundTruth\ISIC2018_Task1_Training_GroundTruth\ISIC_0000123_segmentation.png,256,256,0.187012,1536,2048,3,3.0,255.0,"[0, 255]",False,False,False,False
ISIC_0010593,train,F:\PythonProjects\cv_study_project\data\ISIC2018_Task1-2_Training_Input\ISIC2018_Task1-2_Training_Input\ISIC_0010593.jpg,F:\PythonProjects\cv_study_project\data\ISIC2018_Task1_Training_GroundTruth\ISIC2018_Task1_Training_GroundTruth\ISIC_0010593_segmentation.png,256,256,0.082535,768,1024,3,19.0,232.0,"[0, 255]",False,False,False,False
ISIC_0011173,train,F:\PythonProjects\cv_study_project\data\ISIC2018_Task1-2_Training_Input\ISIC2018_Task1-2_Training_Input\ISIC_0011173.jpg,F:\PythonProjects\cv_study_project\data\ISIC2018_Task1_Training_GroundTruth\ISIC2018_Task1_Training_GroundTruth\ISIC_0011173_segmentation.png,256,256,0.034897,768,1024,3,31.0,227.0,"[0, 255]",False,False,False,False
ISIC_0007528,train,F:\PythonProjects\cv_study_project\data\ISIC2018_Task1-2_Training_Input\ISIC2018_Task1-2_Training_Input\ISIC_0007528.jpg,F:\PythonProjects\cv_study_project\data\ISIC2018_Task1_Training_GroundTruth\ISIC2018_Task1_Training_GroundTruth\ISIC_0007528_segmentation.png,256,256,0.027267,2016,3024,3,0.0,255.0,"[0, 255]",False,False,False,False
ISIC_0000203,train,F:\PythonProjects\cv_study_project\data\ISIC2018_Task1-2_Training_Input\ISIC2018_Task1-2_Training_Input\ISIC_0000203.jpg,F:\PythonProjects\cv_study_project\data\ISIC2018_Task1_Training_GroundTruth\ISIC2018_Task1_Training_GroundTruth\ISIC_0000203_segmentation.png,256,256,0.932068,1051,1502,3,0.0,255.0,"[0, 255]",False,False,True,True
ISIC_0011124,train,F:\PythonProjects\cv_study_project\data\ISIC2018_Task1-2_Training_Input\ISIC2018_Task1-2_Training_Input\ISIC_0011124.jpg,F:\PythonProjects\cv_study_project\data\ISIC2018_Task1_Training_GroundTruth\ISIC2018_Task1_Training_GroundTruth\ISIC_0011124_segmentation.png,256,256,0.270798,768,1024,3,33.0,238.0,"[0, 255]",False,False,False,False
ISIC_0010348,train,F:\PythonProjects\cv_study_project\data\ISIC2018_Task1-2_Training_Input\ISIC2018_Task1-2_Training_Input\ISIC_0010348.jpg,F:\PythonProjects\cv_study_project\data\ISIC2018_Task1_Training_GroundTruth\ISIC2018_Task1_Training_GroundTruth\ISIC_0010348_segmentation.png,256,256,0.27742,768,1024,3,19.0,209.0,"[0, 255]",False,False,False,False
ISIC_0012253,train,F:\PythonProjects\cv_study_project\data\ISIC2018_Task1-2_Training_Input\ISIC2018_Task1-2_Training_Input\ISIC_0012253.jpg,F:\PythonProjects\cv_study_project\data\ISIC2018_Task1_Training_GroundTruth\ISIC2018_Task1_Training_GroundTruth\ISIC_0012253_segmentation.png,256,256,0.104813,2848,4288,3,59.0,226.0,"[0, 255]",False,False,False,False
ISIC_0000031,train,F:\PythonProjects\cv_study_project\data\ISIC2018_Task1-2_Training_Input\ISIC2018_Task1-2_Training_Input\ISIC_0000031.jpg,F:\PythonProjects\cv_study_project\data\ISIC2018_Task1_Training_GroundTruth\ISIC2018_Task1_Training_GroundTruth\ISIC_0000031_segmentation.png,256,256,0.325974,1129,1504,3,0.0,232.0,"[0, 255]",False,False,False,False
ISIC_0000396,train,F:\PythonProjects\cv_study_project\data\ISIC2018_Task1-2_Training_Input\ISIC2018_Task1-2_Training_Input\ISIC_0000396.jpg,F:\PythonProjects\cv_study_project\data\ISIC2018_Task1_Training_GroundTruth\ISIC2018_Task1_Training_GroundTruth\ISIC_0000396_segmentation.png,256,256,0.326874,2000,2565,3,0.0,175.0,"[0, 255]",False,False,False,False
ISIC_0003582,train,F:\PythonProjects\cv_study_project\data\ISIC2018_Task1-2_Training_Input\ISIC2018_Task1-2_Training_Input\ISIC_0003582.jpg,F:\PythonProjects\cv_study_project\data\ISIC2018_Task1_Training_GroundTruth\ISIC2018_Task1_Training_GroundTruth\ISIC_0003582_segmentation.png,256,256,0.176361,2016,3024,3,0.0,255.0,"[0, 255]",False,False,False,False
ISIC_0010249,train,F:\PythonProjects\cv_study_project\data\ISIC2018_Task1-2_Training_Input\ISIC2018_Task1-2_Training_Input\ISIC_0010249.jpg,F:\PythonProjects\cv_study_project\data\ISIC2018_Task1_Training_GroundTruth\ISIC2018_Task1_Training_GroundTruth\ISIC_0010249_segmentation.png,256,256,0.605743,768,1024,3,10.0,236.0,"[0, 255]",False,False,False,False
ISIC_0009940,train,F:\PythonProjects\cv_study_project\data\ISIC2018_Task1-2_Training_Input\ISIC2018_Task1-2_Training_Input\ISIC_0009940.jpg,F:\PythonProjects\cv_study_project\data\ISIC2018_Task1_Training_GroundTruth\ISIC2018_Task1_Training_GroundTruth\ISIC_0009940_segmentation.png,256,256,0.527863,768,1024,3,30.0,236.0,"[0, 255]",False,False,False,False
ISIC_0000503,train,F:\PythonProjects\cv_study_project\data\ISIC2018_Task1-2_Training_Input\ISIC2018_Task1-2_Training_Input\ISIC_0000503.jpg,F:\PythonProjects\cv_study_project\data\ISIC2018_Task1_Training_GroundTruth\ISIC2018_Task1_Training_GroundTruth\ISIC_0000503_segmentation.png,256,256,0.237167,802,919,3,5.0,245.0,"[0, 255]",False,False,False,False
ISIC_0002439,train,F:\PythonProjects\cv_study_project\data\ISIC2018_Task1-2_Training_Input\ISIC2018_Task1-2_Training_Input\ISIC_0002439.jpg,F:\PythonProjects\cv_study_project\data\ISIC2018_Task1_Training_GroundTruth\ISIC2018_Task1_Training_GroundTruth\ISIC_0002439_segmentation.png,256,256,0.089462,2016,3024,3,8.0,249.0,"[0, 255]",False,False,False,False
ISIC_0009883,train,F:\PythonProjects\cv_study_project\data\ISIC2018_Task1-2_Training_Input\ISIC2018_Task1-2_Training_Input\ISIC_0009883.jpg,F:\PythonProjects\cv_study_project\data\ISIC2018_Task1_Training_GroundTruth\ISIC2018_Task1_Training_GroundTruth\ISIC_0009883_segmentation.png,256,256,0.175858,768,1024,3,15.0,233.0,"[0, 255]",False,False,False,False
ISIC_0000433,train,F:\PythonProjects\cv_study_project\data\ISIC2018_Task1-2_Training_Input\ISIC2018_Task1-2_Training_Input\ISIC_0000433.jpg,F:\PythonProjects\cv_study_project\data\ISIC2018_Task1_Training_GroundTruth\ISIC2018_Task1_Training_GroundTruth\ISIC_0000433_segmentation.png,256,256,0.574646,2304,3072,3,8.0,229.0,"[0, 255]",False,False,False,False
ISIC_0010565,train,F:\PythonProjects\cv_study_project\data\ISIC2018_Task1-2_Training_Input\ISIC2018_Task1-2_Training_Input\ISIC_0010565.jpg,F:\PythonProjects\cv_study_project\data\ISIC2018_Task1_Training_GroundTruth\ISIC2018_Task1_Training_GroundTruth\ISIC_0010565_segmentation.png,256,256,0.236191,768,1024,3,58.0,238.0,"[0, 255]",False,False,False,False
ISIC_0010070,train,F:\PythonProjects\cv_study_project\data\ISIC2018_Task1-2_Training_Input\ISIC2018_Task1-2_Training_Input\ISIC_0010070.jpg,F:\PythonProjects\cv_study_project\data\ISIC2018_Task1_Training_GroundTruth\ISIC2018_Task1_Training_GroundTruth\ISIC_0010070_segmentation.png,256,256,0.29335,768,1024,3,27.0,255.0,"[0, 255]",False,False,False,False
ISIC_0000077,train,F:\PythonProjects\cv_study_project\data\ISIC2018_Task1-2_Training_Input\ISIC2018_Task1-2_Training_Input\ISIC_0000077.jpg,F:\PythonProjects\cv_study_project\data\ISIC2018_Task1_Training_GroundTruth\ISIC2018_Task1_Training_GroundTruth\ISIC_0000077_segmentation.png,256,256,0.414871,1129,1504,3,0.0,216.0,"[0, 255]",False,False,False,False
ISIC_0010864,train,F:\PythonProjects\cv_study_project\data\ISIC2018_Task1-2_Training_Input\ISIC2018_Task1-2_Training_Input\ISIC_0010864.jpg,F:\PythonProjects\cv_study_project\data\ISIC2018_Task1_Training_GroundTruth\ISIC2018_Task1_Training_GroundTruth\ISIC_0010864_segmentation.png,256,256,0.164185,768,1024,3,20.0,255.0,"[0, 255]",False,False,False,False
ISIC_0012406,train,F:\PythonProjects\cv_study_project\data\ISIC2018_Task1-2_Training_Input\ISIC2018_Task1-2_Training_Input\ISIC_0012406.jpg,F:\PythonProjects\cv_study_project\data\ISIC2018_Task1_Training_GroundTruth\ISIC2018_Task1_Training_GroundTruth\ISIC_0012406_segmentation.png,256,256,0.00827,2848,4288,3,20.0,173.0,"[0, 255]",False,False,False,False
ISIC_0000392,train,F:\PythonProjects\cv_study_project\data\ISIC2018_Task1-2_Training_Input\ISIC2018_Task1-2_Training_Input\ISIC_0000392.jpg,F:\PythonProjects\cv_study_project\data\ISIC2018_Task1_Training_GroundTruth\ISIC2018_Task1_Training_GroundTruth\ISIC_0000392_segmentation.png,256,256,0.278137,2304,3072,3,32.0,167.0,"[0, 255]",False,False,False,False
ISIC_0000501,train,F:\PythonProjects\cv_study_project\data\ISIC2018_Task1-2_Training_Input\ISIC2018_Task1-2_Training_Input\ISIC_0000501.jpg,F:\PythonProjects\cv_study_project\data\ISIC2018_Task1_Training_GroundTruth\ISIC2018_Task1_Training_GroundTruth\ISIC_0000501_segmentation.png,256,256,0.177292,802,919,3,15.0,221.0,"[0, 255]",False,False,False,False
ISIC_0000218,train,F:\PythonProjects\cv_study_project\data\ISIC2018_Task1-2_Training_Input\ISIC2018_Task1-2_Training_Input\ISIC_0000218.jpg,F:\PythonProjects\cv_study_project\data\ISIC2018_Task1_Training_GroundTruth\ISIC2018_Task1_Training_GroundTruth\ISIC_0000218_segmentation.png,256,256,0.234283,1016,1502,3,0.0,255.0,"[0, 255]",False,False,False,False
ISIC_0009917,train,F:\PythonProjects\cv_study_project\data\ISIC2018_Task1-2_Training_Input\ISIC2018_Task1-2_Training_Input\ISIC_0009917.jpg,F:\PythonProjects\cv_study_project\data\ISIC2018_Task1_Training_GroundTruth\ISIC2018_Task1_Training_GroundTruth\ISIC_0009917_segmentation.png,256,256,0.108887,768,1024,3,0.0,206.0,"[0, 255]",False,False,False,False
ISIC_0000027,train,F:\PythonProjects\cv_study_project\data\ISIC2018_Task1-2_Training_Input\ISIC2018_Task1-2_Training_Input\ISIC_0000027.jpg,F:\PythonProjects\cv_study_project\data\ISIC2018_Task1_Training_GroundTruth\ISIC2018_Task1_Training_GroundTruth\ISIC_0000027_segmentation.png,256,256,0.190262,1129,1504,3,0.0,211.0,"[0, 255]",False,False,False,False
ISIC_0012316,train,F:\PythonProjects\cv_study_project\data\ISIC2018_Task1-2_Training_Input\ISIC2018_Task1-2_Training_Input\ISIC_0012316.jpg,F:\PythonProjects\cv_study_project\data\ISIC2018_Task1_Training_GroundTruth\ISIC2018_Task1_Training_GroundTruth\ISIC_0012316_segmentation.png,256,256,0.018158,2000,3008,3,12.0,208.0,"[0, 255]",False,False,False,False
ISIC_0000259,train,F:\PythonProjects\cv_study_project\data\ISIC2018_Task1-2_Training_Input\ISIC2018_Task1-2_Training_Input\ISIC_0000259.jpg,F:\PythonProjects\cv_study_project\data\ISIC2018_Task1_Training_GroundTruth\ISIC2018_Task1_Training_GroundTruth\ISIC_0000259_segmentation.png,256,256,0.893509,768,1024,3,15.0,223.0,"[0, 255]",False,False,True,True
ISIC_0010340,train,F:\PythonProjects\cv_study_project\data\ISIC2018_Task1-2_Training_Input\ISIC2018_Task1-2_Training_Input\ISIC_0010340.jpg,F:\PythonProjects\cv_study_project\data\ISIC2018_Task1_Training_GroundTruth\ISIC2018_Task1_Training_GroundTruth\ISIC_0010340_segmentation.png,256,256,0.298996,768,1024,3,14.0,217.0,"[0, 255]",False,False,False,False
ISIC_0010174,train,F:\PythonProjects\cv_study_project\data\ISIC2018_Task1-2_Training_Input\ISIC2018_Task1-2_Training_Input\ISIC_0010174.jpg,F:\PythonProjects\cv_study_project\data\ISIC2018_Task1_Training_GroundTruth\ISIC2018_Task1_Training_GroundTruth\ISIC_0010174_segmentation.png,256,256,0.273666,768,1024,3,13.0,205.0,"[0, 255]",False,False,False,False
ISIC_0010216,train,F:\PythonProjects\cv_study_project\data\ISIC2018_Task1-2_Training_Input\ISIC2018_Task1-2_Training_Input\ISIC_0010216.jpg,F:\PythonProjects\cv_study_project\data\ISIC2018_Task1_Training_GroundTruth\ISIC2018_Task1_Training_GroundTruth\ISIC_0010216_segmentation.png,256,256,0.115997,768,1024,3,0.0,219.0,"[0, 255]",False,False,False,False
ISIC_0000363,train,F:\PythonProjects\cv_study_project\data\ISIC2018_Task1-2_Training_Input\ISIC2018_Task1-2_Training_Input\ISIC_0000363.jpg,F:\PythonProjects\cv_study_project\data\ISIC2018_Task1_Training_GroundTruth\ISIC2018_Task1_Training_GroundTruth\ISIC_0000363_segmentation.png,256,256,0.22757,576,767,3,0.0,255.0,"[0, 255]",False,False,False,False
ISIC_0000431,train,F:\PythonProjects\cv_study_project\data\ISIC2018_Task1-2_Training_Input\ISIC2018_Task1-2_Training_Input\ISIC_0000431.jpg,F:\PythonProjects\cv_study_project\data\ISIC2018_Task1_Training_GroundTruth\ISIC2018_Task1_Training_GroundTruth\ISIC_0000431_segmentation.png,256,256,0.111282,2304,3072,3,15.0,176.0,"[0, 255]",False,False,False,False
ISIC_0012178,train,F:\PythonProjects\cv_study_project\data\ISIC2018_Task1-2_Training_Input\ISIC2018_Task1-2_Training_Input\ISIC_0012178.jpg,F:\PythonProjects\cv_study_project\data\ISIC2018_Task1_Training_GroundTruth\ISIC2018_Task1_Training_GroundTruth\ISIC_0012178_segmentation.png,256,256,0.073822,2000,3008,3,13.0,255.0,"[0, 255]",False,False,False,False
ISIC_0012662,train,F:\PythonProjects\cv_study_project\data\ISIC2018_Task1-2_Training_Input\ISIC2018_Task1-2_Training_Input\ISIC_0012662.jpg,F:\PythonProjects\cv_study_project\data\ISIC2018_Task1_Training_GroundTruth\ISIC2018_Task1_Training_GroundTruth\ISIC_0012662_segmentation.png,256,256,0.008759,2000,3008,3,0.0,255.0,"[0, 255]",False,False,False,False
ISIC_0010207,train,F:\PythonProjects\cv_study_project\data\ISIC2018_Task1-2_Training_Input\ISIC2018_Task1-2_Training_Input\ISIC_0010207.jpg,F:\PythonProjects\cv_study_project\data\ISIC2018_Task1_Training_GroundTruth\ISIC2018_Task1_Training_GroundTruth\ISIC_0010207_segmentation.png,256,256,0.053589,768,1024,3,0.0,246.0,"[0, 255]",False,False,False,False
ISIC_0011203,train,F:\PythonProjects\cv_study_project\data\ISIC2018_Task1-2_Training_Input\ISIC2018_Task1-2_Training_Input\ISIC_0011203.jpg,F:\PythonProjects\cv_study_project\data\ISIC2018_Task1_Training_GroundTruth\ISIC2018_Task1_Training_GroundTruth\ISIC_0011203_segmentation.png,256,256,0.379593,768,1024,3,4.0,255.0,"[0, 255]",False,False,False,False
ISIC_0000252,train,F:\PythonProjects\cv_study_project\data\ISIC2018_Task1-2_Training_Input\ISIC2018_Task1-2_Training_Input\ISIC_0000252.jpg,F:\PythonProjects\cv_study_project\data\ISIC2018_Task1_Training_GroundTruth\ISIC2018_Task1_Training_GroundTruth\ISIC_0000252_segmentation.png,256,256,0.209427,768,576,3,0.0,223.0,"[0, 255]",False,False,False,False
ISIC_0011295,train,F:\PythonProjects\cv_study_project\data\ISIC2018_Task1-2_Training_Input\ISIC2018_Task1-2_Training_Input\ISIC_0011295.jpg,F:\PythonProjects\cv_study_project\data\ISIC2018_Task1_Training_GroundTruth\ISIC2018_Task1_Training_GroundTruth\ISIC_0011295_segmentation.png,256,256,0.463623,768,1024,3,0.0,255.0,"[0, 255]",False,False,False,False
ISIC_0010322,train,F:\PythonProjects\cv_study_project\data\ISIC2018_Task1-2_Training_Input\ISIC2018_Task1-2_Training_Input\ISIC_0010322.jpg,F:\PythonProjects\cv_study_project\data\ISIC2018_Task1_Training_GroundTruth\ISIC2018_Task1_Training_GroundTruth\ISIC_0010322_segmentation.png,256,256,0.868698,768,1024,3,0.0,222.0,"[0, 255]",False,False,True,True
ISIC_0012665,train,F:\PythonProjects\cv_study_project\data\ISIC2018_Task1-2_Training_Input\ISIC2018_Task1-2_Training_Input\ISIC_0012665.jpg,F:\PythonProjects\cv_study_project\data\ISIC2018_Task1_Training_GroundTruth\ISIC2018_Task1_Training_GroundTruth\ISIC_0012665_segmentation.png,256,256,0.010437,2000,3008,3,31.0,222.0,"[0, 255]",False,False,False,False
ISIC_0010341,train,F:\PythonProjects\cv_study_project\data\ISIC2018_Task1-2_Training_Input\ISIC2018_Task1-2_Training_Input\ISIC_0010341.jpg,F:\PythonProjects\cv_study_project\data\ISIC2018_Task1_Training_GroundTruth\ISIC2018_Task1_Training_GroundTruth\ISIC_0010341_segmentation.png,256,256,0.098846,768,1024,3,3.0,255.0,"[0, 255]",False,False,False,False
ISIC_0000483,train,F:\PythonProjects\cv_study_project\data\ISIC2018_Task1-2_Training_Input\ISIC2018_Task1-2_Training_Input\ISIC_0000483.jpg,F:\PythonProjects\cv_study_project\data\ISIC2018_Task1_Training_GroundTruth\ISIC2018_Task1_Training_GroundTruth\ISIC_0000483_segmentation.png,256,256,0.314896,802,919,3,13.0,190.0,"[0, 255]",False,False,False,False
ISIC_0012092,train,F:\PythonProjects\cv_study_project\data\ISIC2018_Task1-2_Training_Input\ISIC2018_Task1-2_Training_Input\ISIC_0012092.jpg,F:\PythonProjects\cv_study_project\data\ISIC2018_Task1_Training_GroundTruth\ISIC2018_Task1_Training_GroundTruth\ISIC_0012092_segmentation.png,256,256,0.106155,2848,4288,3,6.0,185.0,"[0, 255]",False,False,False,False
ISIC_0009967,train,F:\PythonProjects\cv_study_project\data\ISIC2018_Task1-2_Training_Input\ISIC2018_Task1-2_Training_Input\ISIC_0009967.jpg,F:\PythonProjects\cv_study_project\data\ISIC2018_Task1_Training_GroundTruth\ISIC2018_Task1_Training_GroundTruth\ISIC_0009967_segmentation.png,256,256,0.179245,768,1024,3,0.0,228.0,"[0, 255]",False,False,False,False
ISIC_0010100,train,F:\PythonProjects\cv_study_project\data\ISIC2018_Task1-2_Training_Input\ISIC2018_Task1-2_Training_Input\ISIC_0010100.jpg,F:\PythonProjects\cv_study_project\data\ISIC2018_Task1_Training_GroundTruth\ISIC2018_Task1_Training_GroundTruth\ISIC_0010100_segmentation.png,256,256,0.318039,768,1024,3,62.0,255.0,"[0, 255]",False,False,False,False
ISIC_0012539,train,F:\PythonProjects\cv_study_project\data\ISIC2018_Task1-2_Training_Input\ISIC2018_Task1-2_Training_Input\ISIC_0012539.jpg,F:\PythonProjects\cv_study_project\data\ISIC2018_Task1_Training_GroundTruth\ISIC2018_Task1_Training_GroundTruth\ISIC_0012539_segmentation.png,256,256,0.019623,2848,4288,3,6.0,164.0,"[0, 255]",False,False,False,False
ISIC_0000317,train,F:\PythonProjects\cv_study_project\data\ISIC2018_Task1-2_Training_Input\ISIC2018_Task1-2_Training_Input\ISIC_0000317.jpg,F:\PythonProjects\cv_study_project\data\ISIC2018_Task1_Training_GroundTruth\ISIC2018_Task1_Training_GroundTruth\ISIC_0000317_segmentation.png,256,256,0.035034,576,767,3,0.0,255.0,"[0, 255]",False,False,False,False
ISIC_0000290,train,F:\PythonProjects\cv_study_project\data\ISIC2018_Task1-2_Training_Input\ISIC2018_Task1-2_Training_Input\ISIC_0000290.jpg,F:\PythonProjects\cv_study_project\data\ISIC2018_Task1_Training_GroundTruth\ISIC2018_Task1_Training_GroundTruth\ISIC_0000290_segmentation.png,256,256,0.313354,768,1024,3,0.0,228.0,"[0, 255]",False,False,False,False
ISIC_0010860,train,F:\PythonProjects\cv_study_project\data\ISIC2018_Task1-2_Training_Input\ISIC2018_Task1-2_Training_Input\ISIC_0010860.jpg,F:\PythonProjects\cv_study_project\data\ISIC2018_Task1_Training_GroundTruth\ISIC2018_Task1_Training_GroundTruth\ISIC_0010860_segmentation.png,256,256,0.262894,768,1024,3,0.0,221.0,"[0, 255]",False,False,False,False
ISIC_0010015,train,F:\PythonProjects\cv_study_project\data\ISIC2018_Task1-2_Training_Input\ISIC2018_Task1-2_Training_Input\ISIC_0010015.jpg,F:\PythonProjects\cv_study_project\data\ISIC2018_Task1_Training_GroundTruth\ISIC2018_Task1_Training_GroundTruth\ISIC_0010015_segmentation.png,256,256,0.285263,768,1024,3,0.0,202.0,"[0, 255]",False,False,False,False
ISIC_0010330,train,F:\PythonProjects\cv_study_project\data\ISIC2018_Task1-2_Training_Input\ISIC2018_Task1-2_Training_Input\ISIC_0010330.jpg,F:\PythonProjects\cv_study_project\data\ISIC2018_Task1_Training_GroundTruth\ISIC2018_Task1_Training_GroundTruth\ISIC_0010330_segmentation.png,256,256,0.349686,768,1024,3,31.0,219.0,"[0, 255]",False,False,False,False
ISIC_0009930,train,F:\PythonProjects\cv_study_project\data\ISIC2018_Task1-2_Training_Input\ISIC2018_Task1-2_Training_Input\ISIC_0009930.jpg,F:\PythonProjects\cv_study_project\data\ISIC2018_Task1_Training_GroundTruth\ISIC2018_Task1_Training_GroundTruth\ISIC_0009930_segmentation.png,256,256,0.024521,768,1024,3,6.0,227.0,"[0, 255]",False,False,False,False
ISIC_0011349,train,F:\PythonProjects\cv_study_project\data\ISIC2018_Task1-2_Training_Input\ISIC2018_Task1-2_Training_Input\ISIC_0011349.jpg,F:\PythonProjects\cv_study_project\data\ISIC2018_Task1_Training_GroundTruth\ISIC2018_Task1_Training_GroundTruth\ISIC_0011349_segmentation.png,256,256,0.638672,768,1024,3,7.0,248.0,"[0, 255]",False,False,False,False
ISIC_0000517,val,F:\PythonProjects\cv_study_project\data\ISIC2018_Task1-2_Training_Input\ISIC2018_Task1-2_Training_Input\ISIC_0000517.jpg,F:\PythonProjects\cv_study_project\data\ISIC2018_Task1_Training_GroundTruth\ISIC2018_Task1_Training_GroundTruth\ISIC_0000517_segmentation.png,256,256,0.766571,802,919,3,26.0,192.0,"[0, 255]",False,False,False,False
ISIC_0010490,val,F:\PythonProjects\cv_study_project\data\ISIC2018_Task1-2_Training_Input\ISIC2018_Task1-2_Training_Input\ISIC_0010490.jpg,F:\PythonProjects\cv_study_project\data\ISIC2018_Task1_Training_GroundTruth\ISIC2018_Task1_Training_GroundTruth\ISIC_0010490_segmentation.png,256,256,0.348221,768,1024,3,55.0,218.0,"[0, 255]",False,False,False,False
ISIC_0010089,val,F:\PythonProjects\cv_study_project\data\ISIC2018_Task1-2_Training_Input\ISIC2018_Task1-2_Training_Input\ISIC_0010089.jpg,F:\PythonProjects\cv_study_project\data\ISIC2018_Task1_Training_GroundTruth\ISIC2018_Task1_Training_GroundTruth\ISIC_0010089_segmentation.png,256,256,0.068726,768,1024,3,6.0,213.0,"[0, 255]",False,False,False,False
ISIC_0011358,val,F:\PythonProjects\cv_study_project\data\ISIC2018_Task1-2_Training_Input\ISIC2018_Task1-2_Training_Input\ISIC_0011358.jpg,F:\PythonProjects\cv_study_project\data\ISIC2018_Task1_Training_GroundTruth\ISIC2018_Task1_Training_GroundTruth\ISIC_0011358_segmentation.png,256,256,0.251602,768,1024,3,0.0,255.0,"[0, 255]",False,False,False,False
ISIC_0012489,val,F:\PythonProjects\cv_study_project\data\ISIC2018_Task1-2_Training_Input\ISIC2018_Task1-2_Training_Input\ISIC_0012489.jpg,F:\PythonProjects\cv_study_project\data\ISIC2018_Task1_Training_GroundTruth\ISIC2018_Task1_Training_GroundTruth\ISIC_0012489_segmentation.png,256,256,0.130722,2848,4288,3,11.0,224.0,"[0, 255]",False,False,False,False
ISIC_0010017,val,F:\PythonProjects\cv_study_project\data\ISIC2018_Task1-2_Training_Input\ISIC2018_Task1-2_Training_Input\ISIC_0010017.jpg,F:\PythonProjects\cv_study_project\data\ISIC2018_Task1_Training_GroundTruth\ISIC2018_Task1_Training_GroundTruth\ISIC_0010017_segmentation.png,256,256,0.421906,768,1024,3,3.0,255.0,"[0, 255]",False,False,False,False
ISIC_0000204,val,F:\PythonProjects\cv_study_project\data\ISIC2018_Task1-2_Training_Input\ISIC2018_Task1-2_Training_Input\ISIC_0000204.jpg,F:\PythonProjects\cv_study_project\data\ISIC2018_Task1_Training_GroundTruth\ISIC2018_Task1_Training_GroundTruth\ISIC_0000204_segmentation.png,256,256,0.506439,1018,1456,3,2.0,255.0,"[0, 255]",False,False,False,False
ISIC_0000028,val,F:\PythonProjects\cv_study_project\data\ISIC2018_Task1-2_Training_Input\ISIC2018_Task1-2_Training_Input\ISIC_0000028.jpg,F:\PythonProjects\cv_study_project\data\ISIC2018_Task1_Training_GroundTruth\ISIC2018_Task1_Training_GroundTruth\ISIC_0000028_segmentation.png,256,256,0.240097,1129,1504,3,0.0,213.0,"[0, 255]",False,False,False,False
ISIC_0000518,val,F:\PythonProjects\cv_study_project\data\ISIC2018_Task1-2_Training_Input\ISIC2018_Task1-2_Training_Input\ISIC_0000518.jpg,F:\PythonProjects\cv_study_project\data\ISIC2018_Task1_Training_GroundTruth\ISIC2018_Task1_Training_GroundTruth\ISIC_0000518_segmentation.png,256,256,0.187164,802,919,3,0.0,200.0,"[0, 255]",False,False,False,False
ISIC_0010356,val,F:\PythonProjects\cv_study_project\data\ISIC2018_Task1-2_Training_Input\ISIC2018_Task1-2_Training_Input\ISIC_0010356.jpg,F:\PythonProjects\cv_study_project\data\ISIC2018_Task1_Training_GroundTruth\ISIC2018_Task1_Training_GroundTruth\ISIC_0010356_segmentation.png,256,256,0.090378,768,1024,3,6.0,242.0,"[0, 255]",False,False,False,False
ISIC_0000202,val,F:\PythonProjects\cv_study_project\data\ISIC2018_Task1-2_Training_Input\ISIC2018_Task1-2_Training_Input\ISIC_0000202.jpg,F:\PythonProjects\cv_study_project\data\ISIC2018_Task1_Training_GroundTruth\ISIC2018_Task1_Training_GroundTruth\ISIC_0000202_segmentation.png,256,256,0.807709,1051,1502,3,0.0,255.0,"[0, 255]",False,False,False,False
ISIC_0010194,val,F:\PythonProjects\cv_study_project\data\ISIC2018_Task1-2_Training_Input\ISIC2018_Task1-2_Training_Input\ISIC_0010194.jpg,F:\PythonProjects\cv_study_project\data\ISIC2018_Task1_Training_GroundTruth\ISIC2018_Task1_Training_GroundTruth\ISIC_0010194_segmentation.png,256,256,0.223129,768,1024,3,0.0,191.0,"[0, 255]",False,False,False,False
ISIC_0010180,val,F:\PythonProjects\cv_study_project\data\ISIC2018_Task1-2_Training_Input\ISIC2018_Task1-2_Training_Input\ISIC_0010180.jpg,F:\PythonProjects\cv_study_project\data\ISIC2018_Task1_Training_GroundTruth\ISIC2018_Task1_Training_GroundTruth\ISIC_0010180_segmentation.png,256,256,0.148376,768,1024,3,36.0,217.0,"[0, 255]",False,False,False,False
ISIC_0010846,val,F:\PythonProjects\cv_study_project\data\ISIC2018_Task1-2_Training_Input\ISIC2018_Task1-2_Training_Input\ISIC_0010846.jpg,F:\PythonProjects\cv_study_project\data\ISIC2018_Task1_Training_GroundTruth\ISIC2018_Task1_Training_GroundTruth\ISIC_0010846_segmentation.png,256,256,0.517639,768,1024,3,21.0,227.0,"[0, 255]",False,False,False,False
ISIC_0000185,val,F:\PythonProjects\cv_study_project\data\ISIC2018_Task1-2_Training_Input\ISIC2018_Task1-2_Training_Input\ISIC_0000185.jpg,F:\PythonProjects\cv_study_project\data\ISIC2018_Task1_Training_GroundTruth\ISIC2018_Task1_Training_GroundTruth\ISIC_0000185_segmentation.png,256,256,0.278946,705,1045,3,4.0,255.0,"[0, 255]",False,False,False,False
ISIC_0010332,val,F:\PythonProjects\cv_study_project\data\ISIC2018_Task1-2_Training_Input\ISIC2018_Task1-2_Training_Input\ISIC_0010332.jpg,F:\PythonProjects\cv_study_project\data\ISIC2018_Task1_Training_GroundTruth\ISIC2018_Task1_Training_GroundTruth\ISIC_0010332_segmentation.png,256,256,0.372787,768,1024,3,27.0,230.0,"[0, 255]",False,False,False,False
ISIC_0000271,val,F:\PythonProjects\cv_study_project\data\ISIC2018_Task1-2_Training_Input\ISIC2018_Task1-2_Training_Input\ISIC_0000271.jpg,F:\PythonProjects\cv_study_project\data\ISIC2018_Task1_Training_GroundTruth\ISIC2018_Task1_Training_GroundTruth\ISIC_0000271_segmentation.png,256,256,0.206512,768,1024,3,23.0,238.0,"[0, 255]",False,False,False,False
ISIC_0010488,val,F:\PythonProjects\cv_study_project\data\ISIC2018_Task1-2_Training_Input\ISIC2018_Task1-2_Training_Input\ISIC_0010488.jpg,F:\PythonProjects\cv_study_project\data\ISIC2018_Task1_Training_GroundTruth\ISIC2018_Task1_Training_GroundTruth\ISIC_0010488_segmentation.png,256,256,0.451767,768,1024,3,42.0,224.0,"[0, 255]",False,False,False,False
ISIC_0011378,val,F:\PythonProjects\cv_study_project\data\ISIC2018_Task1-2_Training_Input\ISIC2018_Task1-2_Training_Input\ISIC_0011378.jpg,F:\PythonProjects\cv_study_project\data\ISIC2018_Task1_Training_GroundTruth\ISIC2018_Task1_Training_GroundTruth\ISIC_0011378_segmentation.png,256,256,0.206924,768,1024,3,17.0,225.0,"[0, 255]",False,False,False,False
ISIC_0000175,val,F:\PythonProjects\cv_study_project\data\ISIC2018_Task1-2_Training_Input\ISIC2018_Task1-2_Training_Input\ISIC_0000175.jpg,F:\PythonProjects\cv_study_project\data\ISIC2018_Task1_Training_GroundTruth\ISIC2018_Task1_Training_GroundTruth\ISIC_0000175_segmentation.png,256,256,0.224457,638,966,3,0.0,255.0,"[0, 255]",False,False,False,False
ISIC_0010036,val,F:\PythonProjects\cv_study_project\data\ISIC2018_Task1-2_Training_Input\ISIC2018_Task1-2_Training_Input\ISIC_0010036.jpg,F:\PythonProjects\cv_study_project\data\ISIC2018_Task1_Training_GroundTruth\ISIC2018_Task1_Training_GroundTruth\ISIC_0010036_segmentation.png,256,256,0.442841,768,1024,3,32.0,239.0,"[0, 255]",False,False,False,False
ISIC_0009297,val,F:\PythonProjects\cv_study_project\data\ISIC2018_Task1-2_Training_Input\ISIC2018_Task1-2_Training_Input\ISIC_0009297.jpg,F:\PythonProjects\cv_study_project\data\ISIC2018_Task1_Training_GroundTruth\ISIC2018_Task1_Training_GroundTruth\ISIC_0009297_segmentation.png,256,256,0.052017,2848,4288,3,11.0,246.0,"[0, 255]",False,False,False,False
ISIC_0010607,val,F:\PythonProjects\cv_study_project\data\ISIC2018_Task1-2_Training_Input\ISIC2018_Task1-2_Training_Input\ISIC_0010607.jpg,F:\PythonProjects\cv_study_project\data\ISIC2018_Task1_Training_GroundTruth\ISIC2018_Task1_Training_GroundTruth\ISIC_0010607_segmentation.png,256,256,0.047943,768,1024,3,0.0,213.0,"[0, 255]",False,False,False,False
ISIC_0011357,val,F:\PythonProjects\cv_study_project\data\ISIC2018_Task1-2_Training_Input\ISIC2018_Task1-2_Training_Input\ISIC_0011357.jpg,F:\PythonProjects\cv_study_project\data\ISIC2018_Task1_Training_GroundTruth\ISIC2018_Task1_Training_GroundTruth\ISIC_0011357_segmentation.png,256,256,0.128525,768,1024,3,54.0,230.0,"[0, 255]",False,False,False,False
ISIC_0009974,val,F:\PythonProjects\cv_study_project\data\ISIC2018_Task1-2_Training_Input\ISIC2018_Task1-2_Training_Input\ISIC_0009974.jpg,F:\PythonProjects\cv_study_project\data\ISIC2018_Task1_Training_GroundTruth\ISIC2018_Task1_Training_GroundTruth\ISIC_0009974_segmentation.png,256,256,0.413239,768,1024,3,0.0,249.0,"[0, 255]",False,False,False,False
ISIC_0000231,val,F:\PythonProjects\cv_study_project\data\ISIC2018_Task1-2_Training_Input\ISIC2018_Task1-2_Training_Input\ISIC_0000231.jpg,F:\PythonProjects\cv_study_project\data\ISIC2018_Task1_Training_GroundTruth\ISIC2018_Task1_Training_GroundTruth\ISIC_0000231_segmentation.png,256,256,0.316879,723,962,3,6.0,255.0,"[0, 255]",False,False,False,False
ISIC_0011374,val,F:\PythonProjects\cv_study_project\data\ISIC2018_Task1-2_Training_Input\ISIC2018_Task1-2_Training_Input\ISIC_0011374.jpg,F:\PythonProjects\cv_study_project\data\ISIC2018_Task1_Training_GroundTruth\ISIC2018_Task1_Training_GroundTruth\ISIC_0011374_segmentation.png,256,256,0.637711,768,1024,3,22.0,221.0,"[0, 255]",False,False,False,False
ISIC_0000527,val,F:\PythonProjects\cv_study_project\data\ISIC2018_Task1-2_Training_Input\ISIC2018_Task1-2_Training_Input\ISIC_0000527.jpg,F:\PythonProjects\cv_study_project\data\ISIC2018_Task1_Training_GroundTruth\ISIC2018_Task1_Training_GroundTruth\ISIC_0000527_segmentation.png,256,256,0.239258,713,1011,3,0.0,253.0,"[0, 255]",False,False,False,False
ISIC_0009982,val,F:\PythonProjects\cv_study_project\data\ISIC2018_Task1-2_Training_Input\ISIC2018_Task1-2_Training_Input\ISIC_0009982.jpg,F:\PythonProjects\cv_study_project\data\ISIC2018_Task1_Training_GroundTruth\ISIC2018_Task1_Training_GroundTruth\ISIC_0009982_segmentation.png,256,256,0.134216,768,1024,3,8.0,253.0,"[0, 255]",False,False,False,False
ISIC_0011229,val,F:\PythonProjects\cv_study_project\data\ISIC2018_Task1-2_Training_Input\ISIC2018_Task1-2_Training_Input\ISIC_0011229.jpg,F:\PythonProjects\cv_study_project\data\ISIC2018_Task1_Training_GroundTruth\ISIC2018_Task1_Training_GroundTruth\ISIC_0011229_segmentation.png,256,256,0.374725,768,1024,3,12.0,255.0,"[0, 255]",False,False,False,False
ISIC_0010006,val,F:\PythonProjects\cv_study_project\data\ISIC2018_Task1-2_Training_Input\ISIC2018_Task1-2_Training_Input\ISIC_0010006.jpg,F:\PythonProjects\cv_study_project\data\ISIC2018_Task1_Training_GroundTruth\ISIC2018_Task1_Training_GroundTruth\ISIC_0010006_segmentation.png,256,256,0.347504,768,1024,3,0.0,227.0,"[0, 255]",False,False,False,False
ISIC_0009165,val,F:\PythonProjects\cv_study_project\data\ISIC2018_Task1-2_Training_Input\ISIC2018_Task1-2_Training_Input\ISIC_0009165.jpg,F:\PythonProjects\cv_study_project\data\ISIC2018_Task1_Training_GroundTruth\ISIC2018_Task1_Training_GroundTruth\ISIC_0009165_segmentation.png,256,256,0.054352,2848,4288,3,6.0,252.0,"[0, 255]",False,False,False,False
ISIC_0000094,val,F:\PythonProjects\cv_study_project\data\ISIC2018_Task1-2_Training_Input\ISIC2018_Task1-2_Training_Input\ISIC_0000094.jpg,F:\PythonProjects\cv_study_project\data\ISIC2018_Task1_Training_GroundTruth\ISIC2018_Task1_Training_GroundTruth\ISIC_0000094_segmentation.png,256,256,0.059708,1536,2048,3,24.0,224.0,"[0, 255]",False,False,False,False
ISIC_0000299,val,F:\PythonProjects\cv_study_project\data\ISIC2018_Task1-2_Training_Input\ISIC2018_Task1-2_Training_Input\ISIC_0000299.jpg,F:\PythonProjects\cv_study_project\data\ISIC2018_Task1_Training_GroundTruth\ISIC2018_Task1_Training_GroundTruth\ISIC_0000299_segmentation.png,256,256,0.6707,576,767,3,0.0,255.0,"[0, 255]",False,False,False,False
ISIC_0010323,val,F:\PythonProjects\cv_study_project\data\ISIC2018_Task1-2_Training_Input\ISIC2018_Task1-2_Training_Input\ISIC_0010323.jpg,F:\PythonProjects\cv_study_project\data\ISIC2018_Task1_Training_GroundTruth\ISIC2018_Task1_Training_GroundTruth\ISIC_0010323_segmentation.png,256,256,0.908554,768,1024,3,91.0,233.0,"[0, 255]",False,False,True,True
ISIC_0000352,val,F:\PythonProjects\cv_study_project\data\ISIC2018_Task1-2_Training_Input\ISIC2018_Task1-2_Training_Input\ISIC_0000352.jpg,F:\PythonProjects\cv_study_project\data\ISIC2018_Task1_Training_GroundTruth\ISIC2018_Task1_Training_GroundTruth\ISIC_0000352_segmentation.png,256,256,0.1091,576,767,3,0.0,255.0,"[0, 255]",False,False,False,False
ISIC_0011168,val,F:\PythonProjects\cv_study_project\data\ISIC2018_Task1-2_Training_Input\ISIC2018_Task1-2_Training_Input\ISIC_0011168.jpg,F:\PythonProjects\cv_study_project\data\ISIC2018_Task1_Training_GroundTruth\ISIC2018_Task1_Training_GroundTruth\ISIC_0011168_segmentation.png,256,256,0.058823,768,1024,3,49.0,213.0,"[0, 255]",False,False,False,False
ISIC_0000079,val,F:\PythonProjects\cv_study_project\data\ISIC2018_Task1-2_Training_Input\ISIC2018_Task1-2_Training_Input\ISIC_0000079.jpg,F:\PythonProjects\cv_study_project\data\ISIC2018_Task1_Training_GroundTruth\ISIC2018_Task1_Training_GroundTruth\ISIC_0000079_segmentation.png,256,256,0.05954,1129,1504,3,0.0,201.0,"[0, 255]",False,False,False,False
ISIC_0000354,val,F:\PythonProjects\cv_study_project\data\ISIC2018_Task1-2_Training_Input\ISIC2018_Task1-2_Training_Input\ISIC_0000354.jpg,F:\PythonProjects\cv_study_project\data\ISIC2018_Task1_Training_GroundTruth\ISIC2018_Task1_Training_GroundTruth\ISIC_0000354_segmentation.png,256,256,0.424393,576,767,3,0.0,255.0,"[0, 255]",False,False,False,False
ISIC_0011373,val,F:\PythonProjects\cv_study_project\data\ISIC2018_Task1-2_Training_Input\ISIC2018_Task1-2_Training_Input\ISIC_0011373.jpg,F:\PythonProjects\cv_study_project\data\ISIC2018_Task1_Training_GroundTruth\ISIC2018_Task1_Training_GroundTruth\ISIC_0011373_segmentation.png,256,256,0.762344,768,1024,3,10.0,216.0,"[0, 255]",False,False,False,False
ISIC_0012259,val,F:\PythonProjects\cv_study_project\data\ISIC2018_Task1-2_Training_Input\ISIC2018_Task1-2_Training_Input\ISIC_0012259.jpg,F:\PythonProjects\cv_study_project\data\ISIC2018_Task1_Training_GroundTruth\ISIC2018_Task1_Training_GroundTruth\ISIC_0012259_segmentation.png,256,256,0.038849,2848,4288,3,20.0,229.0,"[0, 255]",False,False,False,False
ISIC_0012271,val,F:\PythonProjects\cv_study_project\data\ISIC2018_Task1-2_Training_Input\ISIC2018_Task1-2_Training_Input\ISIC_0012271.jpg,F:\PythonProjects\cv_study_project\data\ISIC2018_Task1_Training_GroundTruth\ISIC2018_Task1_Training_GroundTruth\ISIC_0012271_segmentation.png,256,256,0.027039,2848,4288,3,18.0,197.0,"[0, 255]",False,False,False,False
ISIC_0010318,val,F:\PythonProjects\cv_study_project\data\ISIC2018_Task1-2_Training_Input\ISIC2018_Task1-2_Training_Input\ISIC_0010318.jpg,F:\PythonProjects\cv_study_project\data\ISIC2018_Task1_Training_GroundTruth\ISIC2018_Task1_Training_GroundTruth\ISIC_0010318_segmentation.png,256,256,0.127533,768,1024,3,0.0,224.0,"[0, 255]",False,False,False,False
ISIC_0010358,val,F:\PythonProjects\cv_study_project\data\ISIC2018_Task1-2_Training_Input\ISIC2018_Task1-2_Training_Input\ISIC_0010358.jpg,F:\PythonProjects\cv_study_project\data\ISIC2018_Task1_Training_GroundTruth\ISIC2018_Task1_Training_GroundTruth\ISIC_0010358_segmentation.png,256,256,0.18898,768,1024,3,8.0,229.0,"[0, 255]",False,False,False,False
ISIC_0012273,val,F:\PythonProjects\cv_study_project\data\ISIC2018_Task1-2_Training_Input\ISIC2018_Task1-2_Training_Input\ISIC_0012273.jpg,F:\PythonProjects\cv_study_project\data\ISIC2018_Task1_Training_GroundTruth\ISIC2018_Task1_Training_GroundTruth\ISIC_0012273_segmentation.png,256,256,0.394775,2000,3008,3,6.0,231.0,"[0, 255]",False,False,False,False
ISIC_0002879,val,F:\PythonProjects\cv_study_project\data\ISIC2018_Task1-2_Training_Input\ISIC2018_Task1-2_Training_Input\ISIC_0002879.jpg,F:\PythonProjects\cv_study_project\data\ISIC2018_Task1_Training_GroundTruth\ISIC2018_Task1_Training_GroundTruth\ISIC_0002879_segmentation.png,256,256,0.077942,2016,3024,3,0.0,255.0,"[0, 255]",False,False,False,False
ISIC_0000310,val,F:\PythonProjects\cv_study_project\data\ISIC2018_Task1-2_Training_Input\ISIC2018_Task1-2_Training_Input\ISIC_0000310.jpg,F:\PythonProjects\cv_study_project\data\ISIC2018_Task1_Training_GroundTruth\ISIC2018_Task1_Training_GroundTruth\ISIC_0000310_segmentation.png,256,256,0.737427,576,767,3,0.0,255.0,"[0, 255]",False,False,False,False
ISIC_0009928,val,F:\PythonProjects\cv_study_project\data\ISIC2018_Task1-2_Training_Input\ISIC2018_Task1-2_Training_Input\ISIC_0009928.jpg,F:\PythonProjects\cv_study_project\data\ISIC2018_Task1_Training_GroundTruth\ISIC2018_Task1_Training_GroundTruth\ISIC_0009928_segmentation.png,256,256,0.605637,768,1024,3,56.0,255.0,"[0, 255]",False,False,False,False
ISIC_0000009,val,F:\PythonProjects\cv_study_project\data\ISIC2018_Task1-2_Training_Input\ISIC2018_Task1-2_Training_Input\ISIC_0000009.jpg,F:\PythonProjects\cv_study_project\data\ISIC2018_Task1_Training_GroundTruth\ISIC2018_Task1_Training_GroundTruth\ISIC_0000009_segmentation.png,256,256,0.231201,767,1022,3,0.0,212.0,"[0, 255]",False,False,False,False
ISIC_0000099,val,F:\PythonProjects\cv_study_project\data\ISIC2018_Task1-2_Training_Input\ISIC2018_Task1-2_Training_Input\ISIC_0000099.jpg,F:\PythonProjects\cv_study_project\data\ISIC2018_Task1_Training_GroundTruth\ISIC2018_Task1_Training_GroundTruth\ISIC_0000099_segmentation.png,256,256,0.398956,1536,2048,3,0.0,236.0,"[0, 255]",False,False,False,False
ISIC_0005620,val,F:\PythonProjects\cv_study_project\data\ISIC2018_Task1-2_Training_Input\ISIC2018_Task1-2_Training_Input\ISIC_0005620.jpg,F:\PythonProjects\cv_study_project\data\ISIC2018_Task1_Training_GroundTruth\ISIC2018_Task1_Training_GroundTruth\ISIC_0005620_segmentation.png,256,256,0.065247,2016,3024,3,0.0,255.0,"[0, 255]",False,False,False,False
ISIC_0012097,val,F:\PythonProjects\cv_study_project\data\ISIC2018_Task1-2_Training_Input\ISIC2018_Task1-2_Training_Input\ISIC_0012097.jpg,F:\PythonProjects\cv_study_project\data\ISIC2018_Task1_Training_GroundTruth\ISIC2018_Task1_Training_GroundTruth\ISIC_0012097_segmentation.png,256,256,0.031403,2000,3008,3,16.0,255.0,"[0, 255]",False,False,False,False
ISIC_0012672,val,F:\PythonProjects\cv_study_project\data\ISIC2018_Task1-2_Training_Input\ISIC2018_Task1-2_Training_Input\ISIC_0012672.jpg,F:\PythonProjects\cv_study_project\data\ISIC2018_Task1_Training_GroundTruth\ISIC2018_Task1_Training_GroundTruth\ISIC_0012672_segmentation.png,256,256,0.073059,2000,3008,3,43.0,235.0,"[0, 255]",False,False,False,False
ISIC_0000115,val,F:\PythonProjects\cv_study_project\data\ISIC2018_Task1-2_Training_Input\ISIC2018_Task1-2_Training_Input\ISIC_0000115.jpg,F:\PythonProjects\cv_study_project\data\ISIC2018_Task1_Training_GroundTruth\ISIC2018_Task1_Training_GroundTruth\ISIC_0000115_segmentation.png,256,256,0.21637,1536,2048,3,0.0,249.0,"[0, 255]",False,False,False,False
ISIC_0012654,val,F:\PythonProjects\cv_study_project\data\ISIC2018_Task1-2_Training_Input\ISIC2018_Task1-2_Training_Input\ISIC_0012654.jpg,F:\PythonProjects\cv_study_project\data\ISIC2018_Task1_Training_GroundTruth\ISIC2018_Task1_Training_GroundTruth\ISIC_0012654_segmentation.png,256,256,0.020844,1536,2304,3,0.0,203.0,"[0, 255]",False,False,False,False
ISIC_0012261,val,F:\PythonProjects\cv_study_project\data\ISIC2018_Task1-2_Training_Input\ISIC2018_Task1-2_Training_Input\ISIC_0012261.jpg,F:\PythonProjects\cv_study_project\data\ISIC2018_Task1_Training_GroundTruth\ISIC2018_Task1_Training_GroundTruth\ISIC_0012261_segmentation.png,256,256,0.041611,2848,4288,3,18.0,226.0,"[0, 255]",False,False,False,False
ISIC_0011109,val,F:\PythonProjects\cv_study_project\data\ISIC2018_Task1-2_Training_Input\ISIC2018_Task1-2_Training_Input\ISIC_0011109.jpg,F:\PythonProjects\cv_study_project\data\ISIC2018_Task1_Training_GroundTruth\ISIC2018_Task1_Training_GroundTruth\ISIC_0011109_segmentation.png,256,256,0.619324,768,1024,3,57.0,214.0,"[0, 255]",False,False,False,False
ISIC_0002976,val,F:\PythonProjects\cv_study_project\data\ISIC2018_Task1-2_Training_Input\ISIC2018_Task1-2_Training_Input\ISIC_0002976.jpg,F:\PythonProjects\cv_study_project\data\ISIC2018_Task1_Training_GroundTruth\ISIC2018_Task1_Training_GroundTruth\ISIC_0002976_segmentation.png,256,256,0.039719,2848,4288,3,12.0,254.0,"[0, 255]",False,False,False,False
ISIC_0000510,val,F:\PythonProjects\cv_study_project\data\ISIC2018_Task1-2_Training_Input\ISIC2018_Task1-2_Training_Input\ISIC_0000510.jpg,F:\PythonProjects\cv_study_project\data\ISIC2018_Task1_Training_GroundTruth\ISIC2018_Task1_Training_GroundTruth\ISIC_0000510_segmentation.png,256,256,0.298416,802,919,3,12.0,252.0,"[0, 255]",False,False,False,False
ISIC_0009947,val,F:\PythonProjects\cv_study_project\data\ISIC2018_Task1-2_Training_Input\ISIC2018_Task1-2_Training_Input\ISIC_0009947.jpg,F:\PythonProjects\cv_study_project\data\ISIC2018_Task1_Training_GroundTruth\ISIC2018_Task1_Training_GroundTruth\ISIC_0009947_segmentation.png,256,256,0.16188,768,1024,3,0.0,232.0,"[0, 255]",False,False,False,False
ISIC_0000528,val,F:\PythonProjects\cv_study_project\data\ISIC2018_Task1-2_Training_Input\ISIC2018_Task1-2_Training_Input\ISIC_0000528.jpg,F:\PythonProjects\cv_study_project\data\ISIC2018_Task1_Training_GroundTruth\ISIC2018_Task1_Training_GroundTruth\ISIC_0000528_segmentation.png,256,256,0.134827,711,1008,3,2.0,255.0,"[0, 255]",False,False,False,False
ISIC_0006711,val,F:\PythonProjects\cv_study_project\data\ISIC2018_Task1-2_Training_Input\ISIC2018_Task1-2_Training_Input\ISIC_0006711.jpg,F:\PythonProjects\cv_study_project\data\ISIC2018_Task1_Training_GroundTruth\ISIC2018_Task1_Training_GroundTruth\ISIC_0006711_segmentation.png,256,256,0.035248,2848,4288,3,0.0,249.0,"[0, 255]",False,False,False,False
ISIC_0004337,val,F:\PythonProjects\cv_study_project\data\ISIC2018_Task1-2_Training_Input\ISIC2018_Task1-2_Training_Input\ISIC_0004337.jpg,F:\PythonProjects\cv_study_project\data\ISIC2018_Task1_Training_GroundTruth\ISIC2018_Task1_Training_GroundTruth\ISIC_0004337_segmentation.png,256,256,0.034241,2016,3024,3,14.0,237.0,"[0, 255]",False,False,False,False
ISIC_0012676,val,F:\PythonProjects\cv_study_project\data\ISIC2018_Task1-2_Training_Input\ISIC2018_Task1-2_Training_Input\ISIC_0012676.jpg,F:\PythonProjects\cv_study_project\data\ISIC2018_Task1_Training_GroundTruth\ISIC2018_Task1_Training_GroundTruth\ISIC_0012676_segmentation.png,256,256,0.015015,2000,3008,3,8.0,229.0,"[0, 255]",False,False,False,False
ISIC_0000243,val,F:\PythonProjects\cv_study_project\data\ISIC2018_Task1-2_Training_Input\ISIC2018_Task1-2_Training_Input\ISIC_0000243.jpg,F:\PythonProjects\cv_study_project\data\ISIC2018_Task1_Training_GroundTruth\ISIC2018_Task1_Training_GroundTruth\ISIC_0000243_segmentation.png,256,256,0.442474,768,576,3,46.0,232.0,"[0, 255]",False,False,False,False
ISIC_0000262,val,F:\PythonProjects\cv_study_project\data\ISIC2018_Task1-2_Training_Input\ISIC2018_Task1-2_Training_Input\ISIC_0000262.jpg,F:\PythonProjects\cv_study_project\data\ISIC2018_Task1_Training_GroundTruth\ISIC2018_Task1_Training_GroundTruth\ISIC_0000262_segmentation.png,256,256,0.065643,768,576,3,21.0,190.0,"[0, 255]",False,False,False,False
ISIC_0012664,val,F:\PythonProjects\cv_study_project\data\ISIC2018_Task1-2_Training_Input\ISIC2018_Task1-2_Training_Input\ISIC_0012664.jpg,F:\PythonProjects\cv_study_project\data\ISIC2018_Task1_Training_GroundTruth\ISIC2018_Task1_Training_GroundTruth\ISIC_0012664_segmentation.png,256,256,0.07132,2000,3008,3,10.0,242.0,"[0, 255]",False,False,False,False
ISIC_0000320,val,F:\PythonProjects\cv_study_project\data\ISIC2018_Task1-2_Training_Input\ISIC2018_Task1-2_Training_Input\ISIC_0000320.jpg,F:\PythonProjects\cv_study_project\data\ISIC2018_Task1_Training_GroundTruth\ISIC2018_Task1_Training_GroundTruth\ISIC_0000320_segmentation.png,256,256,0.36087,576,767,3,0.0,255.0,"[0, 255]",False,False,False,False
ISIC_0000233,val,F:\PythonProjects\cv_study_project\data\ISIC2018_Task1-2_Training_Input\ISIC2018_Task1-2_Training_Input\ISIC_0000233.jpg,F:\PythonProjects\cv_study_project\data\ISIC2018_Task1_Training_GroundTruth\ISIC2018_Task1_Training_GroundTruth\ISIC_0000233_segmentation.png,256,256,0.719711,674,962,3,0.0,255.0,"[0, 255]",False,False,False,False
ISIC_0008524,val,F:\PythonProjects\cv_study_project\data\ISIC2018_Task1-2_Training_Input\ISIC2018_Task1-2_Training_Input\ISIC_0008524.jpg,F:\PythonProjects\cv_study_project\data\ISIC2018_Task1_Training_GroundTruth\ISIC2018_Task1_Training_GroundTruth\ISIC_0008524_segmentation.png,256,256,0.026489,2848,4288,3,6.0,255.0,"[0, 255]",False,False,False,False
ISIC_0000019,val,F:\PythonProjects\cv_study_project\data\ISIC2018_Task1-2_Training_Input\ISIC2018_Task1-2_Training_Input\ISIC_0000019.jpg,F:\PythonProjects\cv_study_project\data\ISIC2018_Task1_Training_GroundTruth\ISIC2018_Task1_Training_GroundTruth\ISIC_0000019_segmentation.png,256,256,0.321426,1129,1504,3,0.0,215.0,"[0, 255]",False,False,False,False
ISIC_0008659,val,F:\PythonProjects\cv_study_project\data\ISIC2018_Task1-2_Training_Input\ISIC2018_Task1-2_Training_Input\ISIC_0008659.jpg,F:\PythonProjects\cv_study_project\data\ISIC2018_Task1_Training_GroundTruth\ISIC2018_Task1_Training_GroundTruth\ISIC_0008659_segmentation.png,256,256,0.033646,2848,4288,3,18.0,223.0,"[0, 255]",False,False,False,False
ISIC_0012715,val,F:\PythonProjects\cv_study_project\data\ISIC2018_Task1-2_Training_Input\ISIC2018_Task1-2_Training_Input\ISIC_0012715.jpg,F:\PythonProjects\cv_study_project\data\ISIC2018_Task1_Training_GroundTruth\ISIC2018_Task1_Training_GroundTruth\ISIC_0012715_segmentation.png,256,256,0.237076,2000,3008,3,6.0,255.0,"[0, 255]",False,False,False,False
ISIC_0012311,val,F:\PythonProjects\cv_study_project\data\ISIC2018_Task1-2_Training_Input\ISIC2018_Task1-2_Training_Input\ISIC_0012311.jpg,F:\PythonProjects\cv_study_project\data\ISIC2018_Task1_Training_GroundTruth\ISIC2018_Task1_Training_GroundTruth\ISIC_0012311_segmentation.png,256,256,0.07814,2000,3008,3,27.0,238.0,"[0, 255]",False,False,False,False
ISIC_0006940,val,F:\PythonProjects\cv_study_project\data\ISIC2018_Task1-2_Training_Input\ISIC2018_Task1-2_Training_Input\ISIC_0006940.jpg,F:\PythonProjects\cv_study_project\data\ISIC2018_Task1_Training_GroundTruth\ISIC2018_Task1_Training_GroundTruth\ISIC_0006940_segmentation.png,256,256,0.062164,2848,4288,3,9.0,255.0,"[0, 255]",False,False,False,False
ISIC_0010019,val,F:\PythonProjects\cv_study_project\data\ISIC2018_Task1-2_Training_Input\ISIC2018_Task1-2_Training_Input\ISIC_0010019.jpg,F:\PythonProjects\cv_study_project\data\ISIC2018_Task1_Training_GroundTruth\ISIC2018_Task1_Training_GroundTruth\ISIC_0010019_segmentation.png,256,256,0.365372,768,1024,3,20.0,216.0,"[0, 255]",False,False,False,False
ISIC_0001367,val,F:\PythonProjects\cv_study_project\data\ISIC2018_Task1-2_Training_Input\ISIC2018_Task1-2_Training_Input\ISIC_0001367.jpg,F:\PythonProjects\cv_study_project\data\ISIC2018_Task1_Training_GroundTruth\ISIC2018_Task1_Training_GroundTruth\ISIC_0001367_segmentation.png,256,256,0.06308,2016,3024,3,0.0,229.0,"[0, 255]",False,False,False,False
ISIC_0011297,val,F:\PythonProjects\cv_study_project\data\ISIC2018_Task1-2_Training_Input\ISIC2018_Task1-2_Training_Input\ISIC_0011297.jpg,F:\PythonProjects\cv_study_project\data\ISIC2018_Task1_Training_GroundTruth\ISIC2018_Task1_Training_GroundTruth\ISIC_0011297_segmentation.png,256,256,0.123932,768,1024,3,8.0,226.0,"[0, 255]",False,False,False,False
ISIC_0009962,val,F:\PythonProjects\cv_study_project\data\ISIC2018_Task1-2_Training_Input\ISIC2018_Task1-2_Training_Input\ISIC_0009962.jpg,F:\PythonProjects\cv_study_project\data\ISIC2018_Task1_Training_GroundTruth\ISIC2018_Task1_Training_GroundTruth\ISIC_0009962_segmentation.png,256,256,0.67836,768,1024,3,18.0,255.0,"[0, 255]",False,False,False,False
ISIC_0000315,val,F:\PythonProjects\cv_study_project\data\ISIC2018_Task1-2_Training_Input\ISIC2018_Task1-2_Training_Input\ISIC_0000315.jpg,F:\PythonProjects\cv_study_project\data\ISIC2018_Task1_Training_GroundTruth\ISIC2018_Task1_Training_GroundTruth\ISIC_0000315_segmentation.png,256,256,0.166489,576,767,3,0.0,255.0,"[0, 255]",False,False,False,False
ISIC_0012495,val,F:\PythonProjects\cv_study_project\data\ISIC2018_Task1-2_Training_Input\ISIC2018_Task1-2_Training_Input\ISIC_0012495.jpg,F:\PythonProjects\cv_study_project\data\ISIC2018_Task1_Training_GroundTruth\ISIC2018_Task1_Training_GroundTruth\ISIC_0012495_segmentation.png,256,256,0.025421,2848,4288,3,12.0,178.0,"[0, 255]",False,False,False,False
ISIC_0011110,val,F:\PythonProjects\cv_study_project\data\ISIC2018_Task1-2_Training_Input\ISIC2018_Task1-2_Training_Input\ISIC_0011110.jpg,F:\PythonProjects\cv_study_project\data\ISIC2018_Task1_Training_GroundTruth\ISIC2018_Task1_Training_GroundTruth\ISIC_0011110_segmentation.png,256,256,0.154114,768,1024,3,4.0,226.0,"[0, 255]",False,False,False,False
ISIC_0000533,val,F:\PythonProjects\cv_study_project\data\ISIC2018_Task1-2_Training_Input\ISIC2018_Task1-2_Training_Input\ISIC_0000533.jpg,F:\PythonProjects\cv_study_project\data\ISIC2018_Task1_Training_GroundTruth\ISIC2018_Task1_Training_GroundTruth\ISIC_0000533_segmentation.png,256,256,0.377487,682,1016,3,0.0,253.0,"[0, 255]",False,False,False,False
ISIC_0000165,val,F:\PythonProjects\cv_study_project\data\ISIC2018_Task1-2_Training_Input\ISIC2018_Task1-2_Training_Input\ISIC_0000165.jpg,F:\PythonProjects\cv_study_project\data\ISIC2018_Task1_Training_GroundTruth\ISIC2018_Task1_Training_GroundTruth\ISIC_0000165_segmentation.png,256,256,0.113968,649,961,3,0.0,255.0,"[0, 255]",False,False,False,False
ISIC_0000225,val,F:\PythonProjects\cv_study_project\data\ISIC2018_Task1-2_Training_Input\ISIC2018_Task1-2_Training_Input\ISIC_0000225.jpg,F:\PythonProjects\cv_study_project\data\ISIC2018_Task1_Training_GroundTruth\ISIC2018_Task1_Training_GroundTruth\ISIC_0000225_segmentation.png,256,256,0.099854,723,957,3,0.0,255.0,"[0, 255]",False,False,False,False
ISIC_0010466,val,F:\PythonProjects\cv_study_project\data\ISIC2018_Task1-2_Training_Input\ISIC2018_Task1-2_Training_Input\ISIC_0010466.jpg,F:\PythonProjects\cv_study_project\data\ISIC2018_Task1_Training_GroundTruth\ISIC2018_Task1_Training_GroundTruth\ISIC_0010466_segmentation.png,256,256,0.10321,768,1024,3,0.0,232.0,"[0, 255]",False,False,False,False
ISIC_0000022,val,F:\PythonProjects\cv_study_project\data\ISIC2018_Task1-2_Training_Input\ISIC2018_Task1-2_Training_Input\ISIC_0000022.jpg,F:\PythonProjects\cv_study_project\data\ISIC2018_Task1_Training_GroundTruth\ISIC2018_Task1_Training_GroundTruth\ISIC_0000022_segmentation.png,256,256,0.409103,1129,1504,3,0.0,192.0,"[0, 255]",False,False,False,False
ISIC_0000163,val,F:\PythonProjects\cv_study_project\data\ISIC2018_Task1-2_Training_Input\ISIC2018_Task1-2_Training_Input\ISIC_0000163.jpg,F:\PythonProjects\cv_study_project\data\ISIC2018_Task1_Training_GroundTruth\ISIC2018_Task1_Training_GroundTruth\ISIC_0000163_segmentation.png,256,256,0.29512,649,965,3,0.0,255.0,"[0, 255]",False,False,False,False
ISIC_0011387,val,F:\PythonProjects\cv_study_project\data\ISIC2018_Task1-2_Training_Input\ISIC2018_Task1-2_Training_Input\ISIC_0011387.jpg,F:\PythonProjects\cv_study_project\data\ISIC2018_Task1_Training_GroundTruth\ISIC2018_Task1_Training_GroundTruth\ISIC_0011387_segmentation.png,256,256,0.617233,768,1024,3,22.0,182.0,"[0, 255]",False,False,False,False
ISIC_0010463,val,F:\PythonProjects\cv_study_project\data\ISIC2018_Task1-2_Training_Input\ISIC2018_Task1-2_Training_Input\ISIC_0010463.jpg,F:\PythonProjects\cv_study_project\data\ISIC2018_Task1_Training_GroundTruth\ISIC2018_Task1_Training_GroundTruth\ISIC_0010463_segmentation.png,256,256,0.322388,768,1024,3,4.0,226.0,"[0, 255]",False,False,False,False
ISIC_0008528,val,F:\PythonProjects\cv_study_project\data\ISIC2018_Task1-2_Training_Input\ISIC2018_Task1-2_Training_Input\ISIC_0008528.jpg,F:\PythonProjects\cv_study_project\data\ISIC2018_Task1_Training_GroundTruth\ISIC2018_Task1_Training_GroundTruth\ISIC_0008528_segmentation.png,256,256,0.086014,2848,4288,3,12.0,220.0,"[0, 255]",False,False,False,False
ISIC_0000311,val,F:\PythonProjects\cv_study_project\data\ISIC2018_Task1-2_Training_Input\ISIC2018_Task1-2_Training_Input\ISIC_0000311.jpg,F:\PythonProjects\cv_study_project\data\ISIC2018_Task1_Training_GroundTruth\ISIC2018_Task1_Training_GroundTruth\ISIC_0000311_segmentation.png,256,256,0.762314,576,767,3,0.0,255.0,"[0, 255]",False,False,False,False
ISIC_0012425,val,F:\PythonProjects\cv_study_project\data\ISIC2018_Task1-2_Training_Input\ISIC2018_Task1-2_Training_Input\ISIC_0012425.jpg,F:\PythonProjects\cv_study_project\data\ISIC2018_Task1_Training_GroundTruth\ISIC2018_Task1_Training_GroundTruth\ISIC_0012425_segmentation.png,256,256,0.016937,2848,4288,3,7.0,200.0,"[0, 255]",False,False,False,False
ISIC_0011341,val,F:\PythonProjects\cv_study_project\data\ISIC2018_Task1-2_Training_Input\ISIC2018_Task1-2_Training_Input\ISIC_0011341.jpg,F:\PythonProjects\cv_study_project\data\ISIC2018_Task1_Training_GroundTruth\ISIC2018_Task1_Training_GroundTruth\ISIC_0011341_segmentation.png,256,256,0.12236,768,1024,3,21.0,255.0,"[0, 255]",False,False,False,False
ISIC_0001216,val,F:\PythonProjects\cv_study_project\data\ISIC2018_Task1-2_Training_Input\ISIC2018_Task1-2_Training_Input\ISIC_0001216.jpg,F:\PythonProjects\cv_study_project\data\ISIC2018_Task1_Training_GroundTruth\ISIC2018_Task1_Training_GroundTruth\ISIC_0001216_segmentation.png,256,256,0.03389,2848,4288,3,11.0,255.0,"[0, 255]",False,False,False,False
ISIC_0009599,val,F:\PythonProjects\cv_study_project\data\ISIC2018_Task1-2_Training_Input\ISIC2018_Task1-2_Training_Input\ISIC_0009599.jpg,F:\PythonProjects\cv_study_project\data\ISIC2018_Task1_Training_GroundTruth\ISIC2018_Task1_Training_GroundTruth\ISIC_0009599_segmentation.png,256,256,0.069,2848,4288,3,11.0,251.0,"[0, 255]",False,False,False,False
ISIC_0000513,val,F:\PythonProjects\cv_study_project\data\ISIC2018_Task1-2_Training_Input\ISIC2018_Task1-2_Training_Input\ISIC_0000513.jpg,F:\PythonProjects\cv_study_project\data\ISIC2018_Task1_Training_GroundTruth\ISIC2018_Task1_Training_GroundTruth\ISIC_0000513_segmentation.png,256,256,0.263763,802,919,3,0.0,226.0,"[0, 255]",False,False,False,False
ISIC_0002836,val,F:\PythonProjects\cv_study_project\data\ISIC2018_Task1-2_Training_Input\ISIC2018_Task1-2_Training_Input\ISIC_0002836.jpg,F:\PythonProjects\cv_study_project\data\ISIC2018_Task1_Training_GroundTruth\ISIC2018_Task1_Training_GroundTruth\ISIC_0002836_segmentation.png,256,256,0.096924,2848,4288,3,9.0,255.0,"[0, 255]",False,False,False,False
ISIC_0009868,val,F:\PythonProjects\cv_study_project\data\ISIC2018_Task1-2_Training_Input\ISIC2018_Task1-2_Training_Input\ISIC_0009868.jpg,F:\PythonProjects\cv_study_project\data\ISIC2018_Task1_Training_GroundTruth\ISIC2018_Task1_Training_GroundTruth\ISIC_0009868_segmentation.png,256,256,0.17868,768,1024,3,4.0,216.0,"[0, 255]",False,False,False,False
ISIC_0011163,val,F:\PythonProjects\cv_study_project\data\ISIC2018_Task1-2_Training_Input\ISIC2018_Task1-2_Training_Input\ISIC_0011163.jpg,F:\PythonProjects\cv_study_project\data\ISIC2018_Task1_Training_GroundTruth\ISIC2018_Task1_Training_GroundTruth\ISIC_0011163_segmentation.png,256,256,0.121017,768,1024,3,6.0,242.0,"[0, 255]",False,False,False,False
ISIC_0010240,val,F:\PythonProjects\cv_study_project\data\ISIC2018_Task1-2_Training_Input\ISIC2018_Task1-2_Training_Input\ISIC_0010240.jpg,F:\PythonProjects\cv_study_project\data\ISIC2018_Task1_Training_GroundTruth\ISIC2018_Task1_Training_GroundTruth\ISIC_0010240_segmentation.png,256,256,0.186035,768,1024,3,0.0,228.0,"[0, 255]",False,False,False,False
ISIC_0000186,val,F:\PythonProjects\cv_study_project\data\ISIC2018_Task1-2_Training_Input\ISIC2018_Task1-2_Training_Input\ISIC_0000186.jpg,F:\PythonProjects\cv_study_project\data\ISIC2018_Task1_Training_GroundTruth\ISIC2018_Task1_Training_GroundTruth\ISIC_0000186_segmentation.png,256,256,0.105286,702,1064,3,40.0,255.0,"[0, 255]",False,False,False,False
ISIC_0000089,val,F:\PythonProjects\cv_study_project\data\ISIC2018_Task1-2_Training_Input\ISIC2018_Task1-2_Training_Input\ISIC_0000089.jpg,F:\PythonProjects\cv_study_project\data\ISIC2018_Task1_Training_GroundTruth\ISIC2018_Task1_Training_GroundTruth\ISIC_0000089_segmentation.png,256,256,0.123337,1536,2048,3,0.0,232.0,"[0, 255]",False,False,False,False
ISIC_0001423,val,F:\PythonProjects\cv_study_project\data\ISIC2018_Task1-2_Training_Input\ISIC2018_Task1-2_Training_Input\ISIC_0001423.jpg,F:\PythonProjects\cv_study_project\data\ISIC2018_Task1_Training_GroundTruth\ISIC2018_Task1_Training_GroundTruth\ISIC_0001423_segmentation.png,256,256,0.074493,2016,3024,3,0.0,255.0,"[0, 255]",False,False,False,False
ISIC_0000276,val,F:\PythonProjects\cv_study_project\data\ISIC2018_Task1-2_Training_Input\ISIC2018_Task1-2_Training_Input\ISIC_0000276.jpg,F:\PythonProjects\cv_study_project\data\ISIC2018_Task1_Training_GroundTruth\ISIC2018_Task1_Training_GroundTruth\ISIC_0000276_segmentation.png,256,256,0.42392,768,1024,3,0.0,234.0,"[0, 255]",False,False,False,False
ISIC_0010189,val,F:\PythonProjects\cv_study_project\data\ISIC2018_Task1-2_Training_Input\ISIC2018_Task1-2_Training_Input\ISIC_0010189.jpg,F:\PythonProjects\cv_study_project\data\ISIC2018_Task1_Training_GroundTruth\ISIC2018_Task1_Training_GroundTruth\ISIC_0010189_segmentation.png,256,256,0.978256,768,1024,3,13.0,223.0,"[0, 255]",False,False,True,True
ISIC_0001186,val,F:\PythonProjects\cv_study_project\data\ISIC2018_Task1-2_Training_Input\ISIC2018_Task1-2_Training_Input\ISIC_0001186.jpg,F:\PythonProjects\cv_study_project\data\ISIC2018_Task1_Training_GroundTruth\ISIC2018_Task1_Training_GroundTruth\ISIC_0001186_segmentation.png,256,256,0.031189,2848,4288,3,7.0,244.0,"[0, 255]",False,False,False,False
ISIC_0000153,val,F:\PythonProjects\cv_study_project\data\ISIC2018_Task1-2_Training_Input\ISIC2018_Task1-2_Training_Input\ISIC_0000153.jpg,F:\PythonProjects\cv_study_project\data\ISIC2018_Task1_Training_GroundTruth\ISIC2018_Task1_Training_GroundTruth\ISIC_0000153_segmentation.png,256,256,0.279053,1944,2592,3,10.0,229.0,"[0, 255]",False,False,False,False
ISIC_0000154,val,F:\PythonProjects\cv_study_project\data\ISIC2018_Task1-2_Training_Input\ISIC2018_Task1-2_Training_Input\ISIC_0000154.jpg,F:\PythonProjects\cv_study_project\data\ISIC2018_Task1_Training_GroundTruth\ISIC2018_Task1_Training_GroundTruth\ISIC_0000154_segmentation.png,256,256,0.099304,1536,2048,3,0.0,226.0,"[0, 255]",False,False,False,False
ISIC_0000469,val,F:\PythonProjects\cv_study_project\data\ISIC2018_Task1-2_Training_Input\ISIC2018_Task1-2_Training_Input\ISIC_0000469.jpg,F:\PythonProjects\cv_study_project\data\ISIC2018_Task1_Training_GroundTruth\ISIC2018_Task1_Training_GroundTruth\ISIC_0000469_segmentation.png,256,256,0.264175,802,919,3,9.0,203.0,"[0, 255]",False,False,False,False
ISIC_0000183,val,F:\PythonProjects\cv_study_project\data\ISIC2018_Task1-2_Training_Input\ISIC2018_Task1-2_Training_Input\ISIC_0000183.jpg,F:\PythonProjects\cv_study_project\data\ISIC2018_Task1_Training_GroundTruth\ISIC2018_Task1_Training_GroundTruth\ISIC_0000183_segmentation.png,256,256,0.4599,705,1079,3,0.0,251.0,"[0, 255]",False,False,False,False
ISIC_0011117,val,F:\PythonProjects\cv_study_project\data\ISIC2018_Task1-2_Training_Input\ISIC2018_Task1-2_Training_Input\ISIC_0011117.jpg,F:\PythonProjects\cv_study_project\data\ISIC2018_Task1_Training_GroundTruth\ISIC2018_Task1_Training_GroundTruth\ISIC_0011117_segmentation.png,256,256,0.46463,768,1024,3,16.0,215.0,"[0, 255]",False,False,False,False
ISIC_0000128,val,F:\PythonProjects\cv_study_project\data\ISIC2018_Task1-2_Training_Input\ISIC2018_Task1-2_Training_Input\ISIC_0000128.jpg,F:\PythonProjects\cv_study_project\data\ISIC2018_Task1_Training_GroundTruth\ISIC2018_Task1_Training_GroundTruth\ISIC_0000128_segmentation.png,256,256,0.151672,1536,2048,3,0.0,214.0,"[0, 255]",False,False,False,False
ISIC_0000377,val,F:\PythonProjects\cv_study_project\data\ISIC2018_Task1-2_Training_Input\ISIC2018_Task1-2_Training_Input\ISIC_0000377.jpg,F:\PythonProjects\cv_study_project\data\ISIC2018_Task1_Training_GroundTruth\ISIC2018_Task1_Training_GroundTruth\ISIC_0000377_segmentation.png,256,256,0.177094,2304,3072,3,12.0,230.0,"[0, 255]",False,False,False,False
ISIC_0011207,val,F:\PythonProjects\cv_study_project\data\ISIC2018_Task1-2_Training_Input\ISIC2018_Task1-2_Training_Input\ISIC_0011207.jpg,F:\PythonProjects\cv_study_project\data\ISIC2018_Task1_Training_GroundTruth\ISIC2018_Task1_Training_GroundTruth\ISIC_0011207_segmentation.png,256,256,0.059677,768,1024,3,0.0,218.0,"[0, 255]",False,False,False,False
ISIC_0011099,val,F:\PythonProjects\cv_study_project\data\ISIC2018_Task1-2_Training_Input\ISIC2018_Task1-2_Training_Input\ISIC_0011099.jpg,F:\PythonProjects\cv_study_project\data\ISIC2018_Task1_Training_GroundTruth\ISIC2018_Task1_Training_GroundTruth\ISIC_0011099_segmentation.png,256,256,0.285965,768,1024,3,14.0,205.0,"[0, 255]",False,False,False,False
ISIC_0010576,val,F:\PythonProjects\cv_study_project\data\ISIC2018_Task1-2_Training_Input\ISIC2018_Task1-2_Training_Input\ISIC_0010576.jpg,F:\PythonProjects\cv_study_project\data\ISIC2018_Task1_Training_GroundTruth\ISIC2018_Task1_Training_GroundTruth\ISIC_0010576_segmentation.png,256,256,0.305832,768,1024,3,11.0,240.0,"[0, 255]",False,False,False,False
ISIC_0000112,val,F:\PythonProjects\cv_study_project\data\ISIC2018_Task1-2_Training_Input\ISIC2018_Task1-2_Training_Input\ISIC_0000112.jpg,F:\PythonProjects\cv_study_project\data\ISIC2018_Task1_Training_GroundTruth\ISIC2018_Task1_Training_GroundTruth\ISIC_0000112_segmentation.png,256,256,0.202652,1536,2048,3,0.0,219.0,"[0, 255]",False,False,False,False
ISIC_0000129,val,F:\PythonProjects\cv_study_project\data\ISIC2018_Task1-2_Training_Input\ISIC2018_Task1-2_Training_Input\ISIC_0000129.jpg,F:\PythonProjects\cv_study_project\data\ISIC2018_Task1_Training_GroundTruth\ISIC2018_Task1_Training_GroundTruth\ISIC_0000129_segmentation.png,256,256,0.093765,1536,2048,3,0.0,201.0,"[0, 255]",False,False,False,False
ISIC_0009583,val,F:\PythonProjects\cv_study_project\data\ISIC2018_Task1-2_Training_Input\ISIC2018_Task1-2_Training_Input\ISIC_0009583.jpg,F:\PythonProjects\cv_study_project\data\ISIC2018_Task1_Training_GroundTruth\ISIC2018_Task1_Training_GroundTruth\ISIC_0009583_segmentation.png,256,256,0.047897,2848,4288,3,0.0,231.0,"[0, 255]",False,False,False,False
ISIC_0012089,val,F:\PythonProjects\cv_study_project\data\ISIC2018_Task1-2_Training_Input\ISIC2018_Task1-2_Training_Input\ISIC_0012089.jpg,F:\PythonProjects\cv_study_project\data\ISIC2018_Task1_Training_GroundTruth\ISIC2018_Task1_Training_GroundTruth\ISIC_0012089_segmentation.png,256,256,0.01503,2848,4288,3,7.0,255.0,"[0, 255]",False,False,False,False
ISIC_0011300,val,F:\PythonProjects\cv_study_project\data\ISIC2018_Task1-2_Training_Input\ISIC2018_Task1-2_Training_Input\ISIC_0011300.jpg,F:\PythonProjects\cv_study_project\data\ISIC2018_Task1_Training_GroundTruth\ISIC2018_Task1_Training_GroundTruth\ISIC_0011300_segmentation.png,256,256,0.88266,768,1024,3,2.0,255.0,"[0, 255]",False,False,True,True
ISIC_0000132,val,F:\PythonProjects\cv_study_project\data\ISIC2018_Task1-2_Training_Input\ISIC2018_Task1-2_Training_Input\ISIC_0000132.jpg,F:\PythonProjects\cv_study_project\data\ISIC2018_Task1_Training_GroundTruth\ISIC2018_Task1_Training_GroundTruth\ISIC_0000132_segmentation.png,256,256,0.045868,1536,2048,3,6.0,255.0,"[0, 255]",False,False,False,False
ISIC_0000542,val,F:\PythonProjects\cv_study_project\data\ISIC2018_Task1-2_Training_Input\ISIC2018_Task1-2_Training_Input\ISIC_0000542.jpg,F:\PythonProjects\cv_study_project\data\ISIC2018_Task1_Training_GroundTruth\ISIC2018_Task1_Training_GroundTruth\ISIC_0000542_segmentation.png,256,256,0.425186,719,824,3,0.0,255.0,"[0, 255]",False,False,False,False
ISIC_0008294,val,F:\PythonProjects\cv_study_project\data\ISIC2018_Task1-2_Training_Input\ISIC2018_Task1-2_Training_Input\ISIC_0008294.jpg,F:\PythonProjects\cv_study_project\data\ISIC2018_Task1_Training_GroundTruth\ISIC2018_Task1_Training_GroundTruth\ISIC_0008294_segmentation.png,256,256,0.030396,2016,3024,3,0.0,242.0,"[0, 255]",False,False,False,False
ISIC_0000480,val,F:\PythonProjects\cv_study_project\data\ISIC2018_Task1-2_Training_Input\ISIC2018_Task1-2_Training_Input\ISIC_0000480.jpg,F:\PythonProjects\cv_study_project\data\ISIC2018_Task1_Training_GroundTruth\ISIC2018_Task1_Training_GroundTruth\ISIC_0000480_segmentation.png,256,256,0.194153,802,919,3,0.0,255.0,"[0, 255]",False,False,False,False
ISIC_0000368,val,F:\PythonProjects\cv_study_project\data\ISIC2018_Task1-2_Training_Input\ISIC2018_Task1-2_Training_Input\ISIC_0000368.jpg,F:\PythonProjects\cv_study_project\data\ISIC2018_Task1_Training_GroundTruth\ISIC2018_Task1_Training_GroundTruth\ISIC_0000368_segmentation.png,256,256,0.641479,576,767,3,0.0,255.0,"[0, 255]",False,False,False,False
ISIC_0010606,val,F:\PythonProjects\cv_study_project\data\ISIC2018_Task1-2_Training_Input\ISIC2018_Task1-2_Training_Input\ISIC_0010606.jpg,F:\PythonProjects\cv_study_project\data\ISIC2018_Task1_Training_GroundTruth\ISIC2018_Task1_Training_GroundTruth\ISIC_0010606_segmentation.png,256,256,0.186035,768,1024,3,28.0,255.0,"[0, 255]",False,False,False,False
ISIC_0012221,val,F:\PythonProjects\cv_study_project\data\ISIC2018_Task1-2_Training_Input\ISIC2018_Task1-2_Training_Input\ISIC_0012221.jpg,F:\PythonProjects\cv_study_project\data\ISIC2018_Task1_Training_GroundTruth\ISIC2018_Task1_Training_GroundTruth\ISIC_0012221_segmentation.png,256,256,0.032654,2000,3008,3,1.0,207.0,"[0, 255]",False,False,False,False
ISIC_0006982,val,F:\PythonProjects\cv_study_project\data\ISIC2018_Task1-2_Training_Input\ISIC2018_Task1-2_Training_Input\ISIC_0006982.jpg,F:\PythonProjects\cv_study_project\data\ISIC2018_Task1_Training_GroundTruth\ISIC2018_Task1_Training_GroundTruth\ISIC_0006982_segmentation.png,256,256,0.187332,2016,3024,3,0.0,251.0,"[0, 255]",False,False,False,False
ISIC_0010457,val,F:\PythonProjects\cv_study_project\data\ISIC2018_Task1-2_Training_Input\ISIC2018_Task1-2_Training_Input\ISIC_0010457.jpg,F:\PythonProjects\cv_study_project\data\ISIC2018_Task1_Training_GroundTruth\ISIC2018_Task1_Training_GroundTruth\ISIC_0010457_segmentation.png,256,256,0.839264,768,1024,3,82.0,255.0,"[0, 255]",False,False,False,False
ISIC_0003174,val,F:\PythonProjects\cv_study_project\data\ISIC2018_Task1-2_Training_Input\ISIC2018_Task1-2_Training_Input\ISIC_0003174.jpg,F:\PythonProjects\cv_study_project\data\ISIC2018_Task1_Training_GroundTruth\ISIC2018_Task1_Training_GroundTruth\ISIC_0003174_segmentation.png,256,256,0.047272,2016,3024,3,0.0,255.0,"[0, 255]",False,False,False,False
ISIC_0010086,val,F:\PythonProjects\cv_study_project\data\ISIC2018_Task1-2_Training_Input\ISIC2018_Task1-2_Training_Input\ISIC_0010086.jpg,F:\PythonProjects\cv_study_project\data\ISIC2018_Task1_Training_GroundTruth\ISIC2018_Task1_Training_GroundTruth\ISIC_0010086_segmentation.png,256,256,0.18335,768,1024,3,7.0,253.0,"[0, 255]",False,False,False,False
ISIC_0000006,val,F:\PythonProjects\cv_study_project\data\ISIC2018_Task1-2_Training_Input\ISIC2018_Task1-2_Training_Input\ISIC_0000006.jpg,F:\PythonProjects\cv_study_project\data\ISIC2018_Task1_Training_GroundTruth\ISIC2018_Task1_Training_GroundTruth\ISIC_0000006_segmentation.png,256,256,0.091751,767,1022,3,0.0,231.0,"[0, 255]",False,False,False,False
ISIC_0010053,val,F:\PythonProjects\cv_study_project\data\ISIC2018_Task1-2_Training_Input\ISIC2018_Task1-2_Training_Input\ISIC_0010053.jpg,F:\PythonProjects\cv_study_project\data\ISIC2018_Task1_Training_GroundTruth\ISIC2018_Task1_Training_GroundTruth\ISIC_0010053_segmentation.png,256,256,0.074478,768,1024,3,53.0,220.0,"[0, 255]",False,False,False,False
ISIC_0000393,val,F:\PythonProjects\cv_study_project\data\ISIC2018_Task1-2_Training_Input\ISIC2018_Task1-2_Training_Input\ISIC_0000393.jpg,F:\PythonProjects\cv_study_project\data\ISIC2018_Task1_Training_GroundTruth\ISIC2018_Task1_Training_GroundTruth\ISIC_0000393_segmentation.png,256,256,0.537506,2304,3072,3,38.0,196.0,"[0, 255]",False,False,False,False
ISIC_0012381,val,F:\PythonProjects\cv_study_project\data\ISIC2018_Task1-2_Training_Input\ISIC2018_Task1-2_Training_Input\ISIC_0012381.jpg,F:\PythonProjects\cv_study_project\data\ISIC2018_Task1_Training_GroundTruth\ISIC2018_Task1_Training_GroundTruth\ISIC_0012381_segmentation.png,256,256,0.123337,2000,3008,3,9.0,220.0,"[0, 255]",False,False,False,False
ISIC_0012450,val,F:\PythonProjects\cv_study_project\data\ISIC2018_Task1-2_Training_Input\ISIC2018_Task1-2_Training_Input\ISIC_0012450.jpg,F:\PythonProjects\cv_study_project\data\ISIC2018_Task1_Training_GroundTruth\ISIC2018_Task1_Training_GroundTruth\ISIC_0012450_segmentation.png,256,256,0.034393,2848,4288,3,4.0,215.0,"[0, 255]",False,False,False,False
ISIC_0000534,val,F:\PythonProjects\cv_study_project\data\ISIC2018_Task1-2_Training_Input\ISIC2018_Task1-2_Training_Input\ISIC_0000534.jpg,F:\PythonProjects\cv_study_project\data\ISIC2018_Task1_Training_GroundTruth\ISIC2018_Task1_Training_GroundTruth\ISIC_0000534_segmentation.png,256,256,0.429611,719,824,3,0.0,216.0,"[0, 255]",False,False,False,False
ISIC_0010592,val,F:\PythonProjects\cv_study_project\data\ISIC2018_Task1-2_Training_Input\ISIC2018_Task1-2_Training_Input\ISIC_0010592.jpg,F:\PythonProjects\cv_study_project\data\ISIC2018_Task1_Training_GroundTruth\ISIC2018_Task1_Training_GroundTruth\ISIC_0010592_segmentation.png,256,256,0.01947,768,1024,3,32.0,228.0,"[0, 255]",False,False,False,False
ISIC_0012143,val,F:\PythonProjects\cv_study_project\data\ISIC2018_Task1-2_Training_Input\ISIC2018_Task1-2_Training_Input\ISIC_0012143.jpg,F:\PythonProjects\cv_study_project\data\ISIC2018_Task1_Training_GroundTruth\ISIC2018_Task1_Training_GroundTruth\ISIC_0012143_segmentation.png,256,256,0.187042,2000,3008,3,10.0,237.0,"[0, 255]",False,False,False,False
ISIC_0010202,val,F:\PythonProjects\cv_study_project\data\ISIC2018_Task1-2_Training_Input\ISIC2018_Task1-2_Training_Input\ISIC_0010202.jpg,F:\PythonProjects\cv_study_project\data\ISIC2018_Task1_Training_GroundTruth\ISIC2018_Task1_Training_GroundTruth\ISIC_0010202_segmentation.png,256,256,0.696503,768,1024,3,25.0,245.0,"[0, 255]",False,False,False,False
ISIC_0000397,val,F:\PythonProjects\cv_study_project\data\ISIC2018_Task1-2_Training_Input\ISIC2018_Task1-2_Training_Input\ISIC_0000397.jpg,F:\PythonProjects\cv_study_project\data\ISIC2018_Task1_Training_GroundTruth\ISIC2018_Task1_Training_GroundTruth\ISIC_0000397_segmentation.png,256,256,0.223648,2304,3072,3,16.0,180.0,"[0, 255]",False,False,False,False
ISIC_0001191,val,F:\PythonProjects\cv_study_project\data\ISIC2018_Task1-2_Training_Input\ISIC2018_Task1-2_Training_Input\ISIC_0001191.jpg,F:\PythonProjects\cv_study_project\data\ISIC2018_Task1_Training_GroundTruth\ISIC2018_Task1_Training_GroundTruth\ISIC_0001191_segmentation.png,256,256,0.025833,2848,4288,3,0.0,251.0,"[0, 255]",False,False,False,False
ISIC_0012708,val,F:\PythonProjects\cv_study_project\data\ISIC2018_Task1-2_Training_Input\ISIC2018_Task1-2_Training_Input\ISIC_0012708.jpg,F:\PythonProjects\cv_study_project\data\ISIC2018_Task1_Training_GroundTruth\ISIC2018_Task1_Training_GroundTruth\ISIC_0012708_segmentation.png,256,256,0.065796,2000,3008,3,0.0,255.0,"[0, 255]",False,False,False,False
ISIC_0000034,val,F:\PythonProjects\cv_study_project\data\ISIC2018_Task1-2_Training_Input\ISIC2018_Task1-2_Training_Input\ISIC_0000034.jpg,F:\PythonProjects\cv_study_project\data\ISIC2018_Task1_Training_GroundTruth\ISIC2018_Task1_Training_GroundTruth\ISIC_0000034_segmentation.png,256,256,0.20607,1129,1504,3,0.0,248.0,"[0, 255]",False,False,False,False
ISIC_0011296,val,F:\PythonProjects\cv_study_project\data\ISIC2018_Task1-2_Training_Input\ISIC2018_Task1-2_Training_Input\ISIC_0011296.jpg,F:\PythonProjects\cv_study_project\data\ISIC2018_Task1_Training_GroundTruth\ISIC2018_Task1_Training_GroundTruth\ISIC_0011296_segmentation.png,256,256,0.187363,768,1024,3,47.0,215.0,"[0, 255]",False,False,False,False
ISIC_0000113,val,F:\PythonProjects\cv_study_project\data\ISIC2018_Task1-2_Training_Input\ISIC2018_Task1-2_Training_Input\ISIC_0000113.jpg,F:\PythonProjects\cv_study_project\data\ISIC2018_Task1_Training_GroundTruth\ISIC2018_Task1_Training_GroundTruth\ISIC_0000113_segmentation.png,256,256,0.180862,2112,2816,3,0.0,255.0,"[0, 255]",False,False,False,False
ISIC_0000221,val,F:\PythonProjects\cv_study_project\data\ISIC2018_Task1-2_Training_Input\ISIC2018_Task1-2_Training_Input\ISIC_0000221.jpg,F:\PythonProjects\cv_study_project\data\ISIC2018_Task1_Training_GroundTruth\ISIC2018_Task1_Training_GroundTruth\ISIC_0000221_segmentation.png,256,256,0.158005,671,962,3,7.0,255.0,"[0, 255]",False,False,False,False
ISIC_0011334,val,F:\PythonProjects\cv_study_project\data\ISIC2018_Task1-2_Training_Input\ISIC2018_Task1-2_Training_Input\ISIC_0011334.jpg,F:\PythonProjects\cv_study_project\data\ISIC2018_Task1_Training_GroundTruth\ISIC2018_Task1_Training_GroundTruth\ISIC_0011334_segmentation.png,256,256,0.954269,768,1024,3,0.0,244.0,"[0, 255]",False,False,True,True
ISIC_0010362,val,F:\PythonProjects\cv_study_project\data\ISIC2018_Task1-2_Training_Input\ISIC2018_Task1-2_Training_Input\ISIC_0010362.jpg,F:\PythonProjects\cv_study_project\data\ISIC2018_Task1_Training_GroundTruth\ISIC2018_Task1_Training_GroundTruth\ISIC_0010362_segmentation.png,256,256,0.050919,768,1024,3,9.0,253.0,"[0, 255]",False,False,False,False
ISIC_0000170,val,F:\PythonProjects\cv_study_project\data\ISIC2018_Task1-2_Training_Input\ISIC2018_Task1-2_Training_Input\ISIC_0000170.jpg,F:\PythonProjects\cv_study_project\data\ISIC2018_Task1_Training_GroundTruth\ISIC2018_Task1_Training_GroundTruth\ISIC_0000170_segmentation.png,256,256,0.385254,542,722,3,0.0,255.0,"[0, 255]",False,False,False,False
ISIC_0001960,val,F:\PythonProjects\cv_study_project\data\ISIC2018_Task1-2_Training_Input\ISIC2018_Task1-2_Training_Input\ISIC_0001960.jpg,F:\PythonProjects\cv_study_project\data\ISIC2018_Task1_Training_GroundTruth\ISIC2018_Task1_Training_GroundTruth\ISIC_0001960_segmentation.png,256,256,0.047394,2016,3024,3,0.0,255.0,"[0, 255]",False,False,False,False
ISIC_0010479,val,F:\PythonProjects\cv_study_project\data\ISIC2018_Task1-2_Training_Input\ISIC2018_Task1-2_Training_Input\ISIC_0010479.jpg,F:\PythonProjects\cv_study_project\data\ISIC2018_Task1_Training_GroundTruth\ISIC2018_Task1_Training_GroundTruth\ISIC_0010479_segmentation.png,256,256,0.445374,768,1024,3,24.0,206.0,"[0, 255]",False,False,False,False
ISIC_0012147,val,F:\PythonProjects\cv_study_project\data\ISIC2018_Task1-2_Training_Input\ISIC2018_Task1-2_Training_Input\ISIC_0012147.jpg,F:\PythonProjects\cv_study_project\data\ISIC2018_Task1_Training_GroundTruth\ISIC2018_Task1_Training_GroundTruth\ISIC_0012147_segmentation.png,256,256,0.035263,2000,3008,3,11.0,255.0,"[0, 255]",False,False,False,False
ISIC_0000460,val,F:\PythonProjects\cv_study_project\data\ISIC2018_Task1-2_Training_Input\ISIC2018_Task1-2_Training_Input\ISIC_0000460.jpg,F:\PythonProjects\cv_study_project\data\ISIC2018_Task1_Training_GroundTruth\ISIC2018_Task1_Training_GroundTruth\ISIC_0000460_segmentation.png,256,256,0.17659,802,919,3,8.0,190.0,"[0, 255]",False,False,False,False
ISIC_0012351,val,F:\PythonProjects\cv_study_project\data\ISIC2018_Task1-2_Training_Input\ISIC2018_Task1-2_Training_Input\ISIC_0012351.jpg,F:\PythonProjects\cv_study_project\data\ISIC2018_Task1_Training_GroundTruth\ISIC2018_Task1_Training_GroundTruth\ISIC_0012351_segmentation.png,256,256,0.03125,2000,3008,3,6.0,224.0,"[0, 255]",False,False,False,False
ISIC_0000332,val,F:\PythonProjects\cv_study_project\data\ISIC2018_Task1-2_Training_Input\ISIC2018_Task1-2_Training_Input\ISIC_0000332.jpg,F:\PythonProjects\cv_study_project\data\ISIC2018_Task1_Training_GroundTruth\ISIC2018_Task1_Training_GroundTruth\ISIC_0000332_segmentation.png,256,256,0.139908,576,767,3,0.0,255.0,"[0, 255]",False,False,False,False
ISIC_0010435,val,F:\PythonProjects\cv_study_project\data\ISIC2018_Task1-2_Training_Input\ISIC2018_Task1-2_Training_Input\ISIC_0010435.jpg,F:\PythonProjects\cv_study_project\data\ISIC2018_Task1_Training_GroundTruth\ISIC2018_Task1_Training_GroundTruth\ISIC_0010435_segmentation.png,256,256,0.085907,768,1024,3,0.0,253.0,"[0, 255]",False,False,False,False
ISIC_0012661,val,F:\PythonProjects\cv_study_project\data\ISIC2018_Task1-2_Training_Input\ISIC2018_Task1-2_Training_Input\ISIC_0012661.jpg,F:\PythonProjects\cv_study_project\data\ISIC2018_Task1_Training_GroundTruth\ISIC2018_Task1_Training_GroundTruth\ISIC_0012661_segmentation.png,256,256,0.101212,1536,2304,3,0.0,216.0,"[0, 255]",False,False,False,False
ISIC_0012108,val,F:\PythonProjects\cv_study_project\data\ISIC2018_Task1-2_Training_Input\ISIC2018_Task1-2_Training_Input\ISIC_0012108.jpg,F:\PythonProjects\cv_study_project\data\ISIC2018_Task1_Training_GroundTruth\ISIC2018_Task1_Training_GroundTruth\ISIC_0012108_segmentation.png,256,256,0.059723,2000,3008,3,4.0,255.0,"[0, 255]",False,False,False,False
ISIC_0000484,val,F:\PythonProjects\cv_study_project\data\ISIC2018_Task1-2_Training_Input\ISIC2018_Task1-2_Training_Input\ISIC_0000484.jpg,F:\PythonProjects\cv_study_project\data\ISIC2018_Task1_Training_GroundTruth\ISIC2018_Task1_Training_GroundTruth\ISIC_0000484_segmentation.png,256,256,0.525177,802,919,3,13.0,212.0,"[0, 255]",False,False,False,False
ISIC_0001852,val,F:\PythonProjects\cv_study_project\data\ISIC2018_Task1-2_Training_Input\ISIC2018_Task1-2_Training_Input\ISIC_0001852.jpg,F:\PythonProjects\cv_study_project\data\ISIC2018_Task1_Training_GroundTruth\ISIC2018_Task1_Training_GroundTruth\ISIC_0001852_segmentation.png,256,256,0.021439,2016,3024,3,6.0,255.0,"[0, 255]",False,False,False,False
ISIC_0000247,val,F:\PythonProjects\cv_study_project\data\ISIC2018_Task1-2_Training_Input\ISIC2018_Task1-2_Training_Input\ISIC_0000247.jpg,F:\PythonProjects\cv_study_project\data\ISIC2018_Task1_Training_GroundTruth\ISIC2018_Task1_Training_GroundTruth\ISIC_0000247_segmentation.png,256,256,0.11853,768,1024,3,0.0,180.0,"[0, 255]",False,False,False,False
ISIC_0009939,val,F:\PythonProjects\cv_study_project\data\ISIC2018_Task1-2_Training_Input\ISIC2018_Task1-2_Training_Input\ISIC_0009939.jpg,F:\PythonProjects\cv_study_project\data\ISIC2018_Task1_Training_GroundTruth\ISIC2018_Task1_Training_GroundTruth\ISIC_0009939_segmentation.png,256,256,0.248108,768,1024,3,11.0,181.0,"[0, 255]",False,False,False,False
ISIC_0010186,val,F:\PythonProjects\cv_study_project\data\ISIC2018_Task1-2_Training_Input\ISIC2018_Task1-2_Training_Input\ISIC_0010186.jpg,F:\PythonProjects\cv_study_project\data\ISIC2018_Task1_Training_GroundTruth\ISIC2018_Task1_Training_GroundTruth\ISIC_0010186_segmentation.png,256,256,0.34549,768,1024,3,40.0,210.0,"[0, 255]",False,False,False,False
ISIC_0000137,val,F:\PythonProjects\cv_study_project\data\ISIC2018_Task1-2_Training_Input\ISIC2018_Task1-2_Training_Input\ISIC_0000137.jpg,F:\PythonProjects\cv_study_project\data\ISIC2018_Task1_Training_GroundTruth\ISIC2018_Task1_Training_GroundTruth\ISIC_0000137_segmentation.png,256,256,0.246277,1536,2048,3,0.0,229.0,"[0, 255]",False,False,False,False
ISIC_0000222,val,F:\PythonProjects\cv_study_project\data\ISIC2018_Task1-2_Training_Input\ISIC2018_Task1-2_Training_Input\ISIC_0000222.jpg,F:\PythonProjects\cv_study_project\data\ISIC2018_Task1_Training_GroundTruth\ISIC2018_Task1_Training_GroundTruth\ISIC_0000222_segmentation.png,256,256,0.525757,645,966,3,0.0,255.0,"[0, 255]",False,False,False,False
ISIC_0000122,val,F:\PythonProjects\cv_study_project\data\ISIC2018_Task1-2_Training_Input\ISIC2018_Task1-2_Training_Input\ISIC_0000122.jpg,F:\PythonProjects\cv_study_project\data\ISIC2018_Task1_Training_GroundTruth\ISIC2018_Task1_Training_GroundTruth\ISIC_0000122_segmentation.png,256,256,0.390366,1536,2048,3,6.0,254.0,"[0, 255]",False,False,False,False
ISIC_0010494,val,F:\PythonProjects\cv_study_project\data\ISIC2018_Task1-2_Training_Input\ISIC2018_Task1-2_Training_Input\ISIC_0010494.jpg,F:\PythonProjects\cv_study_project\data\ISIC2018_Task1_Training_GroundTruth\ISIC2018_Task1_Training_GroundTruth\ISIC_0010494_segmentation.png,256,256,0.32901,768,1024,3,0.0,255.0,"[0, 255]",False,False,False,False
ISIC_0010219,val,F:\PythonProjects\cv_study_project\data\ISIC2018_Task1-2_Training_Input\ISIC2018_Task1-2_Training_Input\ISIC_0010219.jpg,F:\PythonProjects\cv_study_project\data\ISIC2018_Task1_Training_GroundTruth\ISIC2018_Task1_Training_GroundTruth\ISIC_0010219_segmentation.png,256,256,0.200851,768,1024,3,0.0,188.0,"[0, 255]",False,False,False,False
ISIC_0010256,val,F:\PythonProjects\cv_study_project\data\ISIC2018_Task1-2_Training_Input\ISIC2018_Task1-2_Training_Input\ISIC_0010256.jpg,F:\PythonProjects\cv_study_project\data\ISIC2018_Task1_Training_GroundTruth\ISIC2018_Task1_Training_GroundTruth\ISIC_0010256_segmentation.png,256,256,0.032379,768,1024,3,5.0,190.0,"[0, 255]",False,False,False,False
ISIC_0009975,val,F:\PythonProjects\cv_study_project\data\ISIC2018_Task1-2_Training_Input\ISIC2018_Task1-2_Training_Input\ISIC_0009975.jpg,F:\PythonProjects\cv_study_project\data\ISIC2018_Task1_Training_GroundTruth\ISIC2018_Task1_Training_GroundTruth\ISIC_0009975_segmentation.png,256,256,0.218842,768,1024,3,1.0,247.0,"[0, 255]",False,False,False,False
ISIC_0010327,val,F:\PythonProjects\cv_study_project\data\ISIC2018_Task1-2_Training_Input\ISIC2018_Task1-2_Training_Input\ISIC_0010327.jpg,F:\PythonProjects\cv_study_project\data\ISIC2018_Task1_Training_GroundTruth\ISIC2018_Task1_Training_GroundTruth\ISIC_0010327_segmentation.png,256,256,0.180405,768,1024,3,0.0,250.0,"[0, 255]",False,False,False,False
ISIC_0012670,val,F:\PythonProjects\cv_study_project\data\ISIC2018_Task1-2_Training_Input\ISIC2018_Task1-2_Training_Input\ISIC_0012670.jpg,F:\PythonProjects\cv_study_project\data\ISIC2018_Task1_Training_GroundTruth\ISIC2018_Task1_Training_GroundTruth\ISIC_0012670_segmentation.png,256,256,0.028015,2000,3008,3,7.0,255.0,"[0, 255]",False,False,False,False
ISIC_0000214,val,F:\PythonProjects\cv_study_project\data\ISIC2018_Task1-2_Training_Input\ISIC2018_Task1-2_Training_Input\ISIC_0000214.jpg,F:\PythonProjects\cv_study_project\data\ISIC2018_Task1_Training_GroundTruth\ISIC2018_Task1_Training_GroundTruth\ISIC_0000214_segmentation.png,256,256,0.249191,642,958,3,0.0,255.0,"[0, 255]",False,False,False,False
ISIC_0000481,val,F:\PythonProjects\cv_study_project\data\ISIC2018_Task1-2_Training_Input\ISIC2018_Task1-2_Training_Input\ISIC_0000481.jpg,F:\PythonProjects\cv_study_project\data\ISIC2018_Task1_Training_GroundTruth\ISIC2018_Task1_Training_GroundTruth\ISIC_0000481_segmentation.png,256,256,0.687454,802,919,3,3.0,175.0,"[0, 255]",False,False,False,False
ISIC_0010204,val,F:\PythonProjects\cv_study_project\data\ISIC2018_Task1-2_Training_Input\ISIC2018_Task1-2_Training_Input\ISIC_0010204.jpg,F:\PythonProjects\cv_study_project\data\ISIC2018_Task1_Training_GroundTruth\ISIC2018_Task1_Training_GroundTruth\ISIC_0010204_segmentation.png,256,256,0.977081,768,1024,3,74.0,255.0,"[0, 255]",False,False,True,True
ISIC_0012127,val,F:\PythonProjects\cv_study_project\data\ISIC2018_Task1-2_Training_Input\ISIC2018_Task1-2_Training_Input\ISIC_0012127.jpg,F:\PythonProjects\cv_study_project\data\ISIC2018_Task1_Training_GroundTruth\ISIC2018_Task1_Training_GroundTruth\ISIC_0012127_segmentation.png,256,256,0.017731,2000,3008,3,5.0,255.0,"[0, 255]",False,False,False,False
ISIC_0001296,val,F:\PythonProjects\cv_study_project\data\ISIC2018_Task1-2_Training_Input\ISIC2018_Task1-2_Training_Input\ISIC_0001296.jpg,F:\PythonProjects\cv_study_project\data\ISIC2018_Task1_Training_GroundTruth\ISIC2018_Task1_Training_GroundTruth\ISIC_0001296_segmentation.png,256,256,0.053665,2016,3024,3,20.0,240.0,"[0, 255]",False,False,False,False
ISIC_0010567,val,F:\PythonProjects\cv_study_project\data\ISIC2018_Task1-2_Training_Input\ISIC2018_Task1-2_Training_Input\ISIC_0010567.jpg,F:\PythonProjects\cv_study_project\data\ISIC2018_Task1_Training_GroundTruth\ISIC2018_Task1_Training_GroundTruth\ISIC_0010567_segmentation.png,256,256,0.110626,768,1024,3,27.0,214.0,"[0, 255]",False,False,False,False
ISIC_0012126,val,F:\PythonProjects\cv_study_project\data\ISIC2018_Task1-2_Training_Input\ISIC2018_Task1-2_Training_Input\ISIC_0012126.jpg,F:\PythonProjects\cv_study_project\data\ISIC2018_Task1_Training_GroundTruth\ISIC2018_Task1_Training_GroundTruth\ISIC_0012126_segmentation.png,256,256,0.012512,2000,3008,3,6.0,212.0,"[0, 255]",False,False,False,False
ISIC_0012094,val,F:\PythonProjects\cv_study_project\data\ISIC2018_Task1-2_Training_Input\ISIC2018_Task1-2_Training_Input\ISIC_0012094.jpg,F:\PythonProjects\cv_study_project\data\ISIC2018_Task1_Training_GroundTruth\ISIC2018_Task1_Training_GroundTruth\ISIC_0012094_segmentation.png,256,256,0.020538,2000,3008,3,7.0,189.0,"[0, 255]",False,False,False,False
ISIC_0000314,val,F:\PythonProjects\cv_study_project\data\ISIC2018_Task1-2_Training_Input\ISIC2018_Task1-2_Training_Input\ISIC_0000314.jpg,F:\PythonProjects\cv_study_project\data\ISIC2018_Task1_Training_GroundTruth\ISIC2018_Task1_Training_GroundTruth\ISIC_0000314_segmentation.png,256,256,0.329605,576,767,3,0.0,255.0,"[0, 255]",False,False,False,False
ISIC_0012213,val,F:\PythonProjects\cv_study_project\data\ISIC2018_Task1-2_Training_Input\ISIC2018_Task1-2_Training_Input\ISIC_0012213.jpg,F:\PythonProjects\cv_study_project\data\ISIC2018_Task1_Training_GroundTruth\ISIC2018_Task1_Training_GroundTruth\ISIC_0012213_segmentation.png,256,256,0.015198,2000,3008,3,14.0,229.0,"[0, 255]",False,False,False,False
ISIC_0000535,val,F:\PythonProjects\cv_study_project\data\ISIC2018_Task1-2_Training_Input\ISIC2018_Task1-2_Training_Input\ISIC_0000535.jpg,F:\PythonProjects\cv_study_project\data\ISIC2018_Task1_Training_GroundTruth\ISIC2018_Task1_Training_GroundTruth\ISIC_0000535_segmentation.png,256,256,0.211243,719,824,3,0.0,228.0,"[0, 255]",False,False,False,False
ISIC_0010604,val,F:\PythonProjects\cv_study_project\data\ISIC2018_Task1-2_Training_Input\ISIC2018_Task1-2_Training_Input\ISIC_0010604.jpg,F:\PythonProjects\cv_study_project\data\ISIC2018_Task1_Training_GroundTruth\ISIC2018_Task1_Training_GroundTruth\ISIC_0010604_segmentation.png,256,256,0.929489,768,1024,3,47.0,255.0,"[0, 255]",False,False,True,True
ISIC_0006021,val,F:\PythonProjects\cv_study_project\data\ISIC2018_Task1-2_Training_Input\ISIC2018_Task1-2_Training_Input\ISIC_0006021.jpg,F:\PythonProjects\cv_study_project\data\ISIC2018_Task1_Training_GroundTruth\ISIC2018_Task1_Training_GroundTruth\ISIC_0006021_segmentation.png,256,256,0.067215,2848,4288,3,7.0,244.0,"[0, 255]",False,False,False,False
ISIC_0001213,val,F:\PythonProjects\cv_study_project\data\ISIC2018_Task1-2_Training_Input\ISIC2018_Task1-2_Training_Input\ISIC_0001213.jpg,F:\PythonProjects\cv_study_project\data\ISIC2018_Task1_Training_GroundTruth\ISIC2018_Task1_Training_GroundTruth\ISIC_0001213_segmentation.png,256,256,0.041931,2848,4288,3,0.0,255.0,"[0, 255]",False,False,False,False
ISIC_0011132,val,F:\PythonProjects\cv_study_project\data\ISIC2018_Task1-2_Training_Input\ISIC2018_Task1-2_Training_Input\ISIC_0011132.jpg,F:\PythonProjects\cv_study_project\data\ISIC2018_Task1_Training_GroundTruth\ISIC2018_Task1_Training_GroundTruth\ISIC_0011132_segmentation.png,256,256,0.189056,768,1024,3,21.0,189.0,"[0, 255]",False,False,False,False
ISIC_0012167,val,F:\PythonProjects\cv_study_project\data\ISIC2018_Task1-2_Training_Input\ISIC2018_Task1-2_Training_Input\ISIC_0012167.jpg,F:\PythonProjects\cv_study_project\data\ISIC2018_Task1_Training_GroundTruth\ISIC2018_Task1_Training_GroundTruth\ISIC_0012167_segmentation.png,256,256,0.050278,2000,3008,3,15.0,255.0,"[0, 255]",False,False,False,False
ISIC_0009918,val,F:\PythonProjects\cv_study_project\data\ISIC2018_Task1-2_Training_Input\ISIC2018_Task1-2_Training_Input\ISIC_0009918.jpg,F:\PythonProjects\cv_study_project\data\ISIC2018_Task1_Training_GroundTruth\ISIC2018_Task1_Training_GroundTruth\ISIC_0009918_segmentation.png,256,256,0.536697,768,1024,3,0.0,218.0,"[0, 255]",False,False,False,False
ISIC_0000068,val,F:\PythonProjects\cv_study_project\data\ISIC2018_Task1-2_Training_Input\ISIC2018_Task1-2_Training_Input\ISIC_0000068.jpg,F:\PythonProjects\cv_study_project\data\ISIC2018_Task1_Training_GroundTruth\ISIC2018_Task1_Training_GroundTruth\ISIC_0000068_segmentation.png,256,256,0.363663,722,962,3,0.0,249.0,"[0, 255]",False,False,False,False
ISIC_0000152,val,F:\PythonProjects\cv_study_project\data\ISIC2018_Task1-2_Training_Input\ISIC2018_Task1-2_Training_Input\ISIC_0000152.jpg,F:\PythonProjects\cv_study_project\data\ISIC2018_Task1_Training_GroundTruth\ISIC2018_Task1_Training_GroundTruth\ISIC_0000152_segmentation.png,256,256,0.226685,1944,2592,3,4.0,226.0,"[0, 255]",False,False,False,False
ISIC_0001126,val,F:\PythonProjects\cv_study_project\data\ISIC2018_Task1-2_Training_Input\ISIC2018_Task1-2_Training_Input\ISIC_0001126.jpg,F:\PythonProjects\cv_study_project\data\ISIC2018_Task1_Training_GroundTruth\ISIC2018_Task1_Training_GroundTruth\ISIC_0001126_segmentation.png,256,256,0.205383,2304,3072,3,17.0,207.0,"[0, 255]",False,False,False,False
ISIC_0000133,val,F:\PythonProjects\cv_study_project\data\ISIC2018_Task1-2_Training_Input\ISIC2018_Task1-2_Training_Input\ISIC_0000133.jpg,F:\PythonProjects\cv_study_project\data\ISIC2018_Task1_Training_GroundTruth\ISIC2018_Task1_Training_GroundTruth\ISIC_0000133_segmentation.png,256,256,0.14183,1536,2048,3,0.0,230.0,"[0, 255]",False,False,False,False
ISIC_0000160,val,F:\PythonProjects\cv_study_project\data\ISIC2018_Task1-2_Training_Input\ISIC2018_Task1-2_Training_Input\ISIC_0000160.jpg,F:\PythonProjects\cv_study_project\data\ISIC2018_Task1_Training_GroundTruth\ISIC2018_Task1_Training_GroundTruth\ISIC_0000160_segmentation.png,256,256,0.711105,540,722,3,0.0,255.0,"[0, 255]",False,False,False,False
ISIC_0000017,val,F:\PythonProjects\cv_study_project\data\ISIC2018_Task1-2_Training_Input\ISIC2018_Task1-2_Training_Input\ISIC_0000017.jpg,F:\PythonProjects\cv_study_project\data\ISIC2018_Task1_Training_GroundTruth\ISIC2018_Task1_Training_GroundTruth\ISIC_0000017_segmentation.png,256,256,0.154297,1129,1504,3,0.0,190.0,"[0, 255]",False,False,False,False
ISIC_0012685,val,F:\PythonProjects\cv_study_project\data\ISIC2018_Task1-2_Training_Input\ISIC2018_Task1-2_Training_Input\ISIC_0012685.jpg,F:\PythonProjects\cv_study_project\data\ISIC2018_Task1_Training_GroundTruth\ISIC2018_Task1_Training_GroundTruth\ISIC_0012685_segmentation.png,256,256,0.04126,2000,3008,3,3.0,213.0,"[0, 255]",False,False,False,False
ISIC_0001133,val,F:\PythonProjects\cv_study_project\data\ISIC2018_Task1-2_Training_Input\ISIC2018_Task1-2_Training_Input\ISIC_0001133.jpg,F:\PythonProjects\cv_study_project\data\ISIC2018_Task1_Training_GroundTruth\ISIC2018_Task1_Training_GroundTruth\ISIC_0001133_segmentation.png,256,256,0.242401,2304,3072,3,0.0,255.0,"[0, 255]",False,False,False,False
ISIC_0011345,test,F:\PythonProjects\cv_study_project\data\ISIC2018_Task1-2_Training_Input\ISIC2018_Task1-2_Training_Input\ISIC_0011345.jpg,F:\PythonProjects\cv_study_project\data\ISIC2018_Task1_Training_GroundTruth\ISIC2018_Task1_Training_GroundTruth\ISIC_0011345_segmentation.png,256,256,0.116913,768,1024,3,0.0,201.0,"[0, 255]",False,False,False,False
ISIC_0000047,test,F:\PythonProjects\cv_study_project\data\ISIC2018_Task1-2_Training_Input\ISIC2018_Task1-2_Training_Input\ISIC_0000047.jpg,F:\PythonProjects\cv_study_project\data\ISIC2018_Task1_Training_GroundTruth\ISIC2018_Task1_Training_GroundTruth\ISIC_0000047_segmentation.png,256,256,0.246613,1129,1504,3,0.0,228.0,"[0, 255]",False,False,False,False
ISIC_0009937,test,F:\PythonProjects\cv_study_project\data\ISIC2018_Task1-2_Training_Input\ISIC2018_Task1-2_Training_Input\ISIC_0009937.jpg,F:\PythonProjects\cv_study_project\data\ISIC2018_Task1_Training_GroundTruth\ISIC2018_Task1_Training_GroundTruth\ISIC_0009937_segmentation.png,256,256,0.074188,768,1024,3,13.0,205.0,"[0, 255]",False,False,False,False
ISIC_0000145,test,F:\PythonProjects\cv_study_project\data\ISIC2018_Task1-2_Training_Input\ISIC2018_Task1-2_Training_Input\ISIC_0000145.jpg,F:\PythonProjects\cv_study_project\data\ISIC2018_Task1_Training_GroundTruth\ISIC2018_Task1_Training_GroundTruth\ISIC_0000145_segmentation.png,256,256,0.30426,1536,2048,3,0.0,255.0,"[0, 255]",False,False,False,False
ISIC_0000999,test,F:\PythonProjects\cv_study_project\data\ISIC2018_Task1-2_Training_Input\ISIC2018_Task1-2_Training_Input\ISIC_0000999.jpg,F:\PythonProjects\cv_study_project\data\ISIC2018_Task1_Training_GroundTruth\ISIC2018_Task1_Training_GroundTruth\ISIC_0000999_segmentation.png,256,256,0.086029,2016,3024,3,0.0,255.0,"[0, 255]",False,False,False,False
ISIC_0001449,test,F:\PythonProjects\cv_study_project\data\ISIC2018_Task1-2_Training_Input\ISIC2018_Task1-2_Training_Input\ISIC_0001449.jpg,F:\PythonProjects\cv_study_project\data\ISIC2018_Task1_Training_GroundTruth\ISIC2018_Task1_Training_GroundTruth\ISIC_0001449_segmentation.png,256,256,0.052353,2016,3024,3,0.0,255.0,"[0, 255]",False,False,False,False
ISIC_0000278,test,F:\PythonProjects\cv_study_project\data\ISIC2018_Task1-2_Training_Input\ISIC2018_Task1-2_Training_Input\ISIC_0000278.jpg,F:\PythonProjects\cv_study_project\data\ISIC2018_Task1_Training_GroundTruth\ISIC2018_Task1_Training_GroundTruth\ISIC_0000278_segmentation.png,256,256,0.554047,768,1024,3,0.0,255.0,"[0, 255]",False,False,False,False
ISIC_0010445,test,F:\PythonProjects\cv_study_project\data\ISIC2018_Task1-2_Training_Input\ISIC2018_Task1-2_Training_Input\ISIC_0010445.jpg,F:\PythonProjects\cv_study_project\data\ISIC2018_Task1_Training_GroundTruth\ISIC2018_Task1_Training_GroundTruth\ISIC_0010445_segmentation.png,256,256,0.24028,768,1024,3,21.0,255.0,"[0, 255]",False,False,False,False
ISIC_0011146,test,F:\PythonProjects\cv_study_project\data\ISIC2018_Task1-2_Training_Input\ISIC2018_Task1-2_Training_Input\ISIC_0011146.jpg,F:\PythonProjects\cv_study_project\data\ISIC2018_Task1_Training_GroundTruth\ISIC2018_Task1_Training_GroundTruth\ISIC_0011146_segmentation.png,256,256,0.135117,768,1024,3,21.0,212.0,"[0, 255]",False,False,False,False
ISIC_0010347,test,F:\PythonProjects\cv_study_project\data\ISIC2018_Task1-2_Training_Input\ISIC2018_Task1-2_Training_Input\ISIC_0010347.jpg,F:\PythonProjects\cv_study_project\data\ISIC2018_Task1_Training_GroundTruth\ISIC2018_Task1_Training_GroundTruth\ISIC_0010347_segmentation.png,256,256,0.261536,768,1024,3,47.0,234.0,"[0, 255]",False,False,False,False
ISIC_0010029,test,F:\PythonProjects\cv_study_project\data\ISIC2018_Task1-2_Training_Input\ISIC2018_Task1-2_Training_Input\ISIC_0010029.jpg,F:\PythonProjects\cv_study_project\data\ISIC2018_Task1_Training_GroundTruth\ISIC2018_Task1_Training_GroundTruth\ISIC_0010029_segmentation.png,256,256,0.435272,768,1024,3,0.0,255.0,"[0, 255]",False,False,False,False
ISIC_0012379,test,F:\PythonProjects\cv_study_project\data\ISIC2018_Task1-2_Training_Input\ISIC2018_Task1-2_Training_Input\ISIC_0012379.jpg,F:\PythonProjects\cv_study_project\data\ISIC2018_Task1_Training_GroundTruth\ISIC2018_Task1_Training_GroundTruth\ISIC_0012379_segmentation.png,256,256,0.47731,2000,3008,3,6.0,248.0,"[0, 255]",False,False,False,False
ISIC_0009430,test,F:\PythonProjects\cv_study_project\data\ISIC2018_Task1-2_Training_Input\ISIC2018_Task1-2_Training_Input\ISIC_0009430.jpg,F:\PythonProjects\cv_study_project\data\ISIC2018_Task1_Training_GroundTruth\ISIC2018_Task1_Training_GroundTruth\ISIC_0009430_segmentation.png,256,256,0.077271,2016,3024,3,0.0,255.0,"[0, 255]",False,False,False,False
ISIC_0000505,test,F:\PythonProjects\cv_study_project\data\ISIC2018_Task1-2_Training_Input\ISIC2018_Task1-2_Training_Input\ISIC_0000505.jpg,F:\PythonProjects\cv_study_project\data\ISIC2018_Task1_Training_GroundTruth\ISIC2018_Task1_Training_GroundTruth\ISIC_0000505_segmentation.png,256,256,0.151108,802,919,3,0.0,250.0,"[0, 255]",False,False,False,False
ISIC_0012272,test,F:\PythonProjects\cv_study_project\data\ISIC2018_Task1-2_Training_Input\ISIC2018_Task1-2_Training_Input\ISIC_0012272.jpg,F:\PythonProjects\cv_study_project\data\ISIC2018_Task1_Training_GroundTruth\ISIC2018_Task1_Training_GroundTruth\ISIC_0012272_segmentation.png,256,256,0.258728,2848,4288,3,15.0,240.0,"[0, 255]",False,False,False,False
ISIC_0000530,test,F:\PythonProjects\cv_study_project\data\ISIC2018_Task1-2_Training_Input\ISIC2018_Task1-2_Training_Input\ISIC_0000530.jpg,F:\PythonProjects\cv_study_project\data\ISIC2018_Task1_Training_GroundTruth\ISIC2018_Task1_Training_GroundTruth\ISIC_0000530_segmentation.png,256,256,0.232864,802,919,3,0.0,234.0,"[0, 255]",False,False,False,False
ISIC_0010255,test,F:\PythonProjects\cv_study_project\data\ISIC2018_Task1-2_Training_Input\ISIC2018_Task1-2_Training_Input\ISIC_0010255.jpg,F:\PythonProjects\cv_study_project\data\ISIC2018_Task1_Training_GroundTruth\ISIC2018_Task1_Training_GroundTruth\ISIC_0010255_segmentation.png,256,256,0.032333,768,1024,3,8.0,208.0,"[0, 255]",False,False,False,False
ISIC_0011176,test,F:\PythonProjects\cv_study_project\data\ISIC2018_Task1-2_Training_Input\ISIC2018_Task1-2_Training_Input\ISIC_0011176.jpg,F:\PythonProjects\cv_study_project\data\ISIC2018_Task1_Training_GroundTruth\ISIC2018_Task1_Training_GroundTruth\ISIC_0011176_segmentation.png,256,256,0.280884,768,1024,3,0.0,239.0,"[0, 255]",False,False,False,False
ISIC_0012413,test,F:\PythonProjects\cv_study_project\data\ISIC2018_Task1-2_Training_Input\ISIC2018_Task1-2_Training_Input\ISIC_0012413.jpg,F:\PythonProjects\cv_study_project\data\ISIC2018_Task1_Training_GroundTruth\ISIC2018_Task1_Training_GroundTruth\ISIC_0012413_segmentation.png,256,256,0.041534,2000,3008,3,15.0,255.0,"[0, 255]",False,False,False,False
ISIC_0000395,test,F:\PythonProjects\cv_study_project\data\ISIC2018_Task1-2_Training_Input\ISIC2018_Task1-2_Training_Input\ISIC_0000395.jpg,F:\PythonProjects\cv_study_project\data\ISIC2018_Task1_Training_GroundTruth\ISIC2018_Task1_Training_GroundTruth\ISIC_0000395_segmentation.png,256,256,0.417603,2304,3072,3,7.0,212.0,"[0, 255]",False,False,False,False
ISIC_0011330,test,F:\PythonProjects\cv_study_project\data\ISIC2018_Task1-2_Training_Input\ISIC2018_Task1-2_Training_Input\ISIC_0011330.jpg,F:\PythonProjects\cv_study_project\data\ISIC2018_Task1_Training_GroundTruth\ISIC2018_Task1_Training_GroundTruth\ISIC_0011330_segmentation.png,256,256,0.087585,768,1024,3,0.0,255.0,"[0, 255]",False,False,False,False
ISIC_0010572,test,F:\PythonProjects\cv_study_project\data\ISIC2018_Task1-2_Training_Input\ISIC2018_Task1-2_Training_Input\ISIC_0010572.jpg,F:\PythonProjects\cv_study_project\data\ISIC2018_Task1_Training_GroundTruth\ISIC2018_Task1_Training_GroundTruth\ISIC_0010572_segmentation.png,256,256,0.487839,768,1024,3,23.0,255.0,"[0, 255]",False,False,False,False
ISIC_0000300,test,F:\PythonProjects\cv_study_project\data\ISIC2018_Task1-2_Training_Input\ISIC2018_Task1-2_Training_Input\ISIC_0000300.jpg,F:\PythonProjects\cv_study_project\data\ISIC2018_Task1_Training_GroundTruth\ISIC2018_Task1_Training_GroundTruth\ISIC_0000300_segmentation.png,256,256,0.470413,576,767,3,0.0,255.0,"[0, 255]",False,False,False,False
ISIC_0000294,test,F:\PythonProjects\cv_study_project\data\ISIC2018_Task1-2_Training_Input\ISIC2018_Task1-2_Training_Input\ISIC_0000294.jpg,F:\PythonProjects\cv_study_project\data\ISIC2018_Task1_Training_GroundTruth\ISIC2018_Task1_Training_GroundTruth\ISIC_0000294_segmentation.png,256,256,0.735352,768,1024,3,8.0,254.0,"[0, 255]",False,False,False,False
ISIC_0011211,test,F:\PythonProjects\cv_study_project\data\ISIC2018_Task1-2_Training_Input\ISIC2018_Task1-2_Training_Input\ISIC_0011211.jpg,F:\PythonProjects\cv_study_project\data\ISIC2018_Task1_Training_GroundTruth\ISIC2018_Task1_Training_GroundTruth\ISIC_0011211_segmentation.png,256,256,0.390259,768,1024,3,27.0,231.0,"[0, 255]",False,False,False,False
ISIC_0000155,test,F:\PythonProjects\cv_study_project\data\ISIC2018_Task1-2_Training_Input\ISIC2018_Task1-2_Training_Input\ISIC_0000155.jpg,F:\PythonProjects\cv_study_project\data\ISIC2018_Task1_Training_GroundTruth\ISIC2018_Task1_Training_GroundTruth\ISIC_0000155_segmentation.png,256,256,0.482193,1536,2048,3,5.0,255.0,"[0, 255]",False,False,False,False
ISIC_0010605,test,F:\PythonProjects\cv_study_project\data\ISIC2018_Task1-2_Training_Input\ISIC2018_Task1-2_Training_Input\ISIC_0010605.jpg,F:\PythonProjects\cv_study_project\data\ISIC2018_Task1_Training_GroundTruth\ISIC2018_Task1_Training_GroundTruth\ISIC_0010605_segmentation.png,256,256,0.768402,768,1024,3,21.0,255.0,"[0, 255]",False,False,False,False
ISIC_0000196,test,F:\PythonProjects\cv_study_project\data\ISIC2018_Task1-2_Training_Input\ISIC2018_Task1-2_Training_Input\ISIC_0000196.jpg,F:\PythonProjects\cv_study_project\data\ISIC2018_Task1_Training_GroundTruth\ISIC2018_Task1_Training_GroundTruth\ISIC_0000196_segmentation.png,256,256,0.319443,1036,1494,3,0.0,255.0,"[0, 255]",False,False,False,False
ISIC_0012658,test,F:\PythonProjects\cv_study_project\data\ISIC2018_Task1-2_Training_Input\ISIC2018_Task1-2_Training_Input\ISIC_0012658.jpg,F:\PythonProjects\cv_study_project\data\ISIC2018_Task1_Training_GroundTruth\ISIC2018_Task1_Training_GroundTruth\ISIC_0012658_segmentation.png,256,256,0.098999,1536,2304,3,0.0,255.0,"[0, 255]",False,False,False,False
ISIC_0012697,test,F:\PythonProjects\cv_study_project\data\ISIC2018_Task1-2_Training_Input\ISIC2018_Task1-2_Training_Input\ISIC_0012697.jpg,F:\PythonProjects\cv_study_project\data\ISIC2018_Task1_Training_GroundTruth\ISIC2018_Task1_Training_GroundTruth\ISIC_0012697_segmentation.png,256,256,0.032074,2000,3008,3,0.0,210.0,"[0, 255]",False,False,False,False
ISIC_0001267,test,F:\PythonProjects\cv_study_project\data\ISIC2018_Task1-2_Training_Input\ISIC2018_Task1-2_Training_Input\ISIC_0001267.jpg,F:\PythonProjects\cv_study_project\data\ISIC2018_Task1_Training_GroundTruth\ISIC2018_Task1_Training_GroundTruth\ISIC_0001267_segmentation.png,256,256,0.057358,2016,3024,3,5.0,213.0,"[0, 255]",False,False,False,False
ISIC_0000131,test,F:\PythonProjects\cv_study_project\data\ISIC2018_Task1-2_Training_Input\ISIC2018_Task1-2_Training_Input\ISIC_0000131.jpg,F:\PythonProjects\cv_study_project\data\ISIC2018_Task1_Training_GroundTruth\ISIC2018_Task1_Training_GroundTruth\ISIC_0000131_segmentation.png,256,256,0.260468,1536,2048,3,0.0,255.0,"[0, 255]",False,False,False,False
ISIC_0001247,test,F:\PythonProjects\cv_study_project\data\ISIC2018_Task1-2_Training_Input\ISIC2018_Task1-2_Training_Input\ISIC_0001247.jpg,F:\PythonProjects\cv_study_project\data\ISIC2018_Task1_Training_GroundTruth\ISIC2018_Task1_Training_GroundTruth\ISIC_0001247_segmentation.png,256,256,0.057449,2016,3024,3,6.0,241.0,"[0, 255]",False,False,False,False
ISIC_0009083,test,F:\PythonProjects\cv_study_project\data\ISIC2018_Task1-2_Training_Input\ISIC2018_Task1-2_Training_Input\ISIC_0009083.jpg,F:\PythonProjects\cv_study_project\data\ISIC2018_Task1_Training_GroundTruth\ISIC2018_Task1_Training_GroundTruth\ISIC_0009083_segmentation.png,256,256,0.060455,2848,4288,3,0.0,255.0,"[0, 255]",False,False,False,False
ISIC_0010002,test,F:\PythonProjects\cv_study_project\data\ISIC2018_Task1-2_Training_Input\ISIC2018_Task1-2_Training_Input\ISIC_0010002.jpg,F:\PythonProjects\cv_study_project\data\ISIC2018_Task1_Training_GroundTruth\ISIC2018_Task1_Training_GroundTruth\ISIC_0010002_segmentation.png,256,256,0.296936,768,1024,3,4.0,219.0,"[0, 255]",False,False,False,False
ISIC_0000254,test,F:\PythonProjects\cv_study_project\data\ISIC2018_Task1-2_Training_Input\ISIC2018_Task1-2_Training_Input\ISIC_0000254.jpg,F:\PythonProjects\cv_study_project\data\ISIC2018_Task1_Training_GroundTruth\ISIC2018_Task1_Training_GroundTruth\ISIC_0000254_segmentation.png,256,256,0.191757,768,1024,3,0.0,206.0,"[0, 255]",False,False,False,False
ISIC_0000043,test,F:\PythonProjects\cv_study_project\data\ISIC2018_Task1-2_Training_Input\ISIC2018_Task1-2_Training_Input\ISIC_0000043.jpg,F:\PythonProjects\cv_study_project\data\ISIC2018_Task1_Training_GroundTruth\ISIC2018_Task1_Training_GroundTruth\ISIC_0000043_segmentation.png,256,256,0.410065,1129,1504,3,0.0,255.0,"[0, 255]",False,False,False,False
ISIC_0010847,test,F:\PythonProjects\cv_study_project\data\ISIC2018_Task1-2_Training_Input\ISIC2018_Task1-2_Training_Input\ISIC_0010847.jpg,F:\PythonProjects\cv_study_project\data\ISIC2018_Task1_Training_GroundTruth\ISIC2018_Task1_Training_GroundTruth\ISIC_0010847_segmentation.png,256,256,0.355988,768,1024,3,21.0,236.0,"[0, 255]",False,False,False,False
ISIC_0009896,test,F:\PythonProjects\cv_study_project\data\ISIC2018_Task1-2_Training_Input\ISIC2018_Task1-2_Training_Input\ISIC_0009896.jpg,F:\PythonProjects\cv_study_project\data\ISIC2018_Task1_Training_GroundTruth\ISIC2018_Task1_Training_GroundTruth\ISIC_0009896_segmentation.png,256,256,0.343277,768,1024,3,18.0,252.0,"[0, 255]",False,False,False,False
ISIC_0012238,test,F:\PythonProjects\cv_study_project\data\ISIC2018_Task1-2_Training_Input\ISIC2018_Task1-2_Training_Input\ISIC_0012238.jpg,F:\PythonProjects\cv_study_project\data\ISIC2018_Task1_Training_GroundTruth\ISIC2018_Task1_Training_GroundTruth\ISIC_0012238_segmentation.png,256,256,0.081223,2848,4288,3,16.0,242.0,"[0, 255]",False,False,False,False
ISIC_0000001,test,F:\PythonProjects\cv_study_project\data\ISIC2018_Task1-2_Training_Input\ISIC2018_Task1-2_Training_Input\ISIC_0000001.jpg,F:\PythonProjects\cv_study_project\data\ISIC2018_Task1_Training_GroundTruth\ISIC2018_Task1_Training_GroundTruth\ISIC_0000001_segmentation.png,256,256,0.070435,767,1022,3,4.0,197.0,"[0, 255]",False,False,False,False
ISIC_0011205,test,F:\PythonProjects\cv_study_project\data\ISIC2018_Task1-2_Training_Input\ISIC2018_Task1-2_Training_Input\ISIC_0011205.jpg,F:\PythonProjects\cv_study_project\data\ISIC2018_Task1_Training_GroundTruth\ISIC2018_Task1_Training_GroundTruth\ISIC_0011205_segmentation.png,256,256,0.096237,768,1024,3,20.0,255.0,"[0, 255]",False,False,False,False
ISIC_0011292,test,F:\PythonProjects\cv_study_project\data\ISIC2018_Task1-2_Training_Input\ISIC2018_Task1-2_Training_Input\ISIC_0011292.jpg,F:\PythonProjects\cv_study_project\data\ISIC2018_Task1_Training_GroundTruth\ISIC2018_Task1_Training_GroundTruth\ISIC_0011292_segmentation.png,256,256,0.118362,768,1024,3,19.0,255.0,"[0, 255]",False,False,False,False
ISIC_0000385,test,F:\PythonProjects\cv_study_project\data\ISIC2018_Task1-2_Training_Input\ISIC2018_Task1-2_Training_Input\ISIC_0000385.jpg,F:\PythonProjects\cv_study_project\data\ISIC2018_Task1_Training_GroundTruth\ISIC2018_Task1_Training_GroundTruth\ISIC_0000385_segmentation.png,256,256,0.176926,2304,3072,3,37.0,222.0,"[0, 255]",False,False,False,False
ISIC_0010032,test,F:\PythonProjects\cv_study_project\data\ISIC2018_Task1-2_Training_Input\ISIC2018_Task1-2_Training_Input\ISIC_0010032.jpg,F:\PythonProjects\cv_study_project\data\ISIC2018_Task1_Training_GroundTruth\ISIC2018_Task1_Training_GroundTruth\ISIC_0010032_segmentation.png,256,256,0.131699,768,1024,3,0.0,240.0,"[0, 255]",False,False,False,False
ISIC_0012357,test,F:\PythonProjects\cv_study_project\data\ISIC2018_Task1-2_Training_Input\ISIC2018_Task1-2_Training_Input\ISIC_0012357.jpg,F:\PythonProjects\cv_study_project\data\ISIC2018_Task1_Training_GroundTruth\ISIC2018_Task1_Training_GroundTruth\ISIC_0012357_segmentation.png,256,256,0.073944,2000,3008,3,41.0,248.0,"[0, 255]",False,False,False,False
ISIC_0012699,test,F:\PythonProjects\cv_study_project\data\ISIC2018_Task1-2_Training_Input\ISIC2018_Task1-2_Training_Input\ISIC_0012699.jpg,F:\PythonProjects\cv_study_project\data\ISIC2018_Task1_Training_GroundTruth\ISIC2018_Task1_Training_GroundTruth\ISIC_0012699_segmentation.png,256,256,0.03009,2000,3008,3,14.0,199.0,"[0, 255]",False,False,False,False
ISIC_0012290,test,F:\PythonProjects\cv_study_project\data\ISIC2018_Task1-2_Training_Input\ISIC2018_Task1-2_Training_Input\ISIC_0012290.jpg,F:\PythonProjects\cv_study_project\data\ISIC2018_Task1_Training_GroundTruth\ISIC2018_Task1_Training_GroundTruth\ISIC_0012290_segmentation.png,256,256,0.539185,2000,3008,3,35.0,255.0,"[0, 255]",False,False,False,False
ISIC_0008406,test,F:\PythonProjects\cv_study_project\data\ISIC2018_Task1-2_Training_Input\ISIC2018_Task1-2_Training_Input\ISIC_0008406.jpg,F:\PythonProjects\cv_study_project\data\ISIC2018_Task1_Training_GroundTruth\ISIC2018_Task1_Training_GroundTruth\ISIC_0008406_segmentation.png,256,256,0.038528,2848,4288,3,0.0,255.0,"[0, 255]",False,False,False,False
ISIC_0000240,test,F:\PythonProjects\cv_study_project\data\ISIC2018_Task1-2_Training_Input\ISIC2018_Task1-2_Training_Input\ISIC_0000240.jpg,F:\PythonProjects\cv_study_project\data\ISIC2018_Task1_Training_GroundTruth\ISIC2018_Task1_Training_GroundTruth\ISIC_0000240_segmentation.png,256,256,0.172714,768,1024,3,14.0,186.0,"[0, 255]",False,False,False,False
ISIC_0011115,test,F:\PythonProjects\cv_study_project\data\ISIC2018_Task1-2_Training_Input\ISIC2018_Task1-2_Training_Input\ISIC_0011115.jpg,F:\PythonProjects\cv_study_project\data\ISIC2018_Task1_Training_GroundTruth\ISIC2018_Task1_Training_GroundTruth\ISIC_0011115_segmentation.png,256,256,0.031418,768,1024,3,0.0,253.0,"[0, 255]",False,False,False,False
ISIC_0000444,test,F:\PythonProjects\cv_study_project\data\ISIC2018_Task1-2_Training_Input\ISIC2018_Task1-2_Training_Input\ISIC_0000444.jpg,F:\PythonProjects\cv_study_project\data\ISIC2018_Task1_Training_GroundTruth\ISIC2018_Task1_Training_GroundTruth\ISIC_0000444_segmentation.png,256,256,0.102829,2304,3072,3,7.0,227.0,"[0, 255]",False,False,False,False
ISIC_0011092,test,F:\PythonProjects\cv_study_project\data\ISIC2018_Task1-2_Training_Input\ISIC2018_Task1-2_Training_Input\ISIC_0011092.jpg,F:\PythonProjects\cv_study_project\data\ISIC2018_Task1_Training_GroundTruth\ISIC2018_Task1_Training_GroundTruth\ISIC_0011092_segmentation.png,256,256,0.113281,768,1024,3,0.0,212.0,"[0, 255]",False,False,False,False
ISIC_0002975,test,F:\PythonProjects\cv_study_project\data\ISIC2018_Task1-2_Training_Input\ISIC2018_Task1-2_Training_Input\ISIC_0002975.jpg,F:\PythonProjects\cv_study_project\data\ISIC2018_Task1_Training_GroundTruth\ISIC2018_Task1_Training_GroundTruth\ISIC_0002975_segmentation.png,256,256,0.0401,2848,4288,3,0.0,249.0,"[0, 255]",False,False,False,False
ISIC_0000008,test,F:\PythonProjects\cv_study_project\data\ISIC2018_Task1-2_Training_Input\ISIC2018_Task1-2_Training_Input\ISIC_0000008.jpg,F:\PythonProjects\cv_study_project\data\ISIC2018_Task1_Training_GroundTruth\ISIC2018_Task1_Training_GroundTruth\ISIC_0000008_segmentation.png,256,256,0.337219,767,1022,3,11.0,234.0,"[0, 255]",False,False,False,False
ISIC_0010455,test,F:\PythonProjects\cv_study_project\data\ISIC2018_Task1-2_Training_Input\ISIC2018_Task1-2_Training_Input\ISIC_0010455.jpg,F:\PythonProjects\cv_study_project\data\ISIC2018_Task1_Training_GroundTruth\ISIC2018_Task1_Training_GroundTruth\ISIC_0010455_segmentation.png,256,256,0.542923,768,1024,3,23.0,255.0,"[0, 255]",False,False,False,False
ISIC_0000378,test,F:\PythonProjects\cv_study_project\data\ISIC2018_Task1-2_Training_Input\ISIC2018_Task1-2_Training_Input\ISIC_0000378.jpg,F:\PythonProjects\cv_study_project\data\ISIC2018_Task1_Training_GroundTruth\ISIC2018_Task1_Training_GroundTruth\ISIC_0000378_segmentation.png,256,256,0.349945,2122,2530,3,11.0,178.0,"[0, 255]",False,False,False,False
ISIC_0010337,test,F:\PythonProjects\cv_study_project\data\ISIC2018_Task1-2_Training_Input\ISIC2018_Task1-2_Training_Input\ISIC_0010337.jpg,F:\PythonProjects\cv_study_project\data\ISIC2018_Task1_Training_GroundTruth\ISIC2018_Task1_Training_GroundTruth\ISIC_0010337_segmentation.png,256,256,0.195236,768,1024,3,0.0,255.0,"[0, 255]",False,False,False,False
ISIC_0008116,test,F:\PythonProjects\cv_study_project\data\ISIC2018_Task1-2_Training_Input\ISIC2018_Task1-2_Training_Input\ISIC_0008116.jpg,F:\PythonProjects\cv_study_project\data\ISIC2018_Task1_Training_GroundTruth\ISIC2018_Task1_Training_GroundTruth\ISIC_0008116_segmentation.png,256,256,0.065216,2016,3024,3,22.0,251.0,"[0, 255]",False,False,False,False
ISIC_0012740,test,F:\PythonProjects\cv_study_project\data\ISIC2018_Task1-2_Training_Input\ISIC2018_Task1-2_Training_Input\ISIC_0012740.jpg,F:\PythonProjects\cv_study_project\data\ISIC2018_Task1_Training_GroundTruth\ISIC2018_Task1_Training_GroundTruth\ISIC_0012740_segmentation.png,256,256,0.011169,2000,3008,3,0.0,219.0,"[0, 255]",False,False,False,False
ISIC_0012678,test,F:\PythonProjects\cv_study_project\data\ISIC2018_Task1-2_Training_Input\ISIC2018_Task1-2_Training_Input\ISIC_0012678.jpg,F:\PythonProjects\cv_study_project\data\ISIC2018_Task1_Training_GroundTruth\ISIC2018_Task1_Training_GroundTruth\ISIC_0012678_segmentation.png,256,256,0.066559,2000,3008,3,13.0,244.0,"[0, 255]",False,False,False,False
ISIC_0012510,test,F:\PythonProjects\cv_study_project\data\ISIC2018_Task1-2_Training_Input\ISIC2018_Task1-2_Training_Input\ISIC_0012510.jpg,F:\PythonProjects\cv_study_project\data\ISIC2018_Task1_Training_GroundTruth\ISIC2018_Task1_Training_GroundTruth\ISIC_0012510_segmentation.png,256,256,0.927719,2848,4288,3,7.0,193.0,"[0, 255]",False,False,True,True
ISIC_0011225,test,F:\PythonProjects\cv_study_project\data\ISIC2018_Task1-2_Training_Input\ISIC2018_Task1-2_Training_Input\ISIC_0011225.jpg,F:\PythonProjects\cv_study_project\data\ISIC2018_Task1_Training_GroundTruth\ISIC2018_Task1_Training_GroundTruth\ISIC_0011225_segmentation.png,256,256,0.023697,768,1024,3,0.0,191.0,"[0, 255]",False,False,False,False
ISIC_0000260,test,F:\PythonProjects\cv_study_project\data\ISIC2018_Task1-2_Training_Input\ISIC2018_Task1-2_Training_Input\ISIC_0000260.jpg,F:\PythonProjects\cv_study_project\data\ISIC2018_Task1_Training_GroundTruth\ISIC2018_Task1_Training_GroundTruth\ISIC_0000260_segmentation.png,256,256,0.164169,768,1024,3,0.0,238.0,"[0, 255]",False,False,False,False
ISIC_0000026,test,F:\PythonProjects\cv_study_project\data\ISIC2018_Task1-2_Training_Input\ISIC2018_Task1-2_Training_Input\ISIC_0000026.jpg,F:\PythonProjects\cv_study_project\data\ISIC2018_Task1_Training_GroundTruth\ISIC2018_Task1_Training_GroundTruth\ISIC_0000026_segmentation.png,256,256,0.533508,1129,1504,3,0.0,183.0,"[0, 255]",False,False,False,False
ISIC_0011344,test,F:\PythonProjects\cv_study_project\data\ISIC2018_Task1-2_Training_Input\ISIC2018_Task1-2_Training_Input\ISIC_0011344.jpg,F:\PythonProjects\cv_study_project\data\ISIC2018_Task1_Training_GroundTruth\ISIC2018_Task1_Training_GroundTruth\ISIC_0011344_segmentation.png,256,256,0.165329,768,1024,3,3.0,255.0,"[0, 255]",False,False,False,False
ISIC_0002206,test,F:\PythonProjects\cv_study_project\data\ISIC2018_Task1-2_Training_Input\ISIC2018_Task1-2_Training_Input\ISIC_0002206.jpg,F:\PythonProjects\cv_study_project\data\ISIC2018_Task1_Training_GroundTruth\ISIC2018_Task1_Training_GroundTruth\ISIC_0002206_segmentation.png,256,256,0.05014,2016,3024,3,15.0,255.0,"[0, 255]",False,False,False,False
ISIC_0011202,test,F:\PythonProjects\cv_study_project\data\ISIC2018_Task1-2_Training_Input\ISIC2018_Task1-2_Training_Input\ISIC_0011202.jpg,F:\PythonProjects\cv_study_project\data\ISIC2018_Task1_Training_GroundTruth\ISIC2018_Task1_Training_GroundTruth\ISIC_0011202_segmentation.png,256,256,0.184402,768,1024,3,47.0,212.0,"[0, 255]",False,False,False,False
ISIC_0010497,test,F:\PythonProjects\cv_study_project\data\ISIC2018_Task1-2_Training_Input\ISIC2018_Task1-2_Training_Input\ISIC_0010497.jpg,F:\PythonProjects\cv_study_project\data\ISIC2018_Task1_Training_GroundTruth\ISIC2018_Task1_Training_GroundTruth\ISIC_0010497_segmentation.png,256,256,0.550766,768,1024,3,46.0,207.0,"[0, 255]",False,False,False,False
ISIC_0012227,test,F:\PythonProjects\cv_study_project\data\ISIC2018_Task1-2_Training_Input\ISIC2018_Task1-2_Training_Input\ISIC_0012227.jpg,F:\PythonProjects\cv_study_project\data\ISIC2018_Task1_Training_GroundTruth\ISIC2018_Task1_Training_GroundTruth\ISIC_0012227_segmentation.png,256,256,0.272461,2848,4288,3,15.0,244.0,"[0, 255]",False,False,False,False
ISIC_0010058,test,F:\PythonProjects\cv_study_project\data\ISIC2018_Task1-2_Training_Input\ISIC2018_Task1-2_Training_Input\ISIC_0010058.jpg,F:\PythonProjects\cv_study_project\data\ISIC2018_Task1_Training_GroundTruth\ISIC2018_Task1_Training_GroundTruth\ISIC_0010058_segmentation.png,256,256,0.264893,768,1024,3,35.0,192.0,"[0, 255]",False,False,False,False
ISIC_0010066,test,F:\PythonProjects\cv_study_project\data\ISIC2018_Task1-2_Training_Input\ISIC2018_Task1-2_Training_Input\ISIC_0010066.jpg,F:\PythonProjects\cv_study_project\data\ISIC2018_Task1_Training_GroundTruth\ISIC2018_Task1_Training_GroundTruth\ISIC_0010066_segmentation.png,256,256,0.290924,768,1024,3,10.0,215.0,"[0, 255]",False,False,False,False
ISIC_0000143,test,F:\PythonProjects\cv_study_project\data\ISIC2018_Task1-2_Training_Input\ISIC2018_Task1-2_Training_Input\ISIC_0000143.jpg,F:\PythonProjects\cv_study_project\data\ISIC2018_Task1_Training_GroundTruth\ISIC2018_Task1_Training_GroundTruth\ISIC_0000143_segmentation.png,256,256,0.278091,1944,2592,3,0.0,218.0,"[0, 255]",False,False,False,False
ISIC_0012228,test,F:\PythonProjects\cv_study_project\data\ISIC2018_Task1-2_Training_Input\ISIC2018_Task1-2_Training_Input\ISIC_0012228.jpg,F:\PythonProjects\cv_study_project\data\ISIC2018_Task1_Training_GroundTruth\ISIC2018_Task1_Training_GroundTruth\ISIC_0012228_segmentation.png,256,256,0.054047,2848,4288,3,12.0,221.0,"[0, 255]",False,False,False,False
ISIC_0012713,test,F:\PythonProjects\cv_study_project\data\ISIC2018_Task1-2_Training_Input\ISIC2018_Task1-2_Training_Input\ISIC_0012713.jpg,F:\PythonProjects\cv_study_project\data\ISIC2018_Task1_Training_GroundTruth\ISIC2018_Task1_Training_GroundTruth\ISIC_0012713_segmentation.png,256,256,0.010147,2000,3008,3,20.0,255.0,"[0, 255]",False,False,False,False
ISIC_0000382,test,F:\PythonProjects\cv_study_project\data\ISIC2018_Task1-2_Training_Input\ISIC2018_Task1-2_Training_Input\ISIC_0000382.jpg,F:\PythonProjects\cv_study_project\data\ISIC2018_Task1_Training_GroundTruth\ISIC2018_Task1_Training_GroundTruth\ISIC_0000382_segmentation.png,256,256,0.271332,2067,2314,3,17.0,194.0,"[0, 255]",False,False,False,False
ISIC_0000364,test,F:\PythonProjects\cv_study_project\data\ISIC2018_Task1-2_Training_Input\ISIC2018_Task1-2_Training_Input\ISIC_0000364.jpg,F:\PythonProjects\cv_study_project\data\ISIC2018_Task1_Training_GroundTruth\ISIC2018_Task1_Training_GroundTruth\ISIC_0000364_segmentation.png,256,256,0.469589,576,767,3,0.0,255.0,"[0, 255]",False,False,False,False
ISIC_0000249,test,F:\PythonProjects\cv_study_project\data\ISIC2018_Task1-2_Training_Input\ISIC2018_Task1-2_Training_Input\ISIC_0000249.jpg,F:\PythonProjects\cv_study_project\data\ISIC2018_Task1_Training_GroundTruth\ISIC2018_Task1_Training_GroundTruth\ISIC_0000249_segmentation.png,256,256,0.163742,768,1024,3,0.0,228.0,"[0, 255]",False,False,False,False
ISIC_0000105,test,F:\PythonProjects\cv_study_project\data\ISIC2018_Task1-2_Training_Input\ISIC2018_Task1-2_Training_Input\ISIC_0000105.jpg,F:\PythonProjects\cv_study_project\data\ISIC2018_Task1_Training_GroundTruth\ISIC2018_Task1_Training_GroundTruth\ISIC_0000105_segmentation.png,256,256,0.072205,1944,2592,3,0.0,226.0,"[0, 255]",False,False,False,False
ISIC_0000207,test,F:\PythonProjects\cv_study_project\data\ISIC2018_Task1-2_Training_Input\ISIC2018_Task1-2_Training_Input\ISIC_0000207.jpg,F:\PythonProjects\cv_study_project\data\ISIC2018_Task1_Training_GroundTruth\ISIC2018_Task1_Training_GroundTruth\ISIC_0000207_segmentation.png,256,256,0.852875,701,1062,3,0.0,255.0,"[0, 255]",False,False,True,True
ISIC_0010858,test,F:\PythonProjects\cv_study_project\data\ISIC2018_Task1-2_Training_Input\ISIC2018_Task1-2_Training_Input\ISIC_0010858.jpg,F:\PythonProjects\cv_study_project\data\ISIC2018_Task1_Training_GroundTruth\ISIC2018_Task1_Training_GroundTruth\ISIC_0010858_segmentation.png,256,256,0.25354,768,1024,3,36.0,237.0,"[0, 255]",False,False,False,False
ISIC_0011120,test,F:\PythonProjects\cv_study_project\data\ISIC2018_Task1-2_Training_Input\ISIC2018_Task1-2_Training_Input\ISIC_0011120.jpg,F:\PythonProjects\cv_study_project\data\ISIC2018_Task1_Training_GroundTruth\ISIC2018_Task1_Training_GroundTruth\ISIC_0011120_segmentation.png,256,256,0.948517,768,1024,3,7.0,255.0,"[0, 255]",False,False,True,True
ISIC_0000328,test,F:\PythonProjects\cv_study_project\data\ISIC2018_Task1-2_Training_Input\ISIC2018_Task1-2_Training_Input\ISIC_0000328.jpg,F:\PythonProjects\cv_study_project\data\ISIC2018_Task1_Training_GroundTruth\ISIC2018_Task1_Training_GroundTruth\ISIC_0000328_segmentation.png,256,256,0.421814,576,767,3,0.0,255.0,"[0, 255]",False,False,False,False
ISIC_0012475,test,F:\PythonProjects\cv_study_project\data\ISIC2018_Task1-2_Training_Input\ISIC2018_Task1-2_Training_Input\ISIC_0012475.jpg,F:\PythonProjects\cv_study_project\data\ISIC2018_Task1_Training_GroundTruth\ISIC2018_Task1_Training_GroundTruth\ISIC_0012475_segmentation.png,256,256,0.112061,2848,4288,3,21.0,255.0,"[0, 255]",False,False,False,False
ISIC_0009998,test,F:\PythonProjects\cv_study_project\data\ISIC2018_Task1-2_Training_Input\ISIC2018_Task1-2_Training_Input\ISIC_0009998.jpg,F:\PythonProjects\cv_study_project\data\ISIC2018_Task1_Training_GroundTruth\ISIC2018_Task1_Training_GroundTruth\ISIC_0009998_segmentation.png,256,256,0.249191,768,1024,3,1.0,255.0,"[0, 255]",False,False,False,False
ISIC_0010177,test,F:\PythonProjects\cv_study_project\data\ISIC2018_Task1-2_Training_Input\ISIC2018_Task1-2_Training_Input\ISIC_0010177.jpg,F:\PythonProjects\cv_study_project\data\ISIC2018_Task1_Training_GroundTruth\ISIC2018_Task1_Training_GroundTruth\ISIC_0010177_segmentation.png,256,256,0.042816,768,1024,3,3.0,255.0,"[0, 255]",False,False,False,False
ISIC_0012164,test,F:\PythonProjects\cv_study_project\data\ISIC2018_Task1-2_Training_Input\ISIC2018_Task1-2_Training_Input\ISIC_0012164.jpg,F:\PythonProjects\cv_study_project\data\ISIC2018_Task1_Training_GroundTruth\ISIC2018_Task1_Training_GroundTruth\ISIC_0012164_segmentation.png,256,256,0.018768,2000,3008,3,18.0,222.0,"[0, 255]",False,False,False,False
ISIC_0010320,test,F:\PythonProjects\cv_study_project\data\ISIC2018_Task1-2_Training_Input\ISIC2018_Task1-2_Training_Input\ISIC_0010320.jpg,F:\PythonProjects\cv_study_project\data\ISIC2018_Task1_Training_GroundTruth\ISIC2018_Task1_Training_GroundTruth\ISIC_0010320_segmentation.png,256,256,0.679047,768,1024,3,1.0,255.0,"[0, 255]",False,False,False,False
ISIC_0012173,test,F:\PythonProjects\cv_study_project\data\ISIC2018_Task1-2_Training_Input\ISIC2018_Task1-2_Training_Input\ISIC_0012173.jpg,F:\PythonProjects\cv_study_project\data\ISIC2018_Task1_Training_GroundTruth\ISIC2018_Task1_Training_GroundTruth\ISIC_0012173_segmentation.png,256,256,0.07785,2000,3008,3,10.0,247.0,"[0, 255]",False,False,False,False
ISIC_0002948,test,F:\PythonProjects\cv_study_project\data\ISIC2018_Task1-2_Training_Input\ISIC2018_Task1-2_Training_Input\ISIC_0002948.jpg,F:\PythonProjects\cv_study_project\data\ISIC2018_Task1_Training_GroundTruth\ISIC2018_Task1_Training_GroundTruth\ISIC_0002948_segmentation.png,256,256,0.056915,2016,3024,3,0.0,255.0,"[0, 255]",False,False,False,False
ISIC_0011230,test,F:\PythonProjects\cv_study_project\data\ISIC2018_Task1-2_Training_Input\ISIC2018_Task1-2_Training_Input\ISIC_0011230.jpg,F:\PythonProjects\cv_study_project\data\ISIC2018_Task1_Training_GroundTruth\ISIC2018_Task1_Training_GroundTruth\ISIC_0011230_segmentation.png,256,256,0.11438,768,1024,3,8.0,247.0,"[0, 255]",False,False,False,False
ISIC_0012700,test,F:\PythonProjects\cv_study_project\data\ISIC2018_Task1-2_Training_Input\ISIC2018_Task1-2_Training_Input\ISIC_0012700.jpg,F:\PythonProjects\cv_study_project\data\ISIC2018_Task1_Training_GroundTruth\ISIC2018_Task1_Training_GroundTruth\ISIC_0012700_segmentation.png,256,256,0.037552,2000,3008,3,10.0,218.0,"[0, 255]",False,False,False,False
ISIC_0001427,test,F:\PythonProjects\cv_study_project\data\ISIC2018_Task1-2_Training_Input\ISIC2018_Task1-2_Training_Input\ISIC_0001427.jpg,F:\PythonProjects\cv_study_project\data\ISIC2018_Task1_Training_GroundTruth\ISIC2018_Task1_Training_GroundTruth\ISIC_0001427_segmentation.png,256,256,0.065201,2016,3024,3,0.0,255.0,"[0, 255]",False,False,False,False
ISIC_0012725,test,F:\PythonProjects\cv_study_project\data\ISIC2018_Task1-2_Training_Input\ISIC2018_Task1-2_Training_Input\ISIC_0012725.jpg,F:\PythonProjects\cv_study_project\data\ISIC2018_Task1_Training_GroundTruth\ISIC2018_Task1_Training_GroundTruth\ISIC_0012725_segmentation.png,256,256,0.026245,2000,3008,3,3.0,237.0,"[0, 255]",False,False,False,False
ISIC_0003056,test,F:\PythonProjects\cv_study_project\data\ISIC2018_Task1-2_Training_Input\ISIC2018_Task1-2_Training_Input\ISIC_0003056.jpg,F:\PythonProjects\cv_study_project\data\ISIC2018_Task1_Training_GroundTruth\ISIC2018_Task1_Training_GroundTruth\ISIC_0003056_segmentation.png,256,256,0.032913,2848,4288,3,0.0,255.0,"[0, 255]",False,False,False,False
ISIC_0000340,test,F:\PythonProjects\cv_study_project\data\ISIC2018_Task1-2_Training_Input\ISIC2018_Task1-2_Training_Input\ISIC_0000340.jpg,F:\PythonProjects\cv_study_project\data\ISIC2018_Task1_Training_GroundTruth\ISIC2018_Task1_Training_GroundTruth\ISIC_0000340_segmentation.png,256,256,0.154648,576,767,3,0.0,255.0,"[0, 255]",False,False,False,False
ISIC_0010467,test,F:\PythonProjects\cv_study_project\data\ISIC2018_Task1-2_Training_Input\ISIC2018_Task1-2_Training_Input\ISIC_0010467.jpg,F:\PythonProjects\cv_study_project\data\ISIC2018_Task1_Training_GroundTruth\ISIC2018_Task1_Training_GroundTruth\ISIC_0010467_segmentation.png,256,256,0.105881,768,1024,3,0.0,218.0,"[0, 255]",False,False,False,False
ISIC_0010168,test,F:\PythonProjects\cv_study_project\data\ISIC2018_Task1-2_Training_Input\ISIC2018_Task1-2_Training_Input\ISIC_0010168.jpg,F:\PythonProjects\cv_study_project\data\ISIC2018_Task1_Training_GroundTruth\ISIC2018_Task1_Training_GroundTruth\ISIC_0010168_segmentation.png,256,256,0.24823,768,1024,3,10.0,240.0,"[0, 255]",False,False,False,False
ISIC_0011088,test,F:\PythonProjects\cv_study_project\data\ISIC2018_Task1-2_Training_Input\ISIC2018_Task1-2_Training_Input\ISIC_0011088.jpg,F:\PythonProjects\cv_study_project\data\ISIC2018_Task1_Training_GroundTruth\ISIC2018_Task1_Training_GroundTruth\ISIC_0011088_segmentation.png,256,256,0.307495,768,1024,3,0.0,208.0,"[0, 255]",False,False,False,False
ISIC_0000532,test,F:\PythonProjects\cv_study_project\data\ISIC2018_Task1-2_Training_Input\ISIC2018_Task1-2_Training_Input\ISIC_0000532.jpg,F:\PythonProjects\cv_study_project\data\ISIC2018_Task1_Training_GroundTruth\ISIC2018_Task1_Training_GroundTruth\ISIC_0000532_segmentation.png,256,256,0.211395,802,919,3,10.0,208.0,"[0, 255]",False,False,False,False
ISIC_0009758,test,F:\PythonProjects\cv_study_project\data\ISIC2018_Task1-2_Training_Input\ISIC2018_Task1-2_Training_Input\ISIC_0009758.jpg,F:\PythonProjects\cv_study_project\data\ISIC2018_Task1_Training_GroundTruth\ISIC2018_Task1_Training_GroundTruth\ISIC_0009758_segmentation.png,256,256,0.123581,2016,3024,3,0.0,255.0,"[0, 255]",False,False,False,False
ISIC_0011393,test,F:\PythonProjects\cv_study_project\data\ISIC2018_Task1-2_Training_Input\ISIC2018_Task1-2_Training_Input\ISIC_0011393.jpg,F:\PythonProjects\cv_study_project\data\ISIC2018_Task1_Training_GroundTruth\ISIC2018_Task1_Training_GroundTruth\ISIC_0011393_segmentation.png,256,256,0.042587,768,1024,3,11.0,255.0,"[0, 255]",False,False,False,False
ISIC_0000529,test,F:\PythonProjects\cv_study_project\data\ISIC2018_Task1-2_Training_Input\ISIC2018_Task1-2_Training_Input\ISIC_0000529.jpg,F:\PythonProjects\cv_study_project\data\ISIC2018_Task1_Training_GroundTruth\ISIC2018_Task1_Training_GroundTruth\ISIC_0000529_segmentation.png,256,256,0.395874,753,1028,3,0.0,242.0,"[0, 255]",False,False,False,False
ISIC_0000149,test,F:\PythonProjects\cv_study_project\data\ISIC2018_Task1-2_Training_Input\ISIC2018_Task1-2_Training_Input\ISIC_0000149.jpg,F:\PythonProjects\cv_study_project\data\ISIC2018_Task1_Training_GroundTruth\ISIC2018_Task1_Training_GroundTruth\ISIC_0000149_segmentation.png,256,256,0.518219,1536,2048,3,0.0,238.0,"[0, 255]",False,False,False,False
ISIC_0003559,test,F:\PythonProjects\cv_study_project\data\ISIC2018_Task1-2_Training_Input\ISIC2018_Task1-2_Training_Input\ISIC_0003559.jpg,F:\PythonProjects\cv_study_project\data\ISIC2018_Task1_Training_GroundTruth\ISIC2018_Task1_Training_GroundTruth\ISIC_0003559_segmentation.png,256,256,0.047836,2848,4288,3,1.0,200.0,"[0, 255]",False,False,False,False
ISIC_0010183,test,F:\PythonProjects\cv_study_project\data\ISIC2018_Task1-2_Training_Input\ISIC2018_Task1-2_Training_Input\ISIC_0010183.jpg,F:\PythonProjects\cv_study_project\data\ISIC2018_Task1_Training_GroundTruth\ISIC2018_Task1_Training_GroundTruth\ISIC_0010183_segmentation.png,256,256,0.052124,768,1024,3,49.0,195.0,"[0, 255]",False,False,False,False
ISIC_0009860,test,F:\PythonProjects\cv_study_project\data\ISIC2018_Task1-2_Training_Input\ISIC2018_Task1-2_Training_Input\ISIC_0009860.jpg,F:\PythonProjects\cv_study_project\data\ISIC2018_Task1_Training_GroundTruth\ISIC2018_Task1_Training_GroundTruth\ISIC_0009860_segmentation.png,256,256,0.041016,2848,4288,3,10.0,235.0,"[0, 255]",False,False,False,False
ISIC_0012711,test,F:\PythonProjects\cv_study_project\data\ISIC2018_Task1-2_Training_Input\ISIC2018_Task1-2_Training_Input\ISIC_0012711.jpg,F:\PythonProjects\cv_study_project\data\ISIC2018_Task1_Training_GroundTruth\ISIC2018_Task1_Training_GroundTruth\ISIC_0012711_segmentation.png,256,256,0.013153,2000,3008,3,7.0,251.0,"[0, 255]",False,False,False,False
ISIC_0001128,test,F:\PythonProjects\cv_study_project\data\ISIC2018_Task1-2_Training_Input\ISIC2018_Task1-2_Training_Input\ISIC_0001128.jpg,F:\PythonProjects\cv_study_project\data\ISIC2018_Task1_Training_GroundTruth\ISIC2018_Task1_Training_GroundTruth\ISIC_0001128_segmentation.png,256,256,0.176254,2304,3072,3,13.0,255.0,"[0, 255]",False,False,False,False
ISIC_0000126,test,F:\PythonProjects\cv_study_project\data\ISIC2018_Task1-2_Training_Input\ISIC2018_Task1-2_Training_Input\ISIC_0000126.jpg,F:\PythonProjects\cv_study_project\data\ISIC2018_Task1_Training_GroundTruth\ISIC2018_Task1_Training_GroundTruth\ISIC_0000126_segmentation.png,256,256,0.255737,1536,2048,3,0.0,255.0,"[0, 255]",False,False,False,False
ISIC_0009897,test,F:\PythonProjects\cv_study_project\data\ISIC2018_Task1-2_Training_Input\ISIC2018_Task1-2_Training_Input\ISIC_0009897.jpg,F:\PythonProjects\cv_study_project\data\ISIC2018_Task1_Training_GroundTruth\ISIC2018_Task1_Training_GroundTruth\ISIC_0009897_segmentation.png,256,256,0.610138,768,1024,3,0.0,232.0,"[0, 255]",False,False,False,False
ISIC_0000546,test,F:\PythonProjects\cv_study_project\data\ISIC2018_Task1-2_Training_Input\ISIC2018_Task1-2_Training_Input\ISIC_0000546.jpg,F:\PythonProjects\cv_study_project\data\ISIC2018_Task1_Training_GroundTruth\ISIC2018_Task1_Training_GroundTruth\ISIC_0000546_segmentation.png,256,256,0.333969,719,824,3,25.0,234.0,"[0, 255]",False,False,False,False
ISIC_0011356,test,F:\PythonProjects\cv_study_project\data\ISIC2018_Task1-2_Training_Input\ISIC2018_Task1-2_Training_Input\ISIC_0011356.jpg,F:\PythonProjects\cv_study_project\data\ISIC2018_Task1_Training_GroundTruth\ISIC2018_Task1_Training_GroundTruth\ISIC_0011356_segmentation.png,256,256,0.987686,768,1024,3,26.0,227.0,"[0, 255]",False,False,True,True
ISIC_0012473,test,F:\PythonProjects\cv_study_project\data\ISIC2018_Task1-2_Training_Input\ISIC2018_Task1-2_Training_Input\ISIC_0012473.jpg,F:\PythonProjects\cv_study_project\data\ISIC2018_Task1_Training_GroundTruth\ISIC2018_Task1_Training_GroundTruth\ISIC_0012473_segmentation.png,256,256,0.157333,2848,4288,3,15.0,236.0,"[0, 255]",False,False,False,False
ISIC_0003805,test,F:\PythonProjects\cv_study_project\data\ISIC2018_Task1-2_Training_Input\ISIC2018_Task1-2_Training_Input\ISIC_0003805.jpg,F:\PythonProjects\cv_study_project\data\ISIC2018_Task1_Training_GroundTruth\ISIC2018_Task1_Training_GroundTruth\ISIC_0003805_segmentation.png,256,256,0.022446,2016,3024,3,0.0,236.0,"[0, 255]",False,False,False,False
ISIC_0010054,test,F:\PythonProjects\cv_study_project\data\ISIC2018_Task1-2_Training_Input\ISIC2018_Task1-2_Training_Input\ISIC_0010054.jpg,F:\PythonProjects\cv_study_project\data\ISIC2018_Task1_Training_GroundTruth\ISIC2018_Task1_Training_GroundTruth\ISIC_0010054_segmentation.png,256,256,0.313263,768,1024,3,82.0,236.0,"[0, 255]",False,False,False,False
ISIC_0010477,test,F:\PythonProjects\cv_study_project\data\ISIC2018_Task1-2_Training_Input\ISIC2018_Task1-2_Training_Input\ISIC_0010477.jpg,F:\PythonProjects\cv_study_project\data\ISIC2018_Task1_Training_GroundTruth\ISIC2018_Task1_Training_GroundTruth\ISIC_0010477_segmentation.png,256,256,0.810013,768,1024,3,44.0,255.0,"[0, 255]",False,False,False,False
ISIC_0000390,test,F:\PythonProjects\cv_study_project\data\ISIC2018_Task1-2_Training_Input\ISIC2018_Task1-2_Training_Input\ISIC_0000390.jpg,F:\PythonProjects\cv_study_project\data\ISIC2018_Task1_Training_GroundTruth\ISIC2018_Task1_Training_GroundTruth\ISIC_0000390_segmentation.png,256,256,0.430161,2304,3072,3,8.0,228.0,"[0, 255]",False,False,False,False
ISIC_0012735,test,F:\PythonProjects\cv_study_project\data\ISIC2018_Task1-2_Training_Input\ISIC2018_Task1-2_Training_Input\ISIC_0012735.jpg,F:\PythonProjects\cv_study_project\data\ISIC2018_Task1_Training_GroundTruth\ISIC2018_Task1_Training_GroundTruth\ISIC_0012735_segmentation.png,256,256,0.027863,2000,3008,3,8.0,253.0,"[0, 255]",False,False,False,False
ISIC_0011214,test,F:\PythonProjects\cv_study_project\data\ISIC2018_Task1-2_Training_Input\ISIC2018_Task1-2_Training_Input\ISIC_0011214.jpg,F:\PythonProjects\cv_study_project\data\ISIC2018_Task1_Training_GroundTruth\ISIC2018_Task1_Training_GroundTruth\ISIC_0011214_segmentation.png,256,256,0.519821,768,1024,3,5.0,204.0,"[0, 255]",False,False,False,False
ISIC_0000418,test,F:\PythonProjects\cv_study_project\data\ISIC2018_Task1-2_Training_Input\ISIC2018_Task1-2_Training_Input\ISIC_0000418.jpg,F:\PythonProjects\cv_study_project\data\ISIC2018_Task1_Training_GroundTruth\ISIC2018_Task1_Training_GroundTruth\ISIC_0000418_segmentation.png,256,256,0.219589,2304,3072,3,0.0,230.0,"[0, 255]",False,False,False,False
ISIC_0012435,test,F:\PythonProjects\cv_study_project\data\ISIC2018_Task1-2_Training_Input\ISIC2018_Task1-2_Training_Input\ISIC_0012435.jpg,F:\PythonProjects\cv_study_project\data\ISIC2018_Task1_Training_GroundTruth\ISIC2018_Task1_Training_GroundTruth\ISIC_0012435_segmentation.png,256,256,0.050385,2000,3008,3,14.0,208.0,"[0, 255]",False,False,False,False
ISIC_0012284,test,F:\PythonProjects\cv_study_project\data\ISIC2018_Task1-2_Training_Input\ISIC2018_Task1-2_Training_Input\ISIC_0012284.jpg,F:\PythonProjects\cv_study_project\data\ISIC2018_Task1_Training_GroundTruth\ISIC2018_Task1_Training_GroundTruth\ISIC_0012284_segmentation.png,256,256,0.131409,2000,3008,3,14.0,255.0,"[0, 255]",False,False,False,False
ISIC_0000161,test,F:\PythonProjects\cv_study_project\data\ISIC2018_Task1-2_Training_Input\ISIC2018_Task1-2_Training_Input\ISIC_0000161.jpg,F:\PythonProjects\cv_study_project\data\ISIC2018_Task1_Training_GroundTruth\ISIC2018_Task1_Training_GroundTruth\ISIC_0000161_segmentation.png,256,256,0.491547,674,962,3,0.0,255.0,"[0, 255]",False,False,False,False
ISIC_0003462,test,F:\PythonProjects\cv_study_project\data\ISIC2018_Task1-2_Training_Input\ISIC2018_Task1-2_Training_Input\ISIC_0003462.jpg,F:\PythonProjects\cv_study_project\data\ISIC2018_Task1_Training_GroundTruth\ISIC2018_Task1_Training_GroundTruth\ISIC_0003462_segmentation.png,256,256,0.02652,2016,3024,3,0.0,255.0,"[0, 255]",False,False,False,False
ISIC_0000525,test,F:\PythonProjects\cv_study_project\data\ISIC2018_Task1-2_Training_Input\ISIC2018_Task1-2_Training_Input\ISIC_0000525.jpg,F:\PythonProjects\cv_study_project\data\ISIC2018_Task1_Training_GroundTruth\ISIC2018_Task1_Training_GroundTruth\ISIC_0000525_segmentation.png,256,256,0.369629,711,1007,3,0.0,255.0,"[0, 255]",False,False,False,False
ISIC_0009977,test,F:\PythonProjects\cv_study_project\data\ISIC2018_Task1-2_Training_Input\ISIC2018_Task1-2_Training_Input\ISIC_0009977.jpg,F:\PythonProjects\cv_study_project\data\ISIC2018_Task1_Training_GroundTruth\ISIC2018_Task1_Training_GroundTruth\ISIC_0009977_segmentation.png,256,256,0.147919,768,1024,3,28.0,202.0,"[0, 255]",False,False,False,False
ISIC_0010021,test,F:\PythonProjects\cv_study_project\data\ISIC2018_Task1-2_Training_Input\ISIC2018_Task1-2_Training_Input\ISIC_0010021.jpg,F:\PythonProjects\cv_study_project\data\ISIC2018_Task1_Training_GroundTruth\ISIC2018_Task1_Training_GroundTruth\ISIC_0010021_segmentation.png,256,256,0.533142,768,1024,3,36.0,255.0,"[0, 255]",False,False,False,False
ISIC_0000388,test,F:\PythonProjects\cv_study_project\data\ISIC2018_Task1-2_Training_Input\ISIC2018_Task1-2_Training_Input\ISIC_0000388.jpg,F:\PythonProjects\cv_study_project\data\ISIC2018_Task1_Training_GroundTruth\ISIC2018_Task1_Training_GroundTruth\ISIC_0000388_segmentation.png,256,256,0.102066,2304,3072,3,53.0,213.0,"[0, 255]",False,False,False,False
ISIC_0010009,test,F:\PythonProjects\cv_study_project\data\ISIC2018_Task1-2_Training_Input\ISIC2018_Task1-2_Training_Input\ISIC_0010009.jpg,F:\PythonProjects\cv_study_project\data\ISIC2018_Task1_Training_GroundTruth\ISIC2018_Task1_Training_GroundTruth\ISIC_0010009_segmentation.png,256,256,0.062897,768,1024,3,20.0,229.0,"[0, 255]",False,False,False,False
ISIC_0012442,test,F:\PythonProjects\cv_study_project\data\ISIC2018_Task1-2_Training_Input\ISIC2018_Task1-2_Training_Input\ISIC_0012442.jpg,F:\PythonProjects\cv_study_project\data\ISIC2018_Task1_Training_GroundTruth\ISIC2018_Task1_Training_GroundTruth\ISIC_0012442_segmentation.png,256,256,0.070282,2000,3008,3,11.0,250.0,"[0, 255]",False,False,False,False
ISIC_0010452,test,F:\PythonProjects\cv_study_project\data\ISIC2018_Task1-2_Training_Input\ISIC2018_Task1-2_Training_Input\ISIC_0010452.jpg,F:\PythonProjects\cv_study_project\data\ISIC2018_Task1_Training_GroundTruth\ISIC2018_Task1_Training_GroundTruth\ISIC_0010452_segmentation.png,256,256,0.273209,768,1024,3,49.0,255.0,"[0, 255]",False,False,False,False
ISIC_0012677,test,F:\PythonProjects\cv_study_project\data\ISIC2018_Task1-2_Training_Input\ISIC2018_Task1-2_Training_Input\ISIC_0012677.jpg,F:\PythonProjects\cv_study_project\data\ISIC2018_Task1_Training_GroundTruth\ISIC2018_Task1_Training_GroundTruth\ISIC_0012677_segmentation.png,256,256,0.010376,2000,3008,3,10.0,227.0,"[0, 255]",False,False,False,False
ISIC_0012671,test,F:\PythonProjects\cv_study_project\data\ISIC2018_Task1-2_Training_Input\ISIC2018_Task1-2_Training_Input\ISIC_0012671.jpg,F:\PythonProjects\cv_study_project\data\ISIC2018_Task1_Training_GroundTruth\ISIC2018_Task1_Training_GroundTruth\ISIC_0012671_segmentation.png,256,256,0.128815,2000,3008,3,43.0,240.0,"[0, 255]",False,False,False,False
ISIC_0000227,test,F:\PythonProjects\cv_study_project\data\ISIC2018_Task1-2_Training_Input\ISIC2018_Task1-2_Training_Input\ISIC_0000227.jpg,F:\PythonProjects\cv_study_project\data\ISIC2018_Task1_Training_GroundTruth\ISIC2018_Task1_Training_GroundTruth\ISIC_0000227_segmentation.png,256,256,0.164536,723,959,3,0.0,255.0,"[0, 255]",False,False,False,False
ISIC_0012705,test,F:\PythonProjects\cv_study_project\data\ISIC2018_Task1-2_Training_Input\ISIC2018_Task1-2_Training_Input\ISIC_0012705.jpg,F:\PythonProjects\cv_study_project\data\ISIC2018_Task1_Training_GroundTruth\ISIC2018_Task1_Training_GroundTruth\ISIC_0012705_segmentation.png,256,256,0.014496,2000,3008,3,0.0,255.0,"[0, 255]",False,False,False,False
ISIC_0000182,test,F:\PythonProjects\cv_study_project\data\ISIC2018_Task1-2_Training_Input\ISIC2018_Task1-2_Training_Input\ISIC_0000182.jpg,F:\PythonProjects\cv_study_project\data\ISIC2018_Task1_Training_GroundTruth\ISIC2018_Task1_Training_GroundTruth\ISIC_0000182_segmentation.png,256,256,0.266953,1051,1502,3,0.0,255.0,"[0, 255]",False,False,False,False
ISIC_0007344,test,F:\PythonProjects\cv_study_project\data\ISIC2018_Task1-2_Training_Input\ISIC2018_Task1-2_Training_Input\ISIC_0007344.jpg,F:\PythonProjects\cv_study_project\data\ISIC2018_Task1_Training_GroundTruth\ISIC2018_Task1_Training_GroundTruth\ISIC_0007344_segmentation.png,256,256,0.085617,2016,3024,3,4.0,247.0,"[0, 255]",False,False,False,False
ISIC_0001118,test,F:\PythonProjects\cv_study_project\data\ISIC2018_Task1-2_Training_Input\ISIC2018_Task1-2_Training_Input\ISIC_0001118.jpg,F:\PythonProjects\cv_study_project\data\ISIC2018_Task1_Training_GroundTruth\ISIC2018_Task1_Training_GroundTruth\ISIC_0001118_segmentation.png,256,256,0.597168,2592,3872,3,19.0,217.0,"[0, 255]",False,False,False,False
ISIC_0000102,test,F:\PythonProjects\cv_study_project\data\ISIC2018_Task1-2_Training_Input\ISIC2018_Task1-2_Training_Input\ISIC_0000102.jpg,F:\PythonProjects\cv_study_project\data\ISIC2018_Task1_Training_GroundTruth\ISIC2018_Task1_Training_GroundTruth\ISIC_0000102_segmentation.png,256,256,0.028122,1536,2048,3,0.0,234.0,"[0, 255]",False,False,False,False
ISIC_0000156,test,F:\PythonProjects\cv_study_project\data\ISIC2018_Task1-2_Training_Input\ISIC2018_Task1-2_Training_Input\ISIC_0000156.jpg,F:\PythonProjects\cv_study_project\data\ISIC2018_Task1_Training_GroundTruth\ISIC2018_Task1_Training_GroundTruth\ISIC_0000156_segmentation.png,256,256,0.31424,1536,2048,3,1.0,255.0,"[0, 255]",False,False,False,False
ISIC_0000485,test,F:\PythonProjects\cv_study_project\data\ISIC2018_Task1-2_Training_Input\ISIC2018_Task1-2_Training_Input\ISIC_0000485.jpg,F:\PythonProjects\cv_study_project\data\ISIC2018_Task1_Training_GroundTruth\ISIC2018_Task1_Training_GroundTruth\ISIC_0000485_segmentation.png,256,256,0.61293,802,919,3,13.0,195.0,"[0, 255]",False,False,False,False
ISIC_0012134,test,F:\PythonProjects\cv_study_project\data\ISIC2018_Task1-2_Training_Input\ISIC2018_Task1-2_Training_Input\ISIC_0012134.jpg,F:\PythonProjects\cv_study_project\data\ISIC2018_Task1_Training_GroundTruth\ISIC2018_Task1_Training_GroundTruth\ISIC_0012134_segmentation.png,256,256,0.80455,2000,3008,3,15.0,232.0,"[0, 255]",False,False,False,False
ISIC_0009995,test,F:\PythonProjects\cv_study_project\data\ISIC2018_Task1-2_Training_Input\ISIC2018_Task1-2_Training_Input\ISIC_0009995.jpg,F:\PythonProjects\cv_study_project\data\ISIC2018_Task1_Training_GroundTruth\ISIC2018_Task1_Training_GroundTruth\ISIC_0009995_segmentation.png,256,256,0.922836,768,1024,3,22.0,204.0,"[0, 255]",False,False,True,True
ISIC_0012330,test,F:\PythonProjects\cv_study_project\data\ISIC2018_Task1-2_Training_Input\ISIC2018_Task1-2_Training_Input\ISIC_0012330.jpg,F:\PythonProjects\cv_study_project\data\ISIC2018_Task1_Training_GroundTruth\ISIC2018_Task1_Training_GroundTruth\ISIC_0012330_segmentation.png,256,256,0.076172,2000,3008,3,10.0,255.0,"[0, 255]",False,False,False,False
ISIC_0012382,test,F:\PythonProjects\cv_study_project\data\ISIC2018_Task1-2_Training_Input\ISIC2018_Task1-2_Training_Input\ISIC_0012382.jpg,F:\PythonProjects\cv_study_project\data\ISIC2018_Task1_Training_GroundTruth\ISIC2018_Task1_Training_GroundTruth\ISIC_0012382_segmentation.png,256,256,0.399109,2000,3008,3,6.0,234.0,"[0, 255]",False,False,False,False
ISIC_0008029,test,F:\PythonProjects\cv_study_project\data\ISIC2018_Task1-2_Training_Input\ISIC2018_Task1-2_Training_Input\ISIC_0008029.jpg,F:\PythonProjects\cv_study_project\data\ISIC2018_Task1_Training_GroundTruth\ISIC2018_Task1_Training_GroundTruth\ISIC_0008029_segmentation.png,256,256,0.05806,2848,4288,3,9.0,252.0,"[0, 255]",False,False,False,False
ISIC_0011339,test,F:\PythonProjects\cv_study_project\data\ISIC2018_Task1-2_Training_Input\ISIC2018_Task1-2_Training_Input\ISIC_0011339.jpg,F:\PythonProjects\cv_study_project\data\ISIC2018_Task1_Training_GroundTruth\ISIC2018_Task1_Training_GroundTruth\ISIC_0011339_segmentation.png,256,256,0.20195,768,1024,3,9.0,255.0,"[0, 255]",False,False,False,False
ISIC_0000179,test,F:\PythonProjects\cv_study_project\data\ISIC2018_Task1-2_Training_Input\ISIC2018_Task1-2_Training_Input\ISIC_0000179.jpg,F:\PythonProjects\cv_study_project\data\ISIC2018_Task1_Training_GroundTruth\ISIC2018_Task1_Training_GroundTruth\ISIC_0000179_segmentation.png,256,256,0.412338,1043,1502,3,1.0,255.0,"[0, 255]",False,False,False,False
ISIC_0010047,test,F:\PythonProjects\cv_study_project\data\ISIC2018_Task1-2_Training_Input\ISIC2018_Task1-2_Training_Input\ISIC_0010047.jpg,F:\PythonProjects\cv_study_project\data\ISIC2018_Task1_Training_GroundTruth\ISIC2018_Task1_Training_GroundTruth\ISIC_0010047_segmentation.png,256,256,0.296722,768,1024,3,0.0,210.0,"[0, 255]",False,False,False,False
ISIC_0000292,test,F:\PythonProjects\cv_study_project\data\ISIC2018_Task1-2_Training_Input\ISIC2018_Task1-2_Training_Input\ISIC_0000292.jpg,F:\PythonProjects\cv_study_project\data\ISIC2018_Task1_Training_GroundTruth\ISIC2018_Task1_Training_GroundTruth\ISIC_0000292_segmentation.png,256,256,0.644318,768,1024,3,0.0,255.0,"[0, 255]",False,False,False,False
ISIC_0011224,test,F:\PythonProjects\cv_study_project\data\ISIC2018_Task1-2_Training_Input\ISIC2018_Task1-2_Training_Input\ISIC_0011224.jpg,F:\PythonProjects\cv_study_project\data\ISIC2018_Task1_Training_GroundTruth\ISIC2018_Task1_Training_GroundTruth\ISIC_0011224_segmentation.png,256,256,0.244217,768,1024,3,0.0,236.0,"[0, 255]",False,False,False,False
ISIC_0010468,test,F:\PythonProjects\cv_study_project\data\ISIC2018_Task1-2_Training_Input\ISIC2018_Task1-2_Training_Input\ISIC_0010468.jpg,F:\PythonProjects\cv_study_project\data\ISIC2018_Task1_Training_GroundTruth\ISIC2018_Task1_Training_GroundTruth\ISIC_0010468_segmentation.png,256,256,0.162781,768,1024,3,20.0,216.0,"[0, 255]",False,False,False,False
ISIC_0000097,test,F:\PythonProjects\cv_study_project\data\ISIC2018_Task1-2_Training_Input\ISIC2018_Task1-2_Training_Input\ISIC_0000097.jpg,F:\PythonProjects\cv_study_project\data\ISIC2018_Task1_Training_GroundTruth\ISIC2018_Task1_Training_GroundTruth\ISIC_0000097_segmentation.png,256,256,0.243423,1536,2048,3,0.0,255.0,"[0, 255]",False,False,False,False
ISIC_0003005,test,F:\PythonProjects\cv_study_project\data\ISIC2018_Task1-2_Training_Input\ISIC2018_Task1-2_Training_Input\ISIC_0003005.jpg,F:\PythonProjects\cv_study_project\data\ISIC2018_Task1_Training_GroundTruth\ISIC2018_Task1_Training_GroundTruth\ISIC_0003005_segmentation.png,256,256,0.085068,2016,3024,3,0.0,255.0,"[0, 255]",False,False,False,False
ISIC_0012260,test,F:\PythonProjects\cv_study_project\data\ISIC2018_Task1-2_Training_Input\ISIC2018_Task1-2_Training_Input\ISIC_0012260.jpg,F:\PythonProjects\cv_study_project\data\ISIC2018_Task1_Training_GroundTruth\ISIC2018_Task1_Training_GroundTruth\ISIC_0012260_segmentation.png,256,256,0.026672,2000,3008,3,16.0,255.0,"[0, 255]",False,False,False,False
ISIC_0009949,test,F:\PythonProjects\cv_study_project\data\ISIC2018_Task1-2_Training_Input\ISIC2018_Task1-2_Training_Input\ISIC_0009949.jpg,F:\PythonProjects\cv_study_project\data\ISIC2018_Task1_Training_GroundTruth\ISIC2018_Task1_Training_GroundTruth\ISIC_0009949_segmentation.png,256,256,0.204636,768,1024,3,5.0,255.0,"[0, 255]",False,False,False,False
ISIC_0009990,test,F:\PythonProjects\cv_study_project\data\ISIC2018_Task1-2_Training_Input\ISIC2018_Task1-2_Training_Input\ISIC_0009990.jpg,F:\PythonProjects\cv_study_project\data\ISIC2018_Task1_Training_GroundTruth\ISIC2018_Task1_Training_GroundTruth\ISIC_0009990_segmentation.png,256,256,0.972107,768,1024,3,38.0,251.0,"[0, 255]",False,False,True,True
ISIC_0000219,test,F:\PythonProjects\cv_study_project\data\ISIC2018_Task1-2_Training_Input\ISIC2018_Task1-2_Training_Input\ISIC_0000219.jpg,F:\PythonProjects\cv_study_project\data\ISIC2018_Task1_Training_GroundTruth\ISIC2018_Task1_Training_GroundTruth\ISIC_0000219_segmentation.png,256,256,0.373535,674,962,3,0.0,255.0,"[0, 255]",False,False,False,False
ISIC_0010055,test,F:\PythonProjects\cv_study_project\data\ISIC2018_Task1-2_Training_Input\ISIC2018_Task1-2_Training_Input\ISIC_0010055.jpg,F:\PythonProjects\cv_study_project\data\ISIC2018_Task1_Training_GroundTruth\ISIC2018_Task1_Training_GroundTruth\ISIC_0010055_segmentation.png,256,256,0.223236,768,1024,3,32.0,236.0,"[0, 255]",False,False,False,False
ISIC_0000210,test,F:\PythonProjects\cv_study_project\data\ISIC2018_Task1-2_Training_Input\ISIC2018_Task1-2_Training_Input\ISIC_0000210.jpg,F:\PythonProjects\cv_study_project\data\ISIC2018_Task1_Training_GroundTruth\ISIC2018_Task1_Training_GroundTruth\ISIC_0000210_segmentation.png,256,256,0.088806,542,722,3,0.0,251.0,"[0, 255]",False,False,False,False
ISIC_0012722,test,F:\PythonProjects\cv_study_project\data\ISIC2018_Task1-2_Training_Input\ISIC2018_Task1-2_Training_Input\ISIC_0012722.jpg,F:\PythonProjects\cv_study_project\data\ISIC2018_Task1_Training_GroundTruth\ISIC2018_Task1_Training_GroundTruth\ISIC_0012722_segmentation.png,256,256,0.01326,2000,3008,3,0.0,236.0,"[0, 255]",False,False,False,False
ISIC_0009934,test,F:\PythonProjects\cv_study_project\data\ISIC2018_Task1-2_Training_Input\ISIC2018_Task1-2_Training_Input\ISIC_0009934.jpg,F:\PythonProjects\cv_study_project\data\ISIC2018_Task1_Training_GroundTruth\ISIC2018_Task1_Training_GroundTruth\ISIC_0009934_segmentation.png,256,256,0.85939,768,1024,3,50.0,255.0,"[0, 255]",False,False,True,True
ISIC_0000537,test,F:\PythonProjects\cv_study_project\data\ISIC2018_Task1-2_Training_Input\ISIC2018_Task1-2_Training_Input\ISIC_0000537.jpg,F:\PythonProjects\cv_study_project\data\ISIC2018_Task1_Training_GroundTruth\ISIC2018_Task1_Training_GroundTruth\ISIC_0000537_segmentation.png,256,256,0.393143,719,824,3,28.0,225.0,"[0, 255]",False,False,False,False
ISIC_0000370,test,F:\PythonProjects\cv_study_project\data\ISIC2018_Task1-2_Training_Input\ISIC2018_Task1-2_Training_Input\ISIC_0000370.jpg,F:\PythonProjects\cv_study_project\data\ISIC2018_Task1_Training_GroundTruth\ISIC2018_Task1_Training_GroundTruth\ISIC_0000370_segmentation.png,256,256,0.377579,576,767,3,0.0,255.0,"[0, 255]",False,False,False,False
ISIC_0012682,test,F:\PythonProjects\cv_study_project\data\ISIC2018_Task1-2_Training_Input\ISIC2018_Task1-2_Training_Input\ISIC_0012682.jpg,F:\PythonProjects\cv_study_project\data\ISIC2018_Task1_Training_GroundTruth\ISIC2018_Task1_Training_GroundTruth\ISIC_0012682_segmentation.png,256,256,0.008118,2000,3008,3,15.0,229.0,"[0, 255]",False,False,False,False
ISIC_0009941,test,F:\PythonProjects\cv_study_project\data\ISIC2018_Task1-2_Training_Input\ISIC2018_Task1-2_Training_Input\ISIC_0009941.jpg,F:\PythonProjects\cv_study_project\data\ISIC2018_Task1_Training_GroundTruth\ISIC2018_Task1_Training_GroundTruth\ISIC_0009941_segmentation.png,256,256,0.166153,768,1024,3,15.0,221.0,"[0, 255]",False,False,False,False
ISIC_0010252,test,F:\PythonProjects\cv_study_project\data\ISIC2018_Task1-2_Training_Input\ISIC2018_Task1-2_Training_Input\ISIC_0010252.jpg,F:\PythonProjects\cv_study_project\data\ISIC2018_Task1_Training_GroundTruth\ISIC2018_Task1_Training_GroundTruth\ISIC_0010252_segmentation.png,256,256,0.833344,768,1024,3,64.0,255.0,"[0, 255]",False,False,False,False
ISIC_0000381,test,F:\PythonProjects\cv_study_project\data\ISIC2018_Task1-2_Training_Input\ISIC2018_Task1-2_Training_Input\ISIC_0000381.jpg,F:\PythonProjects\cv_study_project\data\ISIC2018_Task1_Training_GroundTruth\ISIC2018_Task1_Training_GroundTruth\ISIC_0000381_segmentation.png,256,256,0.336472,1943,2101,3,11.0,230.0,"[0, 255]",False,False,False,False
ISIC_0000016,test,F:\PythonProjects\cv_study_project\data\ISIC2018_Task1-2_Training_Input\ISIC2018_Task1-2_Training_Input\ISIC_0000016.jpg,F:\PythonProjects\cv_study_project\data\ISIC2018_Task1_Training_GroundTruth\ISIC2018_Task1_Training_GroundTruth\ISIC_0000016_segmentation.png,256,256,0.208023,767,1022,3,29.0,255.0,"[0, 255]",False,False,False,False
ISIC_0005787,test,F:\PythonProjects\cv_study_project\data\ISIC2018_Task1-2_Training_Input\ISIC2018_Task1-2_Training_Input\ISIC_0005787.jpg,F:\PythonProjects\cv_study_project\data\ISIC2018_Task1_Training_GroundTruth\ISIC2018_Task1_Training_GroundTruth\ISIC_0005787_segmentation.png,256,256,0.10672,2016,3024,3,0.0,255.0,"[0, 255]",False,False,False,False
ISIC_0012204,test,F:\PythonProjects\cv_study_project\data\ISIC2018_Task1-2_Training_Input\ISIC2018_Task1-2_Training_Input\ISIC_0012204.jpg,F:\PythonProjects\cv_study_project\data\ISIC2018_Task1_Training_GroundTruth\ISIC2018_Task1_Training_GroundTruth\ISIC_0012204_segmentation.png,256,256,0.028473,2000,3008,3,3.0,227.0,"[0, 255]",False,False,False,False
ISIC_0010439,test,F:\PythonProjects\cv_study_project\data\ISIC2018_Task1-2_Training_Input\ISIC2018_Task1-2_Training_Input\ISIC_0010439.jpg,F:\PythonProjects\cv_study_project\data\ISIC2018_Task1_Training_GroundTruth\ISIC2018_Task1_Training_GroundTruth\ISIC_0010439_segmentation.png,256,256,0.018997,768,1024,3,26.0,232.0,"[0, 255]",False,False,False,False
ISIC_0000548,test,F:\PythonProjects\cv_study_project\data\ISIC2018_Task1-2_Training_Input\ISIC2018_Task1-2_Training_Input\ISIC_0000548.jpg,F:\PythonProjects\cv_study_project\data\ISIC2018_Task1_Training_GroundTruth\ISIC2018_Task1_Training_GroundTruth\ISIC_0000548_segmentation.png,256,256,0.222733,750,771,3,44.0,196.0,"[0, 255]",False,False,False,False
ISIC_0010241,test,F:\PythonProjects\cv_study_project\data\ISIC2018_Task1-2_Training_Input\ISIC2018_Task1-2_Training_Input\ISIC_0010241.jpg,F:\PythonProjects\cv_study_project\data\ISIC2018_Task1_Training_GroundTruth\ISIC2018_Task1_Training_GroundTruth\ISIC_0010241_segmentation.png,256,256,0.211731,768,1024,3,2.0,202.0,"[0, 255]",False,False,False,False
ISIC_0012720,test,F:\PythonProjects\cv_study_project\data\ISIC2018_Task1-2_Training_Input\ISIC2018_Task1-2_Training_Input\ISIC_0012720.jpg,F:\PythonProjects\cv_study_project\data\ISIC2018_Task1_Training_GroundTruth\ISIC2018_Task1_Training_GroundTruth\ISIC_0012720_segmentation.png,256,256,0.163177,2000,3008,3,0.0,245.0,"[0, 255]",False,False,False,False
ISIC_0012520,test,F:\PythonProjects\cv_study_project\data\ISIC2018_Task1-2_Training_Input\ISIC2018_Task1-2_Training_Input\ISIC_0012520.jpg,F:\PythonProjects\cv_study_project\data\ISIC2018_Task1_Training_GroundTruth\ISIC2018_Task1_Training_GroundTruth\ISIC_0012520_segmentation.png,256,256,0.051361,2848,4288,3,10.0,222.0,"[0, 255]",False,False,False,False
ISIC_0000500,test,F:\PythonProjects\cv_study_project\data\ISIC2018_Task1-2_Training_Input\ISIC2018_Task1-2_Training_Input\ISIC_0000500.jpg,F:\PythonProjects\cv_study_project\data\ISIC2018_Task1_Training_GroundTruth\ISIC2018_Task1_Training_GroundTruth\ISIC_0000500_segmentation.png,256,256,0.21196,802,919,3,9.0,205.0,"[0, 255]",False,False,False,False
ISIC_0011367,test,F:\PythonProjects\cv_study_project\data\ISIC2018_Task1-2_Training_Input\ISIC2018_Task1-2_Training_Input\ISIC_0011367.jpg,F:\PythonProjects\cv_study_project\data\ISIC2018_Task1_Training_GroundTruth\ISIC2018_Task1_Training_GroundTruth\ISIC_0011367_segmentation.png,256,256,0.053146,768,1024,3,47.0,239.0,"[0, 255]",False,False,False,False
ISIC_0000058,test,F:\PythonProjects\cv_study_project\data\ISIC2018_Task1-2_Training_Input\ISIC2018_Task1-2_Training_Input\ISIC_0000058.jpg,F:\PythonProjects\cv_study_project\data\ISIC2018_Task1_Training_GroundTruth\ISIC2018_Task1_Training_GroundTruth\ISIC_0000058_segmentation.png,256,256,0.473312,1129,1504,3,0.0,199.0,"[0, 255]",False,False,False,False
ISIC_0012256,test,F:\PythonProjects\cv_study_project\data\ISIC2018_Task1-2_Training_Input\ISIC2018_Task1-2_Training_Input\ISIC_0012256.jpg,F:\PythonProjects\cv_study_project\data\ISIC2018_Task1_Training_GroundTruth\ISIC2018_Task1_Training_GroundTruth\ISIC_0012256_segmentation.png,256,256,0.087646,2848,4288,3,17.0,252.0,"[0, 255]",False,False,False,False
ISIC_0011107,test,F:\PythonProjects\cv_study_project\data\ISIC2018_Task1-2_Training_Input\ISIC2018_Task1-2_Training_Input\ISIC_0011107.jpg,F:\PythonProjects\cv_study_project\data\ISIC2018_Task1_Training_GroundTruth\ISIC2018_Task1_Training_GroundTruth\ISIC_0011107_segmentation.png,256,256,0.599564,768,1024,3,15.0,255.0,"[0, 255]",False,False,False,False
ISIC_0001152,test,F:\PythonProjects\cv_study_project\data\ISIC2018_Task1-2_Training_Input\ISIC2018_Task1-2_Training_Input\ISIC_0001152.jpg,F:\PythonProjects\cv_study_project\data\ISIC2018_Task1_Training_GroundTruth\ISIC2018_Task1_Training_GroundTruth\ISIC_0001152_segmentation.png,256,256,0.60762,1296,1936,3,7.0,222.0,"[0, 255]",False,False,False,False
ISIC_0000544,test,F:\PythonProjects\cv_study_project\data\ISIC2018_Task1-2_Training_Input\ISIC2018_Task1-2_Training_Input\ISIC_0000544.jpg,F:\PythonProjects\cv_study_project\data\ISIC2018_Task1_Training_GroundTruth\ISIC2018_Task1_Training_GroundTruth\ISIC_0000544_segmentation.png,256,256,0.253189,719,824,3,0.0,255.0,"[0, 255]",False,False,False,False
ISIC_0000212,test,F:\PythonProjects\cv_study_project\data\ISIC2018_Task1-2_Training_Input\ISIC2018_Task1-2_Training_Input\ISIC_0000212.jpg,F:\PythonProjects\cv_study_project\data\ISIC2018_Task1_Training_GroundTruth\ISIC2018_Task1_Training_GroundTruth\ISIC_0000212_segmentation.png,256,256,0.686951,542,722,3,0.0,255.0,"[0, 255]",False,False,False,False
ISIC_0000065,test,F:\PythonProjects\cv_study_project\data\ISIC2018_Task1-2_Training_Input\ISIC2018_Task1-2_Training_Input\ISIC_0000065.jpg,F:\PythonProjects\cv_study_project\data\ISIC2018_Task1_Training_GroundTruth\ISIC2018_Task1_Training_GroundTruth\ISIC_0000065_segmentation.png,256,256,0.25737,1129,1504,3,0.0,206.0,"[0, 255]",False,False,False,False
ISIC_0000069,test,F:\PythonProjects\cv_study_project\data\ISIC2018_Task1-2_Training_Input\ISIC2018_Task1-2_Training_Input\ISIC_0000069.jpg,F:\PythonProjects\cv_study_project\data\ISIC2018_Task1_Training_GroundTruth\ISIC2018_Task1_Training_GroundTruth\ISIC_0000069_segmentation.png,256,256,0.13089,767,1022,3,0.0,211.0,"[0, 255]",False,False,False,False
ISIC_0010251,test,F:\PythonProjects\cv_study_project\data\ISIC2018_Task1-2_Training_Input\ISIC2018_Task1-2_Training_Input\ISIC_0010251.jpg,F:\PythonProjects\cv_study_project\data\ISIC2018_Task1_Training_GroundTruth\ISIC2018_Task1_Training_GroundTruth\ISIC_0010251_segmentation.png,256,256,0.035263,768,1024,3,9.0,225.0,"[0, 255]",False,False,False,False
ISIC_0012207,test,F:\PythonProjects\cv_study_project\data\ISIC2018_Task1-2_Training_Input\ISIC2018_Task1-2_Training_Input\ISIC_0012207.jpg,F:\PythonProjects\cv_study_project\data\ISIC2018_Task1_Training_GroundTruth\ISIC2018_Task1_Training_GroundTruth\ISIC_0012207_segmentation.png,256,256,0.126709,2000,3008,3,22.0,255.0,"[0, 255]",False,False,False,False
ISIC_0000199,test,F:\PythonProjects\cv_study_project\data\ISIC2018_Task1-2_Training_Input\ISIC2018_Task1-2_Training_Input\ISIC_0000199.jpg,F:\PythonProjects\cv_study_project\data\ISIC2018_Task1_Training_GroundTruth\ISIC2018_Task1_Training_GroundTruth\ISIC_0000199_segmentation.png,256,256,0.304352,542,718,3,0.0,255.0,"[0, 255]",False,False,False,False
ISIC_0011315,test,F:\PythonProjects\cv_study_project\data\ISIC2018_Task1-2_Training_Input\ISIC2018_Task1-2_Training_Input\ISIC_0011315.jpg,F:\PythonProjects\cv_study_project\data\ISIC2018_Task1_Training_GroundTruth\ISIC2018_Task1_Training_GroundTruth\ISIC_0011315_segmentation.png,256,256,0.319824,768,1024,3,49.0,217.0,"[0, 255]",False,False,False,False
ISIC_0012710,test,F:\PythonProjects\cv_study_project\data\ISIC2018_Task1-2_Training_Input\ISIC2018_Task1-2_Training_Input\ISIC_0012710.jpg,F:\PythonProjects\cv_study_project\data\ISIC2018_Task1_Training_GroundTruth\ISIC2018_Task1_Training_GroundTruth\ISIC_0012710_segmentation.png,256,256,0.011841,2000,3008,3,0.0,240.0,"[0, 255]",False,False,False,False
ISIC_0000230,test,F:\PythonProjects\cv_study_project\data\ISIC2018_Task1-2_Training_Input\ISIC2018_Task1-2_Training_Input\ISIC_0000230.jpg,F:\PythonProjects\cv_study_project\data\ISIC2018_Task1_Training_GroundTruth\ISIC2018_Task1_Training_GroundTruth\ISIC_0000230_segmentation.png,256,256,0.632767,674,962,3,0.0,255.0,"[0, 255]",False,False,False,False
ISIC_0000330,test,F:\PythonProjects\cv_study_project\data\ISIC2018_Task1-2_Training_Input\ISIC2018_Task1-2_Training_Input\ISIC_0000330.jpg,F:\PythonProjects\cv_study_project\data\ISIC2018_Task1_Training_GroundTruth\ISIC2018_Task1_Training_GroundTruth\ISIC_0000330_segmentation.png,256,256,0.175888,576,767,3,0.0,255.0,"[0, 255]",False,False,False,False
ISIC_0000556,test,F:\PythonProjects\cv_study_project\data\ISIC2018_Task1-2_Training_Input\ISIC2018_Task1-2_Training_Input\ISIC_0000556.jpg,F:\PythonProjects\cv_study_project\data\ISIC2018_Task1_Training_GroundTruth\ISIC2018_Task1_Training_GroundTruth\ISIC_0000556_segmentation.png,256,256,0.510544,719,824,3,0.0,229.0,"[0, 255]",False,False,False,False
ISIC_0001372,test,F:\PythonProjects\cv_study_project\data\ISIC2018_Task1-2_Training_Input\ISIC2018_Task1-2_Training_Input\ISIC_0001372.jpg,F:\PythonProjects\cv_study_project\data\ISIC2018_Task1_Training_GroundTruth\ISIC2018_Task1_Training_GroundTruth\ISIC_0001372_segmentation.png,256,256,0.059708,2016,3024,3,0.0,255.0,"[0, 255]",False,False,False,False
ISIC_0005247,test,F:\PythonProjects\cv_study_project\data\ISIC2018_Task1-2_Training_Input\ISIC2018_Task1-2_Training_Input\ISIC_0005247.jpg,F:\PythonProjects\cv_study_project\data\ISIC2018_Task1_Training_GroundTruth\ISIC2018_Task1_Training_GroundTruth\ISIC_0005247_segmentation.png,256,256,0.095016,2016,3024,3,0.0,255.0,"[0, 255]",False,False,False,False
ISIC_0000055,test,F:\PythonProjects\cv_study_project\data\ISIC2018_Task1-2_Training_Input\ISIC2018_Task1-2_Training_Input\ISIC_0000055.jpg,F:\PythonProjects\cv_study_project\data\ISIC2018_Task1_Training_GroundTruth\ISIC2018_Task1_Training_GroundTruth\ISIC_0000055_segmentation.png,256,256,0.421783,1129,1504,3,0.0,207.0,"[0, 255]",False,False,False,False
ISIC_0000253,test,F:\PythonProjects\cv_study_project\data\ISIC2018_Task1-2_Training_Input\ISIC2018_Task1-2_Training_Input\ISIC_0000253.jpg,F:\PythonProjects\cv_study_project\data\ISIC2018_Task1_Training_GroundTruth\ISIC2018_Task1_Training_GroundTruth\ISIC_0000253_segmentation.png,256,256,0.098602,768,576,3,0.0,193.0,"[0, 255]",False,False,False,False
ISIC_0012469,test,F:\PythonProjects\cv_study_project\data\ISIC2018_Task1-2_Training_Input\ISIC2018_Task1-2_Training_Input\ISIC_0012469.jpg,F:\PythonProjects\cv_study_project\data\ISIC2018_Task1_Training_GroundTruth\ISIC2018_Task1_Training_GroundTruth\ISIC_0012469_segmentation.png,256,256,0.232101,2848,4288,3,10.0,183.0,"[0, 255]",False,False,False,False
